inning,is_top_inning,score_diff,is_runner_on_first,is_runner_on_second,is_runner_on_third,outs,home_win_prob,weighted_avg_li,freq
1,0,-10,0,0,0,0,0.019310127312437,0.10321987460011,1
1,0,-10,0,0,0,1,0.0167731428173763,0.0612941396328808,0
1,0,-10,0,0,0,2,0.0152719024821397,0.0309553755041026,0
1,0,-10,0,0,1,0,0.0272448134567707,0.207766009904629,0
1,0,-10,0,0,1,1,0.0220736756000596,0.149215374265898,0
1,0,-10,0,0,1,2,0.0171581288344967,0.0998697911901239,0
1,0,-10,0,1,0,0,0.0256776361720742,0.202765454152387,0
1,0,-10,0,1,0,1,0.0204581365882678,0.137662441997544,0
1,0,-10,0,1,0,2,0.0169717136830415,0.0938128428781568,0
1,0,-10,0,1,1,0,0.0369627025023673,0.338946209294609,0
1,0,-10,0,1,1,1,0.0279749772121384,0.262539266772774,0
1,0,-10,0,1,1,2,0.0199639350497296,0.207808371193971,0
1,0,-10,1,0,0,0,0.0241752545460218,0.207871515315816,1
1,0,-10,1,0,0,1,0.0195970125221241,0.13550262766711,0
1,0,-10,1,0,0,2,0.0164660911103742,0.0761612579630188,0
1,0,-10,1,0,1,0,0.0350093337271327,0.329904006491877,0
1,0,-10,1,0,1,1,0.0261567711859802,0.252463412483458,0
1,0,-10,1,0,1,2,0.0192463841091204,0.177807306068098,0
1,0,-10,1,1,0,0,0.0329266132961696,0.357752968955974,1
1,0,-10,1,1,0,1,0.0247459049091703,0.252563342579921,1
1,0,-10,1,1,0,2,0.0188954943712811,0.169068215322818,1
1,0,-10,1,1,1,0,0.0474441109909194,0.55438504160168,0
1,0,-10,1,1,1,1,0.0341405310128755,0.435797747578662,0
1,0,-10,1,1,1,2,0.0235640441646337,0.353011095804035,0
1,0,-9,0,0,0,0,0.027285514340556,0.163912116756854,2
1,0,-9,0,0,0,1,0.0232471874012682,0.100734253672558,2
1,0,-9,0,0,0,2,0.0207752595961078,0.0532478930633214,2
1,0,-9,0,0,1,0,0.04035701983808,0.313800896657286,0
1,0,-9,0,0,1,1,0.0323143723956526,0.240413408957593,0
1,0,-9,0,0,1,2,0.0240605332476884,0.171378199175291,0
1,0,-9,0,1,0,0,0.0375248268770341,0.309408097407852,0
1,0,-9,0,1,0,1,0.0293659227475328,0.220795590311782,0
1,0,-9,0,1,0,2,0.0237012240393703,0.159856740653162,0
1,0,-9,0,1,1,0,0.0548588332459022,0.495310273307291,0
1,0,-9,0,1,1,1,0.04133886264308,0.403548998456,0
1,0,-9,0,1,1,2,0.028438789105015,0.339077493726565,0
1,0,-9,1,0,0,0,0.034869211867804,0.321875378326476,0
1,0,-9,1,0,0,1,0.0277795289789434,0.217021504307669,0
1,0,-9,1,0,0,2,0.0227425633894019,0.127283330398202,0
1,0,-9,1,0,1,0,0.0517295198405855,0.485675964254264,0
1,0,-9,1,0,1,1,0.0383640680136398,0.389817472090125,0
1,0,-9,1,0,1,2,0.0272714568324849,0.29057616218999,0
1,0,-7,0,1,1,0,0.117965081828091,0.919067678129578,0
1,0,-7,0,1,1,1,0.0917572738278951,0.809018907072864,0
1,0,-7,0,1,1,2,0.0643921072065085,0.734961764794751,0
1,0,0,0,1,0,0,0.607015932167799,1.30216368257663,400
1,0,0,0,1,0,1,0.56643451000472,1.23228320569139,537
1,0,0,0,1,0,2,0.532549864882034,1.17702091081058,603
1,0,0,0,1,1,0,0.682280010590743,1.55008508469504,61
1,0,0,0,1,1,1,0.630420832985437,1.88590954424721,115
1,0,0,0,1,1,2,0.556018608915195,2.03235765535813,127
1,0,0,1,0,0,0,0.584141058090938,1.49639304696742,1773
1,0,0,1,0,0,1,0.550920957374269,1.20203335472367,1872
1,0,0,1,0,0,2,0.522417455854187,0.858254982999185,1717
1,0,0,1,0,1,0,0.666206705411341,1.54530651621315,137
1,0,0,1,0,1,1,0.612555571663098,1.92727616867374,235
1,0,0,1,0,1,2,0.549311052902908,1.75789027754646,282
1,0,0,1,1,0,0,0.637498764994734,1.96478203999886,449
1,0,0,1,1,0,1,0.586903291765406,1.86714172615297,642
1,0,0,1,1,0,2,0.543554254530936,1.6117892759511,648
1,0,0,1,1,1,0,0.708032163714264,2.07631305942862,99
1,0,0,1,1,1,1,0.646228004372608,2.51457073509935,166
1,0,0,1,1,1,2,0.574236775363211,2.88750364049829,200
1,0,1,0,0,0,0,0.64737314191544,0.761971362279707,312
1,0,1,0,0,0,1,0.62834241889512,0.557137766464868,404
1,0,1,0,0,0,2,0.614490588807017,0.361747455050999,481
1,0,1,0,0,1,0,0.722732183693635,1.03232123551001,13
1,0,1,0,0,1,1,0.689530225634319,1.35868457725217,57
1,0,1,0,0,1,2,0.638034067833051,1.15359753479097,87
1,0,1,0,1,0,0,0.699052522163267,1.10706272030371,82
1,0,1,0,1,0,1,0.663975488987671,1.06883484110319,164
1,0,1,0,1,0,2,0.634406388826398,1.04059017055174,227
1,0,1,0,1,1,0,0.762926322171835,1.29079987214496,32
1,0,1,0,1,1,1,0.71915497056757,1.63503372627453,59
1,0,1,0,1,1,2,0.654244277877601,1.76348165331461,82
1,0,1,1,0,0,0,0.678499940785051,1.28359972458042,136
1,0,1,1,0,0,1,0.649950550128613,1.04143473714937,277
1,0,1,1,0,0,2,0.625206369164484,0.752178556070647,426
1,0,1,1,0,1,0,0.749501598804463,1.28082153268412,31
1,0,1,1,0,1,1,0.703856824888574,1.67524305496073,104
1,0,1,1,0,1,2,0.648633215018237,1.53143694404366,139
1,0,3,0,1,1,0,0.881029501395317,0.763022949917713,3
1,0,3,0,1,1,1,0.854679433062548,1.02702094097837,9
1,0,3,0,1,1,2,0.813594690860934,1.10602568473421,13
1,0,3,1,0,0,0,0.828714687941764,0.792208157938129,17
1,0,3,1,0,0,1,0.811042982220237,0.652128743722723,46
1,0,3,1,0,0,2,0.795501889203843,0.478785391679767,90
1,0,10,0,1,1,0,0.987739512607719,3.47820625748753e-15,0
1,0,10,0,1,1,1,0.987739512607719,8.4634534199291e-16,0
1,0,10,0,1,1,2,0.987739512607719,2.84387951019352e-15,0
1,0,10,1,0,0,0,0.987739512607719,5.42236642115945e-15,0
1,0,10,1,0,0,1,0.987739512607719,8.0790029895175e-15,0
1,0,10,1,0,0,2,0.987739512607719,2.56202419229546e-15,0
1,0,10,1,0,1,0,0.987739512607719,2.011935398559e-15,0
1,0,10,1,0,1,1,0.987739512607719,1.24072148584548e-15,0
1,0,10,1,0,1,2,0.987739512607719,2.71725985047228e-15,0
1,0,10,1,1,0,0,0.987739512607719,1.26612217015122e-15,0
1,0,10,1,1,0,1,0.987739512607719,2.16956579558258e-15,0
1,0,10,1,1,0,2,0.987739512607719,3.28864640708522e-15,0
1,0,10,1,1,1,0,0.987739512607719,2.69241693636054e-16,0
1,0,10,1,1,1,1,0.987739512607719,1.64134793363496e-17,0
1,0,10,1,1,1,2,0.987739512607719,3.29154625479078e-15,0
1,1,-10,0,0,0,0,0.019310127312437,0,0
1,1,-10,0,0,0,1,0.019310127312437,3.41032526233001e-17,0
1,1,-10,0,0,0,2,0.019310127312437,3.28454837367248e-17,1
1,1,-10,0,0,1,0,0.019310127312437,4.45186056847847e-17,0
1,1,-10,0,0,1,1,0.019310127312437,4.56700756847599e-18,0
1,1,-10,0,0,1,2,0.019310127312437,6.68154028870362e-17,0
1,1,-10,0,1,0,0,0.019310127312437,3.69027388369664e-17,0
1,1,-10,0,1,0,1,0.019310127312437,7.30820708128349e-17,0
1,1,-10,0,1,0,2,0.019310127312437,4.13186821107863e-17,0
1,1,-10,0,1,1,0,0.019310127312437,6.72851341387236e-18,0
1,1,-10,0,1,1,1,0.019310127312437,4.86203373376326e-18,0
1,1,-10,0,1,1,2,0.019310127312437,2.32769079867856e-20,0
1,1,-10,1,0,0,0,0.019310127312437,5.50808078289411e-18,0
1,1,-10,1,0,0,1,0.019310127312437,1.1224074015168e-18,0
1,1,-10,1,0,0,2,0.019310127312437,1.95810339213885e-17,0
1,1,-10,1,0,1,0,0.019310127312437,4.16991032310036e-18,0
1,1,-10,1,0,1,1,0.019310127312437,1.07003929890222e-18,0
1,1,-10,1,0,1,2,0.019310127312437,2.16440816491875e-19,0
1,1,-8,0,1,1,0,0.0246670302183577,0.101147169190997,0
1,1,-8,0,1,1,1,0.0283916907228683,0.174112748122286,0
1,1,-8,0,1,1,2,0.0355183183104842,0.187358891758055,0
1,1,-8,1,0,0,0,0.0330913941306397,0.124653235329103,0
1,1,-8,1,0,0,1,0.0359040501744041,0.108900024046857,0
1,1,-8,1,0,0,2,0.0385288137725386,0.0855705842989818,1
1,1,-8,1,0,1,0,0.0257980248622108,0.0996728465835554,0
1,1,-8,1,0,1,1,0.0299566902774389,0.179336825894564,0
1,1,-8,1,0,1,2,0.0360333616258344,0.16492268155658,0
1,1,-1,1,0,0,0,0.368711797699608,1.35116558682283,108
1,1,-1,1,0,0,1,0.398730638500931,1.08903754121325,277
1,1,-1,1,0,0,2,0.424574701939672,0.780723814132294,384
1,1,-1,1,0,1,0,0.294347030553262,1.37828773520768,36
1,1,-1,1,0,1,1,0.342663957762426,1.74889589282294,104
1,1,-1,1,0,1,2,0.400155455225072,1.59593207584797,155
1,1,-1,1,1,0,0,0.320710638498928,1.76423951894164,70
1,1,-1,1,1,0,1,0.366305756741634,1.68596856981925,175
1,1,-1,1,1,0,2,0.405447673226576,1.46145611316981,240
1,1,-1,1,1,1,0,0.25745589408022,1.84798800528098,29
1,1,-1,1,1,1,1,0.312813200795566,2.26497762555687,75
1,1,-1,1,1,1,2,0.377860182530629,2.61239814154789,103
1,1,0,0,0,0,0,0.500011816002168,0.884567827376711,9702
1,1,0,0,0,0,1,0.522060505538566,0.635967977951648,6712
1,1,0,0,0,0,2,0.537840127113247,0.404258796725354,4944
1,1,0,0,0,1,0,0.414983736302697,1.24773366108148,48
1,1,0,0,0,1,1,0.453991223695539,1.53340004790798,167
1,1,0,0,0,1,2,0.511711495957324,1.28946405438834,260
1,1,0,0,1,0,0,0.440713044695312,1.32758507939729,463
1,1,0,0,1,0,1,0.48164406259241,1.23904063860189,683
1,1,0,0,1,0,2,0.515583267157609,1.16856441718357,699
1,1,0,0,1,1,0,0.363982318916651,1.60188989533202,74
1,1,0,0,1,1,1,0.417096714296179,1.89952579368255,137
1,1,0,0,1,1,2,0.491660826049096,2.04115254586164,131
1,1,0,1,0,0,0,0.463206857611154,1.51635676075625,2185
1,1,0,1,0,0,1,0.496834593641086,1.20935634810323,2481
1,1,0,1,0,0,2,0.525476956826881,0.856540377761255,2327
1,1,0,1,0,1,0,0.380436672537535,1.60182369473825,158
1,1,0,1,0,1,1,0.435136569329048,1.93713817267044,283
1,1,0,1,0,1,2,0.498504986006314,1.76224480024909,293
1,1,2,0,1,1,0,0.551550478789864,1.77675091421621,0
1,1,2,0,1,1,1,0.608198959185962,1.91684331017639,0
1,1,2,0,1,1,2,0.681050118681316,2.00986972954905,0
1,1,2,1,0,0,0,0.652078935822371,1.55083171627115,0
1,1,2,1,0,0,1,0.686330017053636,1.2004097458079,0
1,1,2,1,0,0,2,0.714618536112521,0.821189023252,0
1,1,2,1,0,1,0,0.568963395821407,1.79291968105963,0
1,1,2,1,0,1,1,0.626312013240179,1.92250544944682,0
1,1,2,1,0,1,2,0.688187943742699,1.72307029499534,0
1,1,2,1,1,0,0,0.59456791310925,2.16021212797097,0
1,1,2,1,1,0,1,0.648370336040091,1.93417576179711,0
1,1,2,1,1,0,2,0.693239255737001,1.59565113199203,0
1,1,2,1,1,1,0,0.515352416885392,2.49842049093039,0
1,1,2,1,1,1,1,0.585305930200091,2.70867723853699,0
1,1,2,1,1,1,2,0.660219033656477,2.93685265189665,0
1,1,9,1,1,0,0,0.958506994193341,0.468405996275105,0
1,1,9,1,1,0,1,0.969348342493131,0.342877743889024,0
1,1,9,1,1,0,2,0.977292524979816,0.238263492301451,0
1,1,9,1,1,1,0,0.939731570196057,0.699583666164126,0
1,1,9,1,1,1,1,0.956823104025534,0.572931774070578,0
1,1,9,1,1,1,2,0.971017699035491,0.486712225193377,0
1,1,10,0,0,0,0,0.983604570381878,0.0893947305417084,0
1,1,10,0,0,0,1,0.985801272489696,0.0529162306348704,0
1,1,10,0,0,0,2,0.987097339810186,0.0266379630262731,0
1,1,10,0,0,1,0,0.976745392197586,0.180628033474115,0
1,1,10,0,0,1,1,0.981233380094229,0.129026206316535,0
1,1,10,0,0,1,2,0.985475025437093,0.0859614066073145,0
1,1,10,0,1,0,0,0.978092809790753,0.17620464567883,0
1,1,10,0,1,0,1,0.982622048143568,0.119049984790442,0
1,1,10,0,1,0,2,0.985634721999262,0.0807652329367514,0
1,1,10,0,1,1,0,0.96829691826595,0.295786796960188,0
1,1,10,0,1,1,1,0.976120463300587,0.227743985765488,0
1,1,10,0,1,1,2,0.983051092328045,0.179281150561541,0
1,1,10,1,0,0,0,0.979385905694935,0.180438716464851,0
1,1,10,1,0,0,1,0.983361291949323,0.117191618447792,0
1,1,10,1,0,0,2,0.986068024933781,0.0656151701906478,0
1,1,10,1,0,1,0,0.969977951690661,0.287641358167546,0
1,1,10,1,0,1,1,0.977686130880605,0.21897286024153,0
1,1,10,1,0,1,2,0.98366794658659,0.153446769956437,0
2,0,-9,0,1,1,0,0.0460679343729081,0.458279205465076,0
2,0,-9,0,1,1,1,0.0337269452096747,0.363923484112489,0
2,0,-9,0,1,1,2,0.0222908053961743,0.297507499714368,0
2,0,-9,1,0,0,0,0.02814418838419,0.289957531144079,0
2,0,-9,1,0,0,1,0.0217541766942641,0.192365450881455,2
2,0,-9,1,0,0,2,0.0172964840807855,0.110749787220233,4
2,0,-9,1,0,1,0,0.0433326430414931,0.447453221098861,0
2,0,-9,1,0,1,1,0.0311367548325061,0.350910903251608,0
2,0,-9,1,0,1,2,0.0212823238640675,0.255249556899589,0
2,0,-9,1,1,0,0,0.0402176866045914,0.489854357691589,0
2,0,-9,1,1,0,1,0.0289253348038483,0.353219545213069,0
2,0,-9,1,1,0,2,0.0207426195377448,0.241770260071372,1
2,0,-9,1,1,1,0,0.0599788744758229,0.743353138099512,0
2,0,-9,1,1,1,1,0.0419464593619806,0.598109986057134,0
2,0,-9,1,1,1,2,0.0272258768829949,0.498363377654788,1
2,0,-8,0,0,0,0,0.0331180042213156,0.22218192559355,13
2,0,-8,0,0,0,1,0.0276399308576791,0.13777009481114,9
2,0,-8,0,0,0,2,0.0242577581686836,0.073632467135372,6
2,0,-2,1,1,1,0,0.529507033422746,2.71283730947339,2
2,0,-2,1,1,1,1,0.452741558591184,3.00547572032597,20
2,0,-2,1,1,1,2,0.369196857616523,3.30095281257592,27
2,0,-1,0,0,0,0,0.440065202828276,1.0092444819881,1630
2,0,-1,0,0,0,1,0.414924544249693,0.723026655620636,1104
2,0,-1,0,0,0,2,0.396996927614822,0.456889057493519,858
2,0,-1,0,0,1,0,0.53621818658889,1.43884604020217,3
2,0,-1,0,0,1,1,0.491616078718415,1.73491161786701,37
2,0,-1,0,0,1,2,0.426446593449448,1.45691852331527,62
2,0,-1,0,1,0,0,0.507478229841069,1.52645965130889,91
2,0,-1,0,1,0,1,0.460778681673951,1.41422433760201,114
2,0,-1,0,1,0,2,0.422152251817549,1.32268967881471,130
2,0,-1,0,1,1,0,0.595891363377564,1.85268613672015,22
2,0,-1,0,1,1,1,0.534719157815494,2.16767252122101,38
2,0,-1,0,1,1,2,0.449923857670619,2.33408724657806,36
2,0,-1,1,0,0,0,0.482289453906517,1.73660764108022,396
2,0,-1,1,0,0,1,0.443820527203692,1.38140038913381,438
2,0,-1,1,0,0,2,0.411136878753596,0.974694643542228,438
2,0,-1,1,0,1,0,0.576557744795926,1.85747594371011,28
2,0,-1,1,0,1,1,0.513821135148569,2.20600033445208,52
2,0,-1,1,0,1,2,0.441842849928052,2.00796518966284,65
2,0,1,0,1,1,0,0.777008518144775,1.31182761990876,16
2,0,1,0,1,1,1,0.732253750357296,1.69402201389252,56
2,0,1,0,1,1,2,0.664830635207167,1.82811609602787,72
2,0,1,1,0,0,0,0.689872132406886,1.32280487010924,318
2,0,1,1,0,0,1,0.660426512800547,1.07853906251203,444
2,0,1,1,0,0,2,0.634778074903873,0.78326496173674,491
2,0,1,1,0,1,0,0.76331245940489,1.29899901328074,40
2,0,1,1,0,1,1,0.716471471910279,1.73701728751079,89
2,0,1,1,0,1,2,0.659095575987407,1.58998916293144,120
2,0,1,1,1,0,0,0.73625727334512,1.69434488896106,76
2,0,1,1,1,0,1,0.691971710374418,1.65060479402011,156
2,0,1,1,1,0,2,0.653643453859767,1.45114686449516,218
2,0,1,1,1,1,0,0.796574957044108,1.71979562801581,29
2,0,1,1,1,1,1,0.743953712874042,2.20071444356961,64
2,0,1,1,1,1,2,0.680291514160685,2.57304684297091,83
2,0,2,0,0,0,0,0.750604865787703,0.622891969241027,603
2,0,2,0,0,0,1,0.735022753510565,0.461214364941645,517
2,0,2,0,0,0,2,0.723537415582437,0.30426922675075,435
2,0,2,0,0,1,0,0.813598916946567,0.820128039170414,6
2,0,2,0,0,1,1,0.786700415496128,1.1353094513168,34
2,0,2,0,0,1,2,0.743447216439054,0.970281455728878,53
2,0,9,0,0,0,0,0.987823174874985,0.0208941612590682,5
2,0,9,0,0,0,1,0.987290824422916,0.0171013044935564,6
2,0,9,0,0,0,2,0.986857711428383,0.0129228596031319,9
2,0,9,0,0,1,0,0.990481347846023,0.0240127319812708,0
2,0,9,0,0,1,1,0.989641601002527,0.0477697513795533,1
2,0,9,0,0,1,2,0.98775342620416,0.0416470791855748,0
2,0,9,0,1,0,0,0.98940768447741,0.0255831286959002,0
2,0,9,0,1,0,1,0.988449616962827,0.0291318283885553,2
2,0,9,0,1,0,2,0.987568983622237,0.0359692070642807,7
2,0,9,0,1,1,0,0.990550175585646,0.0212536578142232,0
2,0,9,0,1,1,1,0.989761075211151,0.0473781893500292,1
2,0,9,0,1,1,2,0.987788535519441,0.0450843001489172,1
2,1,-10,0,0,1,0,0.0145255206723009,3.14344788920614e-17,0
2,1,-10,0,0,1,1,0.0145255206723009,2.70046214484074e-17,0
2,1,-10,0,0,1,2,0.0145255206723009,6.92550056606764e-17,0
2,1,-10,0,1,0,0,0.0145255206723009,1.98991245966875e-17,0
2,1,-10,0,1,0,1,0.0145255206723009,9.47261758244659e-17,1
2,1,-10,0,1,0,2,0.0145255206723009,5.669469640505e-17,3
2,1,-10,0,1,1,0,0.0145255206723009,6.08746350404322e-17,0
2,1,-10,0,1,1,1,0.0145255206723009,9.4018845092651e-18,0
2,1,-10,0,1,1,2,0.0145255206723009,6.30280476012188e-17,0
2,1,-10,1,0,0,0,0.0145255206723009,2.43502254539153e-17,1
2,1,-10,1,0,0,1,0.0145255206723009,2.27497257595164e-17,0
2,1,-10,1,0,0,2,0.0145255206723009,5.05728108422875e-17,0
2,1,-10,1,0,1,0,0.0145255206723009,8.86105943658826e-18,0
2,1,-10,1,0,1,1,0.0145255206723009,7.14633388909694e-18,1
2,1,-10,1,0,1,2,0.0145255206723009,3.61224262666619e-17,1
2,1,-10,1,1,0,0,0.0145255206723009,3.14359361058051e-17,0
2,1,-10,1,1,0,1,0.0145255206723009,8.15624258368137e-17,0
2,1,-10,1,1,0,2,0.0145255206723009,1.11753781010655e-16,1
2,1,-10,1,1,1,0,0.0145255206723009,7.69140570519662e-18,0
2,1,-10,1,1,1,1,0.0145255206723009,1.02776591313158e-17,0
2,1,-10,1,1,1,2,0.0145255206723009,3.29307791893913e-17,2
2,1,-9,0,0,0,0,0.0194852030349515,0.0300046189492919,2
2,1,-9,0,0,0,1,0.020249673657331,0.0245579671039568,4
2,1,-9,0,0,0,2,0.0208716364249105,0.01855759957624,3
2,1,-9,0,0,1,0,0.0156679898858627,0.0344829765644137,0
2,1,-9,0,0,1,1,0.0168738906033189,0.0685987424751917,0
2,1,-9,0,0,1,2,0.0195853641404563,0.0598064083942049,2
2,1,-9,0,1,0,0,0.0172098014884243,0.036738111596513,0
2,1,-9,0,1,0,1,0.0185856141064255,0.0418341468344636,2
2,1,-9,0,1,0,2,0.0198502290144291,0.0516528200625231,1
2,1,-9,0,1,1,0,0.0155691512641575,0.0305208663840309,0
2,1,-9,0,1,1,1,0.016702322189561,0.0680364480932745,0
2,1,-9,0,1,1,2,0.0195349461498272,0.0647423569575767,0
2,1,-2,0,1,0,0,0.251502639494598,0.987526577554207,39
2,1,-2,0,1,0,1,0.283126350388098,0.965591142622052,82
2,1,-2,0,1,0,2,0.30994098182164,0.951209663224553,145
2,1,-2,0,1,1,0,0.194599787214178,1.13714177195328,10
2,1,-2,0,1,1,1,0.233463332544225,1.47770131134214,31
2,1,-2,0,1,1,2,0.292322566189393,1.5932625144248,36
2,1,0,0,0,1,0,0.409169566377968,1.31582413517884,19
2,1,0,0,0,1,1,0.45053024718276,1.63834264668526,88
2,1,0,0,0,1,2,0.51227759230047,1.38084286103738,160
2,1,0,0,1,0,0,0.436842790535523,1.4022405153743,239
2,1,0,0,1,0,1,0.480291838923926,1.31786273163863,355
2,1,0,0,1,0,2,0.516454199941932,1.25047432039652,432
2,1,0,0,1,1,0,0.355759187884335,1.68028522447451,43
2,1,0,0,1,1,1,0.411725677801057,2.01761725382622,90
2,1,0,0,1,1,2,0.491134355621285,2.17329737584873,86
2,1,0,1,0,0,0,0.461005050832564,1.60629689399509,1159
2,1,0,1,0,0,1,0.496642101236093,1.2860089395694,1396
2,1,0,1,0,0,2,0.527116190712179,0.914618467369168,1257
2,1,0,1,0,1,0,0.373170964394102,1.6777990890174,59
2,1,0,1,0,1,1,0.430918179146335,2.05974305084221,148
2,1,0,1,0,1,2,0.4983973798631,1.87716067915353,182
2,1,0,1,1,0,0,0.403517799016626,2.12058244853625,243
2,1,0,1,1,0,1,0.457944722830849,2.00425335798998,387
2,1,0,1,1,0,2,0.504475839109425,1.72304124974156,435
2,1,0,1,1,1,0,0.327265022193659,2.26046031611168,59
2,1,0,1,1,1,1,0.394146638565798,2.70637682803261,110
2,1,0,1,1,1,2,0.471408658490597,3.09393985219906,117
2,1,1,0,0,0,0,0.605535176405488,0.977758631413171,1320
2,1,1,0,0,0,1,0.629872030025175,0.694905200652951,930
2,1,1,0,0,0,2,0.647088036081331,0.434920191650186,740
2,1,1,0,0,1,0,0.513480560665386,1.42187337734176,3
2,1,1,0,0,1,1,0.556938096792162,1.6607115721323,25
2,1,1,0,0,1,2,0.619131249147019,1.38732441544268,45
2,1,1,0,1,0,0,0.540536287295682,1.50034230240155,65
2,1,1,0,1,0,1,0.585917784548246,1.36862480142613,93
2,1,1,0,1,0,2,0.623142303171892,1.2618199287417,109
2,1,1,0,1,1,0,0.45370637601905,1.84934713907692,8
2,1,1,0,1,1,1,0.514140046115967,2.10703048762884,27
2,1,1,0,1,1,2,0.595937726718319,2.25410841114256,25
2,1,1,1,0,0,0,0.564326844475353,1.69578770510821,307
2,1,1,1,0,0,1,0.601853742217094,1.33759161091825,336
2,1,1,1,0,0,2,0.633460658761907,0.934858863972293,362
2,1,8,0,1,1,0,0.93940936027448,0.575825387124742,0
2,1,8,0,1,1,1,0.955195045276207,0.472576144645088,0
2,1,8,0,1,1,2,0.970421700840621,0.400272509920275,0
2,1,10,0,0,1,0,0.98187124004879,0.158997321027962,0
2,1,10,0,0,1,1,0.985787792345164,0.110769192702275,0
2,1,10,0,0,1,2,0.989386195618379,0.0720416946243823,0
2,1,10,0,1,0,0,0.982990542625329,0.154722135966532,0
2,1,10,0,1,0,1,0.986939553872777,0.102246687734627,0
2,1,10,0,1,0,2,0.989516461663526,0.0677802605331996,0
2,1,10,0,1,1,0,0.974429329380179,0.264683613549016,0
2,1,10,0,1,1,1,0.981349554247169,0.198686738067947,0
2,1,10,0,1,1,2,0.987311399035213,0.15225111734662,1
2,1,10,1,0,0,0,0.984072053623549,0.157626230922082,1
2,1,10,1,0,0,1,0.987548546437394,0.100681931836932,0
2,1,10,1,0,0,2,0.989870035463335,0.0552966537679517,0
2,1,10,1,0,1,0,0.975842948931482,0.256375775707733,0
2,1,10,1,0,1,1,0.982666181580942,0.190886663911509,0
2,1,10,1,0,1,2,0.987824876995174,0.130523097159799,0
2,1,10,1,1,0,0,0.977367757625629,0.276676280397539,1
2,1,10,1,1,0,1,0.983661762985194,0.190369185771656,1
2,1,10,1,1,0,2,0.988074260456407,0.12430949663032,0
2,1,10,1,1,1,0,0.966021298783459,0.439918328701369,0
2,1,10,1,1,1,1,0.976485087026288,0.335067405092668,0
2,1,10,1,1,1,2,0.984553323238174,0.263046729467003,0
3,0,-10,0,0,0,0,0.0104004914568738,0.0754345678577667,21
3,0,-10,0,0,0,1,0.0085496328369725,0.0432690012259517,14
3,0,-10,0,0,0,2,0.00749003493446418,0.0210269996958312,13
3,0,-10,0,0,1,0,0.0160682951189861,0.158123789315402,0
3,0,-10,0,0,1,1,0.0122069086968298,0.107404792666382,1
3,0,-10,0,0,1,2,0.00876269361632032,0.0680394728409546,4
3,0,-10,0,1,0,0,0.0150212706617731,0.153495333954755,3
3,0,-10,0,1,0,1,0.0111310903449204,0.0991389473426926,4
3,0,-10,0,1,0,2,0.00864320547611425,0.0641077855971475,1
3,0,-10,0,1,1,0,0.0234740670310267,0.267578012064291,0
3,0,-10,0,1,1,1,0.016557389631277,0.195799804337045,0
3,0,-10,0,1,1,2,0.0107661660944134,0.145833912542851,0
3,0,-10,1,0,0,0,0.0140016919634211,0.155573928882985,3
3,0,-10,1,0,0,1,0.0105668017273227,0.0976542834212911,3
3,0,-10,1,0,0,2,0.00831909761083122,0.0525328618785095,4
3,0,-10,1,0,1,0,0.0221348239086124,0.258168200388955,0
3,0,-10,1,0,1,1,0.0153096893946039,0.187968227820323,2
3,0,-10,1,0,1,2,0.010285209194515,0.125247090428875,0
3,0,-1,0,1,0,0,0.506981706211985,1.64813772258435,74
3,0,-1,0,1,0,1,0.456344167588103,1.53785773348792,130
3,0,-1,0,1,0,2,0.414276160857939,1.44670943699059,176
3,0,-1,0,1,1,0,0.602590647710581,1.98550556856088,10
3,0,-1,0,1,1,1,0.536718121672776,2.35236896804182,31
3,0,-1,0,1,1,2,0.444457083238237,2.54385078467784,28
3,0,-1,1,0,0,0,0.479384122880243,1.88004404015209,358
3,0,-1,1,0,0,1,0.437729426278797,1.5021501355708,445
3,0,-1,1,0,0,2,0.402174687229129,1.06486416946255,451
3,0,-1,1,0,1,0,0.581476099961401,1.98809502364815,29
3,0,-1,1,0,1,1,0.513839843353059,2.39561690075453,47
3,0,-1,1,0,1,2,0.435573142885697,2.18644567971205,86
3,0,-1,1,1,0,0,0.546788547187781,2.49099477693631,88
3,0,-1,1,1,0,1,0.483095770600103,2.34544973933491,129
3,0,-1,1,1,0,2,0.428622824327939,2.01092635627145,178
3,0,-1,1,1,1,0,0.636153672522796,2.66927317557267,18
3,0,-1,1,1,1,1,0.557600773026519,3.17013564947584,29
3,0,-1,1,1,1,2,0.46750231382959,3.61362443451225,48
3,0,0,0,0,0,0,0.554867009202189,0.999333763017645,2943
3,0,0,0,0,0,1,0.529910477642658,0.730854630940707,2106
3,0,0,0,0,0,2,0.511741597153509,0.474320882146296,1613
3,0,0,0,0,1,0,0.653578000684486,1.3542696912936,14
3,0,0,0,0,1,1,0.610048206958698,1.78014829168293,73
3,0,0,0,0,1,2,0.542593614943016,1.51229217228608,142
3,0,0,0,1,0,0,0.622610179241878,1.45204082049086,152
3,0,0,0,1,0,1,0.576638927805162,1.40236959640533,261
3,0,0,0,1,0,2,0.537855442223109,1.36466228467985,296
3,0,0,0,1,1,0,0.706490674269961,1.69154442162604,30
3,0,0,0,1,1,1,0.649104190516663,2.14328245500184,62
3,0,0,0,1,1,2,0.564014913978223,2.31682497183654,53
3,0,0,1,0,0,0,0.59572248089829,1.68321849757174,654
3,0,0,1,0,0,1,0.558294889460612,1.36672339406868,776
3,0,0,1,0,0,2,0.525827590237538,0.98756972798525,713
3,0,0,1,0,1,0,0.688689935240696,1.67894120163018,42
3,0,0,1,0,1,1,0.628898152278464,2.19541249284663,98
3,0,0,1,0,1,2,0.556546800486067,2.00932951140418,122
3,0,0,1,1,0,0,0.655022052041039,2.17144199861961,136
3,0,0,1,1,0,1,0.598543746489009,2.1003277257783,225
3,0,0,1,1,0,2,0.549768904036323,1.83704232670375,272
3,0,2,1,0,0,0,0.792870676612142,1.02285430344017,175
3,0,2,1,0,0,1,0.770037104855959,0.845195999144195,276
3,0,2,1,0,0,2,0.74988061162483,0.623207356862885,307
3,0,9,0,1,1,0,0.993623501347574,0.0163467613080094,0
3,0,9,0,1,1,1,0.993016582972268,0.036439842933407,0
3,0,9,0,1,1,2,0.991499449507864,0.0346755508964599,1
3,0,9,1,0,0,0,0.992059502388789,0.0236277830885909,6
3,0,9,1,0,0,1,0.991514203595024,0.0212529050944138,7
3,0,9,1,0,0,2,0.990991935927665,0.017285458289755,6
3,0,9,1,0,1,0,0.993645718279119,0.0183467020243236,0
3,0,9,1,0,1,1,0.992872455877325,0.0386561613634363,1
3,0,9,1,0,1,2,0.991534766579159,0.0342903301428426,0
3,0,9,1,1,0,0,0.992802475281283,0.0256162296231958,1
3,0,9,1,1,0,1,0.9920475888559,0.0297304185581207,4
3,0,9,1,1,0,2,0.991364585248636,0.0296615994516099,2
3,0,9,1,1,1,0,0.993679052804181,0.0189255865980502,0
3,0,9,1,1,1,1,0.992987717391201,0.040647653604959,2
3,0,9,1,1,1,2,0.991756161861822,0.049923132549554,0
3,0,10,0,0,0,0,0.994182462550188,8.16603166769178e-15,8
3,0,10,0,0,0,1,0.994182462550188,3.61815598958238e-15,9
3,0,10,0,0,0,2,0.994182462550188,6.30614766943714e-15,12
3,0,10,0,0,1,0,0.994182462550188,1.23001650048108e-15,0
3,0,10,0,0,1,1,0.994182462550188,2.13913784587874e-15,2
3,0,10,0,0,1,2,0.994182462550188,5.90308806520195e-15,3
3,0,10,0,1,0,0,0.994182462550188,7.78543863465872e-17,2
3,0,10,0,1,0,1,0.994182462550188,9.26039226772902e-16,0
3,0,10,0,1,0,2,0.994182462550188,5.98795619829551e-15,1
3,0,10,0,1,1,0,0.994182462550188,1.04978199332854e-16,1
3,0,10,0,1,1,1,0.994182462550188,3.10232899445906e-16,1
3,0,10,0,1,1,2,0.994182462550188,7.49330221910603e-16,1
3,0,10,1,0,0,0,0.994182462550188,2.64707777501967e-15,1
3,0,10,1,0,0,1,0.994182462550188,6.47859251262188e-15,3
3,0,10,1,0,0,2,0.994182462550188,4.59319239646004e-15,8
3,0,10,1,0,1,0,0.994182462550188,7.54661103807318e-16,0
3,0,10,1,0,1,1,0.994182462550188,6.10402826181933e-16,0
3,0,10,1,0,1,2,0.994182462550188,3.15805703331631e-15,0
3,0,10,1,1,0,0,0.994182462550188,1.97962475912922e-15,1
3,0,10,1,1,0,1,0.994182462550188,5.48172555707031e-15,3
3,0,10,1,1,0,2,0.994182462550188,4.13159843123351e-15,5
3,1,-9,1,0,0,0,0.0136498303928245,0.0361639737551079,2
3,1,-9,1,0,0,1,0.0144844483166678,0.032529056965374,4
3,1,-9,1,0,0,2,0.0152838154915182,0.0264566022801189,5
3,1,-9,1,0,1,0,0.0112220160857123,0.0280809100038163,1
3,1,-9,1,0,1,1,0.0124055482478049,0.0591659572876135,0
3,1,-9,1,0,1,2,0.0144529752319613,0.0524837474040721,2
3,1,-2,1,0,0,0,0.255873236415282,1.16234122407897,196
3,1,-2,1,0,0,1,0.281781085259747,0.953639080735187,262
3,1,-2,1,0,0,2,0.304489570400873,0.697514509580061,322
3,1,-2,1,0,1,0,0.190944091361369,1.11691262246855,24
3,1,-2,1,0,1,1,0.23189178183889,1.54047244186171,49
3,1,-2,1,0,1,2,0.282906707128393,1.41095770784942,77
3,1,-2,1,1,0,0,0.215403804176119,1.47287489534738,59
3,1,-2,1,1,0,1,0.254164269045861,1.45043475202974,94
3,1,-2,1,1,0,2,0.287844261303343,1.2849875413301,129
3,1,-2,1,1,1,0,0.163125267995074,1.46931817976752,12
3,1,-2,1,1,1,1,0.208625983430588,1.92865089356366,29
3,1,-2,1,1,1,2,0.264614385263542,2.2690820030982,45
3,1,-1,0,0,0,0,0.385729584743258,0.870295253521365,1436
3,1,-1,0,0,0,1,0.407471200002658,0.63789600476238,1085
3,1,-1,0,0,0,2,0.423334808406906,0.415331730105334,899
3,1,-1,0,0,1,0,0.299350475786548,1.17302341581179,7
3,1,-1,0,0,1,1,0.337203677066874,1.55743523231756,46
3,1,-1,0,0,1,2,0.396283889733757,1.32434083019683,95
3,1,-1,0,1,0,0,0.326616400247096,1.25864125795722,78
3,1,-1,0,1,0,1,0.366641413564097,1.22118670140002,145
3,1,-1,0,1,0,2,0.400468959202606,1.19400239524687,207
3,1,-1,0,1,1,0,0.253989552970589,1.46002586674841,23
3,1,-1,0,1,1,1,0.303657609669367,1.86753273061843,40
3,1,-1,0,1,1,2,0.377894189454883,2.01618039697258,47
3,1,-1,1,0,0,0,0.35026176842487,1.46235929874286,341
3,1,-1,1,0,0,1,0.382797902773351,1.18968281281613,449
3,1,-1,1,0,0,2,0.411075542214119,0.861749700791618,498
3,1,-1,1,0,1,0,0.269259065105409,1.44738402105275,28
3,1,-1,1,0,1,1,0.321134252911139,1.91405778761756,80
3,1,-1,1,0,1,2,0.384289710215806,1.75152138199703,107
3,1,-1,1,1,0,0,0.298854133753724,1.88021078365426,92
3,1,-1,1,1,0,1,0.347878086123254,1.82473635408245,163
3,1,-1,1,1,0,2,0.390250044117522,1.59984840881004,205
3,1,1,1,0,0,0,0.569829996472533,1.82705217574571,361
3,1,1,1,0,0,1,0.610260599308136,1.44565562877363,409
3,1,1,1,0,0,2,0.644426552721238,1.01353844203547,419
3,1,1,1,0,1,0,0.471127686192969,1.98970116987079,23
3,1,1,1,0,1,1,0.537408223823975,2.30511402379844,53
3,1,1,1,0,1,2,0.612392595393517,2.09486649001863,64
3,1,1,1,1,0,0,0.503616150115841,2.45950783616725,77
3,1,1,1,1,0,1,0.565950822419574,2.27949157123116,126
3,1,1,1,1,0,2,0.618874309018457,1.93130958695628,166
3,1,1,1,1,1,0,0.414830207441755,2.69893619939898,17
3,1,1,1,1,1,1,0.493004354911498,3.11122235780535,38
3,1,1,1,1,1,2,0.580712732100382,3.49564929618717,50
3,1,8,1,1,0,0,0.956110534927184,0.570175855931515,1
3,1,8,1,1,0,1,0.969266838591639,0.411964805678549,1
3,1,8,1,1,0,2,0.978807725897369,0.282340792011234,1
3,1,8,1,1,1,0,0.933105584843561,0.863523650568976,0
3,1,8,1,1,1,1,0.954067925033428,0.696863888112046,0
3,1,8,1,1,1,2,0.971246317460086,0.581947928468881,0
3,1,9,0,0,0,0,0.986529855173671,0.107833950618659,21
3,1,9,0,0,0,1,0.989181356749104,0.0637963287109691,14
3,1,9,0,0,0,2,0.990745618746734,0.0323139996832814,12
3,1,9,0,0,1,0,0.978183827336529,0.217064761641869,0
3,1,9,0,0,1,1,0.983604153838355,0.155288534684571,0
3,1,9,0,0,1,2,0.988768305406197,0.104314379826039,0
3,1,9,0,1,0,0,0.979860248889796,0.21226167633005,1
3,1,9,0,1,0,1,0.985340691006499,0.143134824758536,1
3,1,9,0,1,0,2,0.988972079436991,0.0977136295799746,2
3,1,9,0,1,1,0,0.968098032510533,0.357615027087419,0
3,1,9,0,1,1,1,0.977546914455618,0.27307272798732,0
3,1,9,0,1,1,2,0.985926155083645,0.214191431241298,0
3,1,9,1,0,0,0,0.98145929951314,0.217667316922556,6
3,1,9,1,0,0,1,0.986262259778067,0.140815104452916,6
3,1,9,1,0,0,2,0.989516968484129,0.078774263781839,2
3,1,9,1,0,1,0,0.970048220064787,0.347029711029498,1
3,1,9,1,0,1,1,0.979388878035613,0.262841466441405,2
3,1,9,1,0,1,2,0.986634271634844,0.184119791107921,0
3,1,9,1,1,0,0,0.972271936365988,0.377121718549137,1
3,1,9,1,1,0,1,0.98090254519062,0.2633857469578,3
3,1,9,1,1,0,2,0.987007163682177,0.174805501228668,2
4,0,-10,1,0,0,0,0.00988584096679762,0.126372569100165,12
4,0,-10,1,0,0,1,0.00708968563274705,0.0771348387201744,14
4,0,-10,1,0,0,2,0.00531982224963843,0.0401356352926981,14
4,0,-10,1,0,1,0,0.0165105457612931,0.21615009750024,0
4,0,-10,1,0,1,1,0.0108463268690462,0.151832255770484,2
4,0,-10,1,0,1,2,0.00684872071119033,0.0971521424391559,4
4,0,-10,1,1,0,0,0.0153749141348494,0.231103971922848,2
4,0,-10,1,1,0,1,0.0101700583587833,0.150471102431847,3
4,0,-10,1,1,0,2,0.0066763485975506,0.0928457761673163,2
4,0,-10,1,1,1,0,0.0250556859020885,0.386801492443092,1
4,0,-10,1,1,1,1,0.0160048579610787,0.276285336670666,2
4,0,-10,1,1,1,2,0.00945485235220405,0.202416642586263,1
4,0,-9,0,0,0,0,0.0113196365042369,0.103989550257732,23
4,0,-9,0,0,0,1,0.00876509945966301,0.0602105175197818,14
4,0,-9,0,0,0,2,0.00728920804203164,0.0297507535561312,11
4,0,-3,1,1,1,0,0.417100434448064,3.12899682698026,8
4,0,-3,1,1,1,1,0.332602655125281,3.23487255806512,20
4,0,-3,1,1,1,2,0.245929616683082,3.36821911369313,19
4,0,-2,0,0,0,0,0.305618894635266,1.15795038162648,1087
4,0,-2,0,0,0,1,0.276859474146197,0.812172660056688,758
4,0,-2,0,0,0,2,0.256786265808311,0.497246463476062,560
4,0,-2,0,0,1,0,0.411280897064316,1.7530537298033,8
4,0,-2,0,0,1,1,0.359404657234838,1.91025328698778,20
4,0,-2,0,0,1,2,0.28844204906104,1.58531464617014,35
4,0,-2,0,1,0,0,0.381642560812562,1.82483089150916,55
4,0,-2,0,1,0,1,0.327861212672078,1.62294811826515,103
4,0,-2,0,1,0,2,0.284167992508312,1.45105977818729,109
4,0,-2,0,1,1,0,0.487833394003036,2.29701751272862,10
4,0,-2,0,1,1,1,0.41392493516384,2.52147966931456,27
4,0,-2,0,1,1,2,0.318141679768189,2.68560027399627,30
4,0,-2,1,0,0,0,0.355327787210031,2.03540836428493,245
4,0,-2,1,0,0,1,0.310451704017008,1.5898974508759,286
4,0,-2,1,0,0,2,0.273014979183377,1.0949361168464,281
4,0,-2,1,0,1,0,0.463447118409262,2.32739375055749,22
4,0,-2,1,0,1,1,0.38897062928416,2.52339075826515,36
4,0,-2,1,0,1,2,0.307932657809839,2.28461099554079,41
4,0,-2,1,1,0,0,0.430180590081433,2.79919560538134,52
4,0,-2,1,1,0,1,0.360336815896448,2.54136697629748,91
4,0,-2,1,1,0,2,0.301329541532625,2.11898125342429,114
4,0,0,1,0,0,0,0.603555878759937,1.80560026380986,495
4,0,0,1,0,0,1,0.563348072801993,1.477448858084,578
4,0,0,1,0,0,2,0.528197070962469,1.07695795810443,542
4,0,0,1,0,1,0,0.7039528896153,1.75490914719109,44
4,0,0,1,0,1,1,0.640227162786113,2.37971493390067,88
4,0,0,1,0,1,2,0.561543004819947,2.18128326360513,82
4,0,0,1,1,0,0,0.666608799972432,2.29895990281117,111
4,0,0,1,1,0,1,0.606332128207253,2.25302559461814,193
4,0,0,1,1,0,2,0.554007419247464,1.98937478620371,232
4,0,0,1,1,1,0,0.748186031904436,2.31065773628247,28
4,0,0,1,1,1,1,0.677057228912196,2.99682728111016,72
4,0,0,1,1,1,2,0.590243281169066,3.5178745831134,69
4,0,1,0,0,0,0,0.687655328774549,0.83776835166303,1313
4,0,1,0,0,0,1,0.666686846725876,0.623141941951432,960
4,0,1,0,0,0,2,0.651161023131968,0.413302911321255,793
4,0,1,0,0,1,0,0.773001192086025,1.09378357217409,10
4,0,1,0,0,1,1,0.736945082715437,1.53804853110437,51
4,0,1,0,0,1,2,0.678248262796064,1.31782338713127,60
4,0,8,0,0,0,0,0.990580760602759,0.0284358282286668,37
4,0,8,0,0,0,1,0.989863496883146,0.0223652644607725,30
4,0,8,0,0,0,2,0.989302277135511,0.0158600187308994,32
4,0,8,0,0,1,0,0.993772128103981,0.0344356923613595,0
4,0,8,0,0,1,1,0.992598136675972,0.0573529274350152,2
4,0,8,0,0,1,2,0.990362756441559,0.050480629564956,0
4,0,8,0,1,0,0,0.992617122298293,0.0359614351099399,3
4,0,8,0,1,0,1,0.991333631588378,0.0399451981041155,3
4,0,8,0,1,0,2,0.990175014975191,0.0446789378280824,5
4,0,8,0,1,1,0,0.994614605932072,0.0353576589757633,1
4,0,8,0,1,1,1,0.993311318180389,0.0620866206475334,1
4,0,8,0,1,1,2,0.990766352046364,0.0661560517491604,3
4,0,8,1,0,0,0,0.991639279885122,0.0440874369781242,9
4,0,8,1,0,0,1,0.990642569396548,0.0386101951540081,13
4,0,8,1,0,0,2,0.98971051045558,0.0304236100122914,15
4,0,8,1,0,1,0,0.994248632364236,0.0349616978088106,3
4,0,8,1,0,1,1,0.992779697613778,0.0641076146708068,3
4,0,8,1,0,1,2,0.990603324253227,0.0587744206792305,7
4,0,8,1,1,0,0,0.993036511368067,0.0500686416626817,1
4,0,8,1,1,0,1,0.99162562596237,0.0546397771628306,6
4,0,8,1,1,0,2,0.990354128239791,0.0524147688408739,10
4,0,10,1,0,0,0,0.996443772534246,3.69609862072069e-15,4
4,0,10,1,0,0,1,0.996443772534246,4.07260697230532e-15,4
4,0,10,1,0,0,2,0.996443772534246,4.45856365748025e-15,13
4,0,10,1,0,1,0,0.996443772534246,7.21301821222515e-16,0
4,0,10,1,0,1,1,0.996443772534246,2.22183833525525e-15,1
4,0,10,1,0,1,2,0.996443772534246,2.70538652568187e-15,3
4,0,10,1,1,0,0,0.996443772534246,1.3644258762984e-15,0
4,0,10,1,1,0,1,0.996443772534246,2.89069389431505e-15,2
4,0,10,1,1,0,2,0.996443772534245,2.94724578700014e-15,4
4,0,10,1,1,1,0,0.996443772534246,2.15755969984447e-15,0
4,0,10,1,1,1,1,0.996443772534246,1.07590357049771e-15,0
4,0,10,1,1,1,2,0.996443772534246,4.74601453005804e-15,2
4,1,-10,0,0,0,0,0.00698423840163701,8.35172078338618e-18,20
4,1,-10,0,0,0,1,0.00698423840163701,3.90304298090346e-17,22
4,1,-10,0,0,0,2,0.00698423840163701,3.3784546245321e-17,19
4,1,-10,0,0,1,0,0.00698423840163701,4.92690666572465e-18,0
4,1,-10,0,0,1,1,0.00698423840163701,5.17324751119404e-18,1
4,1,-10,0,0,1,2,0.00698423840163701,4.06209500290407e-18,2
4,1,-10,0,1,0,0,0.00698423840163701,2.73992172937333e-17,0
4,1,-10,0,1,0,1,0.00698423840163701,4.64570044983333e-17,1
4,1,-10,0,1,0,2,0.00698423840163701,2.58714180273078e-17,5
4,1,-10,0,1,1,0,0.00698423840163701,4.22624287811634e-18,1
4,1,-10,0,1,1,1,0.00698423840163701,1.0123134995373e-17,3
4,1,-10,0,1,1,2,0.00698423840163701,4.3300868082418e-17,3
4,1,-3,0,1,0,0,0.146285927545108,0.704554144270633,32
4,1,-3,0,1,0,1,0.169505381555472,0.712514655732332,80
4,1,-3,0,1,0,2,0.189504499814893,0.724941323573006,108
4,1,-3,0,1,1,0,0.105956716565819,0.781992033977839,12
4,1,-3,0,1,1,1,0.133259767427286,1.09258777493149,21
4,1,-3,0,1,1,2,0.177163220745702,1.17504558338535,23
4,1,-3,1,0,0,0,0.161145979339577,0.833722347180244,120
4,1,-3,1,0,0,1,0.179778747539139,0.692269110407007,169
4,1,-3,1,0,0,2,0.196306569747438,0.513247851758138,181
4,1,-3,1,0,1,0,0.113993425541471,0.767920809393034,14
4,1,-3,1,0,1,1,0.143074431870846,1.12526645638732,35
4,1,-3,1,0,1,2,0.180521375949106,1.03146604955526,52
4,1,-3,1,1,0,0,0.132519312625256,1.03461845483394,32
4,1,-3,1,1,0,1,0.160113809215156,1.04043204356263,62
4,1,-3,1,1,0,2,0.184272071680702,0.935434034348925,87
4,1,-1,1,0,0,0,0.337563279723775,1.51963462182761,316
4,1,-1,1,0,0,1,0.371410671701925,1.24377149646615,438
4,1,-1,1,0,0,2,0.401007708973433,0.907068272901894,449
4,1,-1,1,0,1,0,0.252973665424074,1.47432319212555,30
4,1,-1,1,0,1,1,0.306605031263403,2.00495918703902,78
4,1,-1,1,0,1,2,0.372919782710138,1.83697011816491,101
4,1,-1,1,1,0,0,0.284513160210149,1.93386295689621,85
4,1,-1,1,1,0,1,0.335249614578199,1.89614990351843,141
4,1,-1,1,1,0,2,0.379283727637404,1.67482849101722,168
4,1,-1,1,1,1,0,0.215848581431951,1.94248154166067,18
4,1,-1,1,1,1,1,0.27569381493832,2.5228594820978,37
4,1,-1,1,1,1,2,0.348807429363922,2.96161104406949,46
4,1,0,0,0,0,0,0.500001776119911,1.09180032158574,2460
4,1,0,0,0,0,1,0.527256263821855,0.796015018905207,1733
4,1,0,0,0,0,2,0.547036678229414,0.514489989999254,1304
4,1,0,0,0,1,0,0.392780028097256,1.4909991559213,12
4,1,0,0,0,1,1,0.440439889903432,1.93391335116166,54
4,1,0,0,0,1,2,0.513621462101478,1.6403246311814,92
4,1,0,0,1,0,0,0.426166964793039,1.59622874065795,126
4,1,0,0,1,0,1,0.476428003524626,1.53195965223443,205
4,1,0,0,1,0,2,0.518710989223602,1.4816686949257,253
4,1,0,0,1,1,0,0.333879906402685,1.87140096376359,27
4,1,0,0,1,1,1,0.397105208738655,2.34094745547374,44
4,1,0,0,1,1,2,0.489866921450303,2.53135342588996,56
4,1,0,1,0,0,0,0.455196797098859,1.84499359583238,564
4,1,0,1,0,0,1,0.49619465991961,1.49361679609163,692
4,1,0,1,0,0,2,0.531652867995992,1.07546644576096,657
4,1,7,0,1,1,0,0.933828448956327,0.71328477212823,1
4,1,7,0,1,1,1,0.953064985320045,0.570409574053323,0
4,1,7,0,1,1,2,0.971012184455316,0.466975620217583,0
4,1,7,1,0,0,0,0.961862410091334,0.453309062592842,13
4,1,7,1,0,0,1,0.971846278140874,0.301607570700346,11
4,1,7,1,0,0,2,0.978842010796131,0.173876716897807,17
4,1,7,1,0,1,0,0.93811023187846,0.696741584802884,0
4,1,7,1,0,1,1,0.957109728015316,0.550107463322576,3
4,1,7,1,0,1,2,0.972571360812294,0.401204099735222,7
4,1,7,1,1,0,0,0.94299083537933,0.763635372328291,3
4,1,7,1,1,0,1,0.960607640145469,0.553848989792135,5
4,1,7,1,1,0,2,0.973423716744542,0.379926777794423,2
4,1,9,1,0,0,0,0.986340318591582,0.181297517055862,4
4,1,9,1,0,0,1,0.990346856272057,0.114112161817449,5
4,1,9,1,0,0,2,0.992976702259062,0.0618036477318522,6
4,1,9,1,0,1,0,0.97682351641311,0.298747264279194,0
4,1,9,1,0,1,1,0.984769979676189,0.218262096763782,0
4,1,9,1,0,1,2,0.990673338123914,0.146708722956574,1
4,1,9,1,1,0,0,0.978581642613825,0.32238709838885,0
4,1,9,1,1,0,1,0.985908065977503,0.217691521092714,2
4,1,9,1,1,0,2,0.990956734836738,0.139628927005109,1
4,1,9,1,1,1,0,0.965234159852988,0.522275138083659,0
4,1,9,1,1,1,1,0.977599246037842,0.388519495252759,0
4,1,9,1,1,1,2,0.986946564209734,0.298247757282785,0
4,1,10,0,0,0,0,0.994182462550188,0.0509028939975119,23
4,1,10,0,0,0,1,0.995429200119558,0.0283473255620252,16
4,1,10,0,0,0,2,0.996123599248936,0.0133329769226832,13
4,1,10,0,0,1,0,0.990421082508185,0.110147323375224,0
4,1,10,0,0,1,1,0.993074264888238,0.0716233415816852,0
4,1,10,0,0,1,2,0.995320973901407,0.0432529578720115,0
4,1,10,0,1,0,0,0.991078661649792,0.10656768771519,0
4,1,10,0,1,0,1,0.993748852224644,0.0660076835303507,1
4,1,10,0,1,0,2,0.995393180224116,0.040839236057649,0
4,1,10,0,1,1,0,0.985263370334758,0.191855234203747,0
4,1,10,0,1,1,1,0.990130817350891,0.133927861413903,0
4,1,10,0,1,1,2,0.994001738473516,0.0948541773019086,1
4,1,10,1,0,0,0,0.991727204051651,0.107049085513782,6
4,1,10,1,0,0,1,0.994097119237474,0.0650668866190155,5
4,1,10,1,0,0,2,0.995589201699103,0.0337017716665216,3
4,1,10,1,0,1,0,0.986112107388271,0.183900006125028,1
4,1,10,1,0,1,1,0.990926817043251,0.128425846509814,2
4,1,10,1,0,1,2,0.994302866500767,0.0817229217773834,1
5,0,-4,1,0,0,0,0.152010498132917,1.47039103897005,120
5,0,-4,1,0,0,1,0.11976404108753,1.05988065771521,117
5,0,-4,1,0,0,2,0.09502346832629,0.66251061062437,121
5,0,-4,1,0,1,0,0.228827685449629,2.01346673911059,11
5,0,-4,1,0,1,1,0.171347748368658,1.80407285948746,18
5,0,-4,1,0,1,2,0.117861194569448,1.47243070464011,19
5,0,-4,1,1,0,0,0.210433275855158,2.26606775424198,31
5,0,-4,1,1,0,1,0.156850905182921,1.83656445605937,37
5,0,-4,1,1,0,2,0.11440919922074,1.3857091309308,34
5,0,-2,1,0,0,0,0.338533089016859,2.24221260962612,217
5,0,-2,1,0,0,1,0.289183907626502,1.75146377472374,284
5,0,-2,1,0,0,2,0.248003687315281,1.20365322491528,247
5,0,-2,1,0,1,0,0.456541130280889,2.58792184440374,23
5,0,-2,1,0,1,1,0.374645536239856,2.76997651050568,42
5,0,-2,1,0,1,2,0.286291481214153,2.51051065480148,44
5,0,-2,1,1,0,0,0.420998314317744,3.08571105154508,47
5,0,-2,1,1,0,1,0.34427801787752,2.7999718852635,81
5,0,-2,1,1,0,2,0.279227280737083,2.33426789025876,84
5,0,-2,1,1,1,0,0.531464311259762,3.48227811907555,12
5,0,-2,1,1,1,1,0.433336002336513,3.87502155023968,22
5,0,-2,1,1,1,2,0.326957200587843,4.24923489247726,31
5,0,-1,0,0,0,0,0.411907763149763,1.36735798930415,1386
5,0,-1,0,0,0,1,0.377805650194727,0.994800721983748,978
5,0,-1,0,0,0,2,0.353110084756658,0.638691601896422,773
5,0,-1,0,0,1,0,0.544404083324561,1.88749777024269,13
5,0,-1,0,0,1,1,0.484677914591955,2.39262499177947,44
5,0,-1,0,0,1,2,0.394377381760933,2.03311950789458,73
5,0,-1,0,1,0,0,0.503873633214842,2.01331774091919,89
5,0,-1,0,1,0,1,0.441117637653908,1.92162573307272,144
5,0,-1,0,1,0,2,0.388274140009831,1.84251374916285,162
5,0,-1,0,1,1,0,0.621250979891796,2.367796076074,18
5,0,-1,0,1,1,1,0.541437426047513,2.92322630889136,39
5,0,-1,0,1,1,2,0.425855615650247,3.20065205214749,34
5,0,-1,1,0,0,0,0.468498476422355,2.31708913647204,316
5,0,-1,1,0,0,1,0.417115163371795,1.87695670255175,362
5,0,-1,1,0,0,2,0.372627322393675,1.35080117167223,354
5,0,-1,1,0,1,0,0.594505981443919,2.36136590021954,24
5,0,-1,1,0,1,1,0.512194349803426,2.98220406983843,52
5,0,-1,1,0,1,2,0.414338943321693,2.74181604811762,59
5,0,-1,1,1,0,0,0.550145717244741,3.00361766639376,68
5,0,-1,1,1,0,1,0.47252228989693,2.88742367828414,131
5,0,-1,1,1,0,2,0.405384375215356,2.51669604886694,164
5,0,-1,1,1,1,0,0.656570372251966,3.10970184461009,13
5,0,-1,1,1,1,1,0.563048535960575,3.85419937686304,30
5,0,-1,1,1,1,2,0.452694298099631,4.47444924819384,55
5,0,6,1,1,0,0,0.986181651820287,0.135284858789453,14
5,0,6,1,1,0,1,0.982472900445248,0.142212474323957,23
5,0,6,1,1,0,2,0.979172396455683,0.13198867499716,35
5,0,8,1,0,0,0,0.994916111341025,0.0291857457219561,13
5,0,8,1,0,0,1,0.994255781590672,0.0255848207632032,22
5,0,8,1,0,0,2,0.993637773829196,0.0201824130715486,27
5,0,8,1,0,1,0,0.996651391006742,0.0230707031186624,1
5,0,8,1,0,1,1,0.995679465014228,0.0426190550272554,4
5,0,8,1,0,1,2,0.994231519445857,0.0390261428505786,5
5,0,8,1,1,0,0,0.995840902908486,0.0330827727225252,6
5,0,8,1,1,0,1,0.994906881753147,0.0361926117611606,10
5,0,8,1,1,0,2,0.994065025255692,0.0347660065416244,8
5,0,8,1,1,1,0,0.996971972456272,0.0267771316698977,1
5,0,8,1,1,1,1,0.996018915959759,0.0479240022036916,8
5,0,8,1,1,1,2,0.994598285128353,0.0590340031693273,6
5,0,9,0,0,0,0,0.996866252118603,0.00733208432762276,36
5,0,9,0,0,0,1,0.996679442111825,0.0060011122296075,25
5,0,9,0,0,0,2,0.996527456063669,0.00453483129518237,29
5,0,9,0,0,1,0,0.997799046124517,0.00842643902477278,0
5,0,9,0,0,1,1,0.997504365969902,0.0167631445494121,2
5,0,9,0,0,1,2,0.996841776231302,0.0146146041854312,5
5,0,9,0,1,0,0,0.997422281043567,0.00897751551914383,2
5,0,9,0,1,0,1,0.997086080335562,0.0102228091242501,4
5,0,9,0,1,0,2,0.99677705247678,0.012622151046077,6
5,0,9,0,1,1,0,0.997823198842816,0.00745823722867471,1
5,0,9,0,1,1,1,0.997546291317455,0.0166257393774912,0
5,0,9,0,1,1,2,0.996854096633022,0.0158207781803305,0
5,0,9,1,0,0,0,0.99710962169807,0.0107802156122552,12
5,0,9,1,0,0,1,0.996860828210003,0.00969667354933423,12
5,0,9,1,0,0,2,0.996622542711938,0.00788651929897491,15
5,0,9,1,0,1,0,0.997833335355048,0.00837071353052452,1
5,0,9,1,0,1,1,0.997480533088965,0.0176369383736722,4
5,0,9,1,0,1,2,0.996870210105959,0.015645020566223,8
5,0,9,1,1,0,0,0.997448604324798,0.0116874476744462,3
5,0,9,1,1,0,1,0.997104186128733,0.0135645532675409,6
5,0,9,1,1,0,2,0.996792564588843,0.013533154434921,6
5,0,9,1,1,1,0,0.997848544287946,0.00863483058695723,0
5,0,9,1,1,1,1,0.997533121347741,0.018545560044746,1
5,0,9,1,1,1,2,0.996971222074526,0.0227775128502534,1
5,0,10,0,0,0,0,0.998078225827805,2.97751832155432e-15,33
5,0,10,0,0,0,1,0.998078225827805,4.89841022819464e-15,35
5,0,10,0,0,0,2,0.998078225827805,4.2657572809596e-15,40
5,1,-3,1,0,0,0,0.140110303395849,0.776552216363387,174
5,1,-3,1,0,0,1,0.157490606186909,0.648654090889928,208
5,1,-3,1,0,0,2,0.172998256611388,0.484170745414175,233
5,1,-3,1,0,1,0,0.0958961553027935,0.70009397342338,15
5,1,-3,1,0,1,1,0.12285116698095,1.05811314132975,42
5,1,-3,1,0,1,2,0.158149363210695,0.969953204948151,56
5,1,-3,1,1,0,0,0.113635034715726,0.953575683852175,42
5,1,-3,1,1,0,1,0.139244989134137,0.969070711370283,78
5,1,-3,1,1,0,2,0.161745212166064,0.877713827488066,111
5,1,-3,1,1,1,0,0.0800797432855163,0.902132933643928,11
5,1,-3,1,1,1,1,0.109065063272159,1.28238983188248,38
5,1,-3,1,1,1,2,0.146600670716339,1.53203120227401,46
5,1,-2,0,0,0,0,0.244583567570715,0.694023457754949,960
5,1,-2,0,0,0,1,0.26196927736678,0.519321041205975,702
5,1,-2,0,0,0,2,0.274919361736109,0.347161891714506,553
5,1,-2,0,0,1,0,0.173050272258541,0.897049414784037,9
5,1,-2,0,0,1,1,0.202793304355906,1.28867070107247,37
5,1,-2,0,0,1,2,0.252100451019929,1.10708789846604,72
5,1,-2,0,1,0,0,0.196692435100595,0.963458218805583,70
5,1,-2,0,1,0,1,0.228448008241905,0.974715360293673,122
5,1,-2,0,1,0,2,0.255807807891447,0.991964549521868,135
5,1,-2,0,1,1,0,0.141526224691176,1.0687983272517,20
5,1,-2,0,1,1,1,0.178855595494366,1.49432555523632,31
5,1,-2,0,1,1,2,0.238909923172755,1.60801799075027,36
5,1,-2,1,0,0,0,0.217019812763142,1.1402099272915,233
5,1,-2,1,0,0,1,0.242501927560831,0.947063388099406,309
5,1,-2,1,0,0,2,0.265112578107884,0.702397166797687,293
5,1,-2,1,0,1,0,0.152549125386782,1.04953888417242,20
5,1,-2,1,0,1,1,0.192307923505083,1.53894954096028,56
5,1,-2,1,0,1,2,0.243523144408553,1.41104518909998,75
5,1,-2,1,1,0,0,0.177890813622637,1.41418764932264,48
5,1,-2,1,1,0,1,0.215616907668912,1.42274182124521,121
5,1,-2,1,1,0,2,0.248654732631973,1.27969516393069,143
5,1,-2,1,1,1,0,0.128015330730167,1.36101650205,12
5,1,-2,1,1,1,1,0.171223878672952,1.88417899278882,43
5,1,-2,1,1,1,2,0.226238586469442,2.24138964051289,58
5,1,-1,0,0,0,0,0.35910148547478,0.947890730103685,1354
5,1,-1,0,0,0,1,0.382820076795901,0.703794518189486,1014
5,1,-1,0,0,0,2,0.400350874392418,0.465685233741406,819
5,1,0,1,1,1,0,0.289575771526924,2.60080883993623,22
5,1,0,1,1,1,1,0.369242617000236,3.3386911854941,46
5,1,0,1,1,1,2,0.465813269380305,3.90960285633859,71
5,1,7,1,1,0,0,0.954323901618384,0.683142017298843,3
5,1,7,1,1,0,1,0.96993770026769,0.476845344275398,5
5,1,7,1,1,0,2,0.980969351617084,0.314425560379616,9
5,1,7,1,1,1,0,0.926352988309138,1.07119927637302,2
5,1,7,1,1,1,1,0.951922294732593,0.83353961369963,1
5,1,7,1,1,1,2,0.972135417863325,0.66425448623402,3
5,1,8,0,0,0,0,0.988905244015889,0.117124194508293,57
5,1,8,0,0,0,1,0.991782458378851,0.0671054870836473,45
5,1,8,0,0,0,2,0.99342728863425,0.0327620478817901,33
5,1,8,0,0,1,0,0.980047505531148,0.244795917908745,1
5,1,8,0,0,1,1,0.986047646618343,0.166438271344574,0
5,1,8,0,0,1,2,0.991435570772401,0.10606230567761,2
5,1,8,0,1,0,0,0.981717347764161,0.237990690969145,2
5,1,8,0,1,0,1,0.987771577246285,0.153493097565381,5
5,1,8,0,1,0,2,0.991631935696978,0.0996615386222697,10
5,1,8,0,1,1,0,0.968642442711413,0.416167406581052,0
5,1,8,0,1,1,1,0.979389779707904,0.30296953877227,2
5,1,8,0,1,1,2,0.988407272250663,0.224287370575015,1
5,1,8,1,0,0,0,0.983334784432632,0.241554658447595,10
5,1,8,1,0,0,1,0.988672907141594,0.151054277242735,18
5,1,8,1,0,0,2,0.992153909597542,0.0810842402847274,15
5,1,8,1,0,1,0,0.97064851294327,0.400826042524624,1
5,1,8,1,0,1,1,0.981278739001539,0.291074162546105,0
5,1,8,1,0,1,2,0.989111172570648,0.193524209637218,2
5,1,8,1,1,0,0,0.972955831250275,0.43202432524153,1
5,1,8,1,1,0,1,0.982763194826517,0.289953886893671,3
5,1,8,1,1,0,2,0.989481737216618,0.184283224605032,5
5,1,8,1,1,1,0,0.955012863057533,0.703689307039332,1
5,1,8,1,1,1,1,0.971619059521107,0.521378993407922,0
5,1,8,1,1,1,2,0.984128951484474,0.39624793442712,2
5,1,9,0,0,0,0,0.993840467157731,0.0679964284171419,40
5,1,9,0,0,0,1,0.995507185010673,0.0378647456207987,33
5,1,9,0,0,0,2,0.99643549070187,0.0179096425076645,25
5,1,10,1,1,1,0,0.984493123255089,0.268102928143728,0
5,1,10,1,1,1,1,0.990698482893904,0.180524481010873,0
5,1,10,1,1,1,2,0.994928282453942,0.124120454186678,0
6,0,-10,0,0,0,0,0.00234444634991943,0.0304641962360398,84
6,0,-10,0,0,0,1,0.00160248029236311,0.015608626684164,55
6,0,-10,0,0,0,2,0.00121923172423578,0.00667006433361096,39
6,0,-4,1,1,1,0,0.278290308266576,3.19515360432595,6
6,0,-4,1,1,1,1,0.198623859681495,2.92558282003049,12
6,0,-4,1,1,1,2,0.125416752906495,2.70264347520693,22
6,0,-3,0,0,0,0,0.156954910244941,1.0902367770831,761
6,0,-3,0,0,0,1,0.130034672340658,0.721593020999879,538
6,0,-3,0,0,0,2,0.112324001064799,0.407487475156398,419
6,0,-3,0,0,1,0,0.248153485378898,1.87964150348869,4
6,0,-3,0,0,1,1,0.197451191291076,1.67390450230907,20
6,0,-3,0,0,1,2,0.137694240867191,1.30701774588305,33
6,0,-3,0,1,0,0,0.226170988032393,1.88396142684069,39
6,0,-3,0,1,0,1,0.174467087687656,1.52137393492623,49
6,0,-3,0,1,0,2,0.134777422924681,1.21434835185126,63
6,0,-3,0,1,1,0,0.334641152706034,2.64044069135883,15
6,0,-3,0,1,1,1,0.256364638674493,2.54609536175823,14
6,0,-3,0,1,1,2,0.168770144097025,2.47012741073973,20
6,0,-3,1,0,0,0,0.2060114026541,2.01954627292415,178
6,0,-3,1,0,0,1,0.161809912587593,1.49420796656889,208
6,0,-3,1,0,0,2,0.12693672542798,0.954607543081999,215
6,0,-3,1,0,1,0,0.311000327555803,2.66115351833809,6
6,0,-3,1,0,1,1,0.234038089202572,2.49183591547309,28
6,0,-3,1,0,1,2,0.159635428158184,2.10770193073902,43
6,0,-3,1,1,0,0,0.285153850293127,3.01313619020358,43
6,0,-3,1,1,0,1,0.2134477373786,2.54072081985296,71
6,0,-3,1,1,0,2,0.154725501975509,1.98242124854839,63
6,0,-3,1,1,1,0,0.396311997299009,3.76397505861381,12
6,0,-3,1,1,1,1,0.297969965866423,3.76716086267745,24
6,0,-3,1,1,1,2,0.200334376196695,3.77943185070372,21
6,0,-2,0,0,0,0,0.254492975825333,1.41234082629781,977
6,0,-2,0,0,0,1,0.219499659394576,0.982607336112062,694
6,0,-2,0,0,0,2,0.1952783291031,0.589042340893472,544
6,0,-1,1,1,1,0,0.670228573547433,3.43688538443504,21
6,0,-1,1,1,1,1,0.565051104840865,4.40789501124413,41
6,0,-1,1,1,1,2,0.438204900335332,5.18256266188283,48
6,0,0,0,0,0,0,0.574867251706774,1.3213402796228,1385
6,0,0,0,0,0,1,0.541720953508419,0.99764191784362,997
6,0,0,0,0,0,2,0.5168092957755,0.67503087583329,776
6,0,0,0,0,1,0,0.71363943113757,1.68598537643639,9
6,0,0,0,0,1,1,0.657370062760483,2.49839016772761,21
6,0,0,0,0,1,2,0.561394359401058,2.15368618234957,65
6,0,7,0,0,0,0,0.993807603973193,0.0231424483432857,131
6,0,7,0,0,0,1,0.993224825185109,0.0179649569829218,97
6,0,7,0,0,0,2,0.992774573937193,0.0125666426875783,85
6,0,7,0,0,1,0,0.996363033084042,0.028508837657363,1
6,0,7,0,0,1,1,0.995397906730107,0.0459642936087225,4
6,0,7,0,0,1,2,0.993613837925733,0.0401051237485385,11
6,0,7,0,1,0,0,0.995452748029796,0.0299181471221801,12
6,0,7,0,1,0,1,0.994402261352511,0.0325349788599383,21
6,0,7,0,1,0,2,0.993466293668946,0.0355457231815746,31
6,0,7,0,1,1,0,0.997115871847979,0.0303616555076657,2
6,0,7,0,1,1,1,0.996010941852806,0.0503072801818396,9
6,0,7,0,1,1,2,0.993954105970405,0.0534114795986554,13
6,0,7,1,0,0,0,0.994680649679371,0.0364368229580769,38
6,0,7,1,0,0,1,0.993858691137004,0.0314386686878844,52
6,0,7,1,0,0,2,0.993101774200162,0.0243048794035195,60
6,0,7,1,0,1,0,0.996831459611599,0.0298624393523649,2
6,0,7,1,0,1,1,0.995601650964192,0.0522460442065376,10
6,0,7,1,0,1,2,0.993837604583375,0.0479401382737884,15
6,0,7,1,1,0,0,0.995874664011716,0.0423526009686222,13
6,0,7,1,1,0,1,0.994698048789479,0.04546426516209,25
6,0,7,1,1,0,2,0.993642586227056,0.0428853677460161,32
6,0,7,1,1,1,0,0.997323619879591,0.0358392027564782,2
6,0,7,1,1,1,1,0.996086771413144,0.0598889711810839,9
6,0,7,1,1,1,2,0.994314307573716,0.0731387176353914,14
6,0,8,0,0,0,0,0.996962779178683,0.0107325899587122,79
6,0,8,0,0,0,1,0.996691837527659,0.00846941867191915,66
6,0,8,0,0,0,2,0.996479143934061,0.00603940346085689,55
6,0,9,1,1,1,0,0.999015379043659,0.00467658557086822,2
6,0,9,1,1,1,1,0.99884454739201,0.0100441922554841,3
6,0,9,1,1,1,2,0.998540225262359,0.0123361989402139,7
6,0,10,0,0,0,0,0.999139773536914,3.98835341858979e-15,68
6,0,10,0,0,0,1,0.999139773536914,4.57119977197242e-15,74
6,0,10,0,0,0,2,0.999139773536914,6.77051046259395e-15,74
6,0,10,0,0,1,0,0.999139773536914,4.01145211809435e-15,1
6,0,10,0,0,1,1,0.999139773536914,3.89329985613278e-15,3
6,0,10,0,0,1,2,0.999139773536914,3.32536624222338e-15,4
6,0,10,0,1,0,0,0.999139773536914,4.17145724375541e-17,4
6,0,10,0,1,0,1,0.999139773536914,4.0256237140658e-15,10
6,0,10,0,1,0,2,0.999139773536914,3.43069593759807e-15,13
6,0,10,0,1,1,0,0.999139773536914,4.39194507412962e-17,0
6,0,10,0,1,1,1,0.999139773536914,1.89748188800072e-15,5
6,0,10,0,1,1,2,0.999139773536914,3.57198119202018e-15,7
6,1,-4,0,1,0,0,0.0598126435664967,0.349321804597704,24
6,1,-4,0,1,0,1,0.0716799297664708,0.365374014146951,57
6,1,-4,0,1,0,2,0.0820529642752378,0.38419788979756,75
6,1,-4,0,1,1,0,0.0400447388528214,0.372720179504841,5
6,1,-4,0,1,1,1,0.0533358098049091,0.562510646682902,16
6,1,-4,0,1,1,2,0.0761304683021078,0.600881727484298,30
6,1,-4,1,0,0,0,0.0679205505352414,0.419421756592594,107
6,1,-4,1,0,0,1,0.0773344296953856,0.354075317564219,124
6,1,-4,1,0,0,2,0.0858215200507577,0.26745366455691,143
6,1,-4,1,0,1,0,0.0437192231843609,0.364543524930308,11
6,1,-4,1,0,1,1,0.0581530130746281,0.581897348701432,31
6,1,-4,1,0,1,2,0.077651366355511,0.533090070478034,42
6,1,-4,1,1,0,0,0.0537988748981587,0.505994970013423,27
6,1,-4,1,1,0,1,0.0675465528035828,0.523495076131522,49
6,1,-4,1,1,0,2,0.0796982064295834,0.480378933427104,67
6,1,-4,1,1,1,0,0.0360944729123507,0.462185393688129,6
6,1,-4,1,1,1,1,0.0512992132158353,0.692118698733793,21
6,1,-4,1,1,1,2,0.0716454411125097,0.833129609499161,29
6,1,-3,0,0,0,0,0.132673750637424,0.427113608507048,701
6,1,-3,0,0,0,1,0.143392896019475,0.323617453145301,507
6,1,-3,0,0,0,2,0.151477179707973,0.219870771893663,443
6,1,-2,1,1,1,0,0.106890819658745,1.25067039694256,11
6,1,-2,1,1,1,1,0.147231856427765,1.79278191787622,33
6,1,-2,1,1,1,2,0.199742362856933,2.14495738986369,53
6,1,-1,0,0,0,0,0.337340706783989,0.975415176977878,1269
6,1,-1,0,0,0,1,0.361776152605962,0.730342834145674,920
6,1,-1,0,0,0,2,0.379988868656817,0.488465324295821,720
6,1,-1,0,0,1,0,0.236763383317927,1.2596799646882,7
6,1,-1,0,0,1,1,0.278543266171763,1.81201257728939,37
6,1,-1,0,0,1,2,0.347883480548356,1.55752998028885,60
6,1,-1,0,1,0,0,0.270020365712568,1.35265522279243,67
6,1,-1,0,1,0,1,0.314630842791467,1.3701561571674,115
6,1,-1,0,1,0,2,0.35309846391525,1.39558818099471,146
6,1,-1,0,1,1,0,0.19253395204425,1.49817424047458,22
6,1,-1,0,1,1,1,0.244909184486639,2.09980777110951,46
6,1,-1,0,1,1,2,0.329323916431682,2.26180954612458,44
6,1,-1,1,0,0,0,0.298612617893488,1.60145269141497,303
6,1,-1,1,0,0,1,0.334403052755545,1.3313491797015,390
6,1,-1,1,0,0,2,0.366189415550865,0.988257402533795,400
6,1,6,0,1,1,0,0.930459329618384,0.894991915657015,0
6,1,6,0,1,1,1,0.953833688146234,0.679254318546042,4
6,1,6,0,1,1,2,0.974187460937373,0.516095898850283,4
6,1,6,1,0,0,0,0.963134518828672,0.534557050821758,58
6,1,6,1,0,0,1,0.974906570881691,0.342042216814334,72
6,1,6,1,0,0,2,0.982817352732837,0.187123516298874,62
6,1,6,1,0,1,0,0.935179921206177,0.866405196845284,3
6,1,6,1,0,1,1,0.958197146116782,0.65245887821629,0
6,1,6,1,0,1,2,0.975819294325408,0.444936356135979,9
6,1,6,1,1,0,0,0.940328525230528,0.936983668190925,10
6,1,6,1,1,0,1,0.961658752254055,0.650517784787337,27
6,1,6,1,1,0,2,0.976683577507372,0.423549463781455,25
6,1,6,1,1,1,0,0.901813725306429,1.476224608236,3
6,1,6,1,1,1,1,0.936836192143672,1.14949979798118,9
6,1,6,1,1,1,2,0.964508728237765,0.905411933490494,12
6,1,7,0,0,0,0,0.98686995541929,0.154617692348089,144
6,1,7,0,0,0,1,0.990669438403806,0.0872164537913257,110
6,1,7,0,0,0,2,0.992805804174457,0.0416621992376917,89
6,1,8,1,1,1,0,0.965923098249229,0.596537797492282,1
6,1,8,1,1,1,1,0.97977675036032,0.414552844855567,3
6,1,8,1,1,1,2,0.989558950417237,0.292116261780539,1
6,1,9,0,0,0,0,0.99641240623338,0.0480438736597758,50
6,1,9,0,0,0,1,0.99758651526776,0.0254413701944344,32
6,1,9,0,0,0,2,0.998210823708954,0.0113618677750951,29
6,1,9,0,0,1,0,0.992935677555539,0.108923906580549,1
6,1,9,0,0,1,1,0.995514297129397,0.0660709035540344,1
6,1,9,0,0,1,2,0.99753107146995,0.0370251360347799,2
6,1,9,0,1,0,0,0.993497948196739,0.105033815451634,4
6,1,9,0,1,0,1,0.996093264079522,0.0607230048046856,8
6,1,9,0,1,0,2,0.997590597266951,0.0349906340269026,7
6,1,9,0,1,1,0,0.987856649583878,0.198502417386236,0
6,1,9,0,1,1,1,0.992761018118093,0.128407471380582,0
6,1,9,0,1,1,2,0.996362089867296,0.0834063222381101,1
6,1,9,1,0,0,0,0.994063219011971,0.104205368266705,14
6,1,9,1,0,0,1,0.996381618950322,0.0599480680406305,15
6,1,9,1,0,0,2,0.997748098481181,0.0290506658743789,14
6,1,9,1,0,1,0,0.988551346821503,0.188305066957972,0
6,1,9,1,0,1,1,0.993431821992174,0.123004653078414,1
6,1,9,1,0,1,2,0.996602964385046,0.0724133272123883,2
7,0,-5,1,0,0,0,0.0561733250234996,0.882622504733455,82
7,0,-5,1,0,0,1,0.0368016382740994,0.562898140821393,113
7,0,-5,1,0,0,2,0.0237716361222963,0.302356511483294,121
7,0,-5,1,0,1,0,0.102172045824552,1.44568262675661,7
7,0,-5,1,0,1,1,0.0643063861382411,1.09422534949312,9
7,0,-5,1,0,1,2,0.0353252839248137,0.731498652604711,25
7,0,-5,1,1,0,0,0.0941327004870558,1.55474550540502,22
7,0,-5,1,1,0,1,0.0589613951859508,1.08534935732977,43
7,0,-5,1,1,0,2,0.0339809501865784,0.698589068249843,58
7,0,-5,1,1,1,0,0.158328601982883,2.43710962703528,1
7,0,-5,1,1,1,1,0.100961677131879,1.93834474468056,7
7,0,-5,1,1,1,2,0.0548146235813098,1.52387217978818,20
7,0,-4,0,0,0,0,0.0672858962190105,0.717958464043315,578
7,0,-4,0,0,0,1,0.049632815156505,0.436504843927967,402
7,0,-4,0,0,0,2,0.0389915320174736,0.221128882966744,307
7,0,-3,1,1,1,0,0.380717744454775,4.21368042495685,10
7,0,-3,1,1,1,1,0.274022842626814,4.09058221551007,24
7,0,-3,1,1,1,2,0.171093425517297,3.96227329869567,33
7,0,-2,0,0,0,0,0.215530897524838,1.5823927359141,908
7,0,-2,0,0,0,1,0.176432191647795,1.08891081140672,658
7,0,-2,0,0,0,2,0.149672304223338,0.635912312537134,489
7,0,-2,0,0,1,0,0.3491152572583,2.5950239069846,2
7,0,-2,0,0,1,1,0.277633162247996,2.46090466685047,19
7,0,-2,0,0,1,2,0.18896222335298,2.01748727312562,33
7,0,-2,0,1,0,0,0.316352537185047,2.60988038016324,42
7,0,-2,0,1,0,1,0.243573490163468,2.23590832577177,81
7,0,-2,0,1,0,2,0.184705182522677,1.88168990883484,86
7,0,-2,0,1,1,0,0.472001830179166,3.35294150781453,6
7,0,-2,0,1,1,1,0.365983676233961,3.57282096575358,15
7,0,-2,0,1,1,2,0.238727288212127,3.80398576865101,18
7,0,-2,1,0,0,0,0.286368317643257,2.83887046057611,222
7,0,-2,1,0,0,1,0.224386163689856,2.2066923592244,284
7,0,-2,1,0,0,2,0.172876358148884,1.49615348626987,257
7,0,-2,1,0,1,0,0.429290760162321,3.45072657444658,18
7,0,-2,1,0,1,1,0.325945809769248,3.48251178239774,40
7,0,-2,1,0,1,2,0.219955268208539,3.12128621540027,53
7,0,-2,1,1,0,0,0.391175197448917,3.94654479778447,51
7,0,-2,1,1,0,1,0.294871202776517,3.54202124114438,91
7,0,-2,1,1,0,2,0.212342581386413,2.93436143329951,95
7,0,-2,1,1,1,0,0.528330217884943,4.49319811256961,11
7,0,-2,1,1,1,1,0.404097343691537,4.94806281621125,29
7,0,-2,1,1,1,2,0.273313382036174,5.30719139066415,33
7,0,5,1,1,0,0,0.991523246586222,0.0956931299271861,23
7,0,5,1,1,0,1,0.988872701576203,0.101871158968268,41
7,0,5,1,1,0,2,0.986509689424998,0.0954343979059009,59
7,0,5,1,1,1,0,0.994844248873991,0.0825210630562658,5
7,0,5,1,1,1,1,0.992024064737433,0.134889216489682,13
7,0,5,1,1,1,2,0.988034057526851,0.163940325438079,30
7,0,6,0,0,0,0,0.99390615196176,0.0243824904812901,241
7,0,6,0,0,0,1,0.993291933648087,0.0189215650115018,183
7,0,6,0,0,0,2,0.99281758922599,0.0132567151050191,149
7,0,7,1,1,1,0,0.998910613842396,0.0166284115892391,8
7,0,7,1,1,1,1,0.998330318049571,0.0285480415403154,9
7,0,7,1,1,1,2,0.9974838064022,0.0349044139231844,15
7,0,8,0,0,0,0,0.998785558765365,0.00468432079722918,115
7,0,8,0,0,0,1,0.998667222195728,0.00370684137107547,87
7,0,8,0,0,0,2,0.998574070570275,0.00265552065707408,73
7,0,8,0,0,1,0,0.999321857342086,0.00562787607655232,1
7,0,8,0,0,1,1,0.99912923471099,0.00962897750981004,3
7,0,8,0,0,1,2,0.998752699682432,0.00846743969994567,8
7,0,8,0,1,0,0,0.999123993593404,0.00587812890334812,10
7,0,8,0,1,0,1,0.998912054468583,0.00657262730769108,15
7,0,8,0,1,0,2,0.998720202711855,0.00746482639498396,22
7,0,8,0,1,1,0,0.999442064639563,0.00566141242720903,0
7,0,8,0,1,1,1,0.999233060221928,0.0102870735647116,2
7,0,8,0,1,1,2,0.998810358076112,0.0107790394930406,4
7,0,8,1,0,0,0,0.998957087219438,0.00720434107045693,28
7,0,8,1,0,0,1,0.998793685490933,0.00633536430929199,39
7,0,8,1,0,0,2,0.998640341122801,0.005015804734518,43
7,0,8,1,0,1,0,0.99939183115678,0.00564647767473424,2
7,0,8,1,0,1,1,0.99915234653158,0.0106665132890884,3
7,0,8,1,0,1,2,0.99878909678971,0.00972848695398108,12
7,0,8,1,1,0,0,0.999185209149,0.00812057637383051,7
7,0,8,1,1,0,1,0.998954653723027,0.00895054867967985,21
7,0,8,1,1,0,2,0.998746757560752,0.00863618651720451,26
7,0,8,1,1,1,0,0.999463094980981,0.00648416516386142,2
7,0,8,1,1,1,1,0.999230592171133,0.0118956560990998,3
7,0,8,1,1,1,2,0.998877014713241,0.0146491290621636,5
7,0,9,0,0,0,0,0.999457523545081,0.00160331579312705,78
7,0,9,0,0,0,1,0.999416673573804,0.00131227050646477,65
7,0,9,0,0,0,2,0.999383438599893,0.000991637072059455,52
7,1,-6,1,1,1,0,0.00637094973789356,0.0916911282554875,3
7,1,-6,1,1,1,1,0.00947920311285751,0.147315715208478,14
7,1,-6,1,1,1,2,0.0138303945296372,0.179073368670954,15
7,1,-5,0,0,0,0,0.0294632197149031,0.107780868606422,328
7,1,-5,0,0,0,1,0.0321738091216694,0.0827838247344228,258
7,1,-5,0,0,0,2,0.034245931109722,0.0572382540690934,224
7,1,-4,1,1,1,0,0.0242096427870024,0.340207524831978,10
7,1,-4,1,1,1,1,0.0355690110129034,0.526944288558264,30
7,1,-4,1,1,1,2,0.0511007646036682,0.636899317349364,33
7,1,-3,0,0,0,0,0.102419705067117,0.356195155421732,652
7,1,-3,0,0,0,1,0.111369597287711,0.271956021997,485
7,1,-3,0,0,0,2,0.118171004650956,0.186620855925321,394
7,1,-3,0,0,1,0,0.0642097670450844,0.448194074690663,4
7,1,-3,0,0,1,1,0.0792553898942815,0.687502013125823,17
7,1,-3,0,0,1,2,0.105784308252714,0.595482865204246,47
7,1,-3,0,1,0,0,0.0774162978195815,0.474739063833515,33
7,1,-3,0,1,0,1,0.0936575307428754,0.500247279161927,78
7,1,-3,0,1,0,2,0.107898195697158,0.530036756255041,110
7,1,-3,0,1,1,0,0.0506440466771954,0.502202553648912,12
7,1,-3,0,1,1,1,0.0686240059695217,0.77110066133286,17
7,1,-3,0,1,1,2,0.0999298632822661,0.821886160904289,16
7,1,-3,1,0,0,0,0.0886788721888012,0.57180380673706,154
7,1,-3,1,0,0,1,0.101527098621673,0.484465781788305,195
7,1,-3,1,0,0,2,0.113150723101937,0.367481670465133,188
7,1,-3,1,0,1,0,0.055518222326054,0.491114776070326,21
7,1,-3,1,0,1,1,0.0751407438322989,0.798483578343091,42
7,1,-3,1,0,1,2,0.101940055101491,0.731157186269566,53
7,1,-3,1,1,0,0,0.0695122200813803,0.685605674207732,35
7,1,-3,1,1,0,1,0.0882190721981643,0.713648410901978,77
7,1,-3,1,1,0,2,0.104783168127693,0.657837838729013,88
7,1,-3,1,1,1,0,0.0455629433435155,0.618995337450422,11
7,1,-3,1,1,1,1,0.0660897697113207,0.943653341212998,30
7,1,-3,1,1,1,2,0.0938711121276826,1.13838166446225,38
7,1,-2,0,0,0,0,0.18089455919814,0.607049974323537,891
7,1,-2,0,0,0,1,0.196137655027977,0.46163246090309,668
7,1,-2,0,0,0,2,0.207675622552871,0.315095339816996,533
7,1,-2,0,0,1,0,0.116322704419213,0.767649127871038,3
7,1,-2,0,0,1,1,0.142037798433119,1.16213685782233,22
7,1,-2,0,0,1,2,0.186805723007527,1.00522165859916,46
7,1,5,0,0,0,0,0.970541739818661,0.361613792106254,362
7,1,5,0,0,0,1,0.979432680461478,0.207578548518965,248
7,1,5,0,0,0,2,0.984498754880709,0.0992566920043545,179
7,1,6,1,1,1,0,0.921978187923051,1.35119965078938,6
7,1,6,1,1,1,1,0.953285062884788,0.976833036609524,7
7,1,6,1,1,1,2,0.976252834155284,0.698168455754192,7
7,1,7,0,0,0,0,0.992460245397456,0.111325490455232,203
7,1,7,0,0,0,1,0.995191481698865,0.0586573492379562,136
7,1,7,0,0,0,2,0.996630082234689,0.0258644397576641,93
7,1,7,0,0,1,0,0.984492083947644,0.25336658485418,1
7,1,7,0,0,1,1,0.990462936734124,0.153657596061464,0
7,1,7,0,0,1,2,0.995085609314234,0.0843632891912154,7
7,1,7,0,1,0,0,0.985755548218911,0.243308457797972,10
7,1,7,0,1,0,1,0.991752427365025,0.140834986713089,19
7,1,7,0,1,0,2,0.995219917889539,0.0799201354296712,17
7,1,7,0,1,1,0,0.972626926304695,0.460345058125267,1
7,1,7,0,1,1,1,0.984005018078293,0.301062286782462,1
7,1,7,0,1,1,2,0.992384283182144,0.192530786515984,4
7,1,7,1,0,0,0,0.987027777923667,0.241519998558005,50
7,1,7,1,0,0,1,0.992392511734079,0.138669186609101,72
7,1,7,1,0,0,2,0.99556358108325,0.0666115988187377,58
7,1,7,1,0,1,0,0.974282394829837,0.436607754741319,1
7,1,7,1,0,1,1,0.985556586321166,0.287786935567493,5
7,1,7,1,0,1,2,0.992903659639652,0.167678693363575,5
7,1,7,1,1,0,0,0.976250593028595,0.463581739279112,7
7,1,7,1,1,0,1,0.986617967633033,0.283164941978461,22
7,1,7,1,1,0,2,0.99318119789905,0.160812389713002,24
7,1,7,1,1,1,0,0.956346240862208,0.81708713731712,0
7,1,7,1,1,1,1,0.975116071006638,0.551319056252101,4
7,1,7,1,1,1,2,0.987974012392898,0.36789160592112,3
7,1,8,0,0,0,0,0.99632777321726,0.0584283535975681,109
7,1,8,0,0,0,1,0.997755069332442,0.0296487275765173,78
7,1,8,0,0,0,2,0.998483984170438,0.0125879797092189,64
7,1,8,0,0,1,0,0.992195684596479,0.137400560795644,0
7,1,8,0,0,1,1,0.995396990173821,0.0790380490499072,2
7,1,8,0,0,1,2,0.997737643220814,0.0411943102163054,3
7,1,8,0,1,0,0,0.992808484390554,0.131961944713294,3
7,1,8,0,1,0,1,0.996031521129481,0.0724215333449541,3
7,1,8,0,1,0,2,0.997800014657393,0.039029784554989,4
7,1,8,0,1,1,0,0.985783271513445,0.257673257900006,0
7,1,8,0,1,1,1,0.992043901278675,0.15858848345301,5
7,1,8,0,1,1,2,0.996377434769653,0.0958203421834755,4
8,0,-5,1,1,1,0,0.127845383567372,2.36263943240735,4
8,0,-5,1,1,1,1,0.0741451323278699,1.71435301899814,9
8,0,-5,1,1,1,2,0.0347686758220609,1.1658217104004,15
8,0,-4,0,0,0,0,0.0411909508663984,0.62094574771986,579
8,0,-4,0,0,0,1,0.0259769467808042,0.349342926457193,423
8,0,-4,0,0,0,2,0.0175231571477563,0.156864600052171,328
8,0,-4,0,0,1,0,0.0856674704070831,1.34382811652781,5
8,0,-4,0,0,1,1,0.0537588140506972,0.907291216765622,8
8,0,-4,0,0,1,2,0.0268536520217843,0.514300630510121,13
8,0,-4,0,1,0,0,0.0785298610532314,1.28922591629092,20
8,0,-4,0,1,0,1,0.0466225260789191,0.831469908149274,51
8,0,-4,0,1,0,2,0.0261540685143369,0.490849570607735,59
8,0,-4,0,1,1,0,0.149366711872059,2.27265775128311,4
8,0,-4,0,1,1,1,0.092186264306782,1.73806725579572,6
8,0,-4,0,1,1,2,0.0442318883215827,1.21934792884357,9
8,0,-4,1,0,0,0,0.071179927366636,1.2948813446836,136
8,0,-4,1,0,0,1,0.0429690972730427,0.815035788067924,166
8,0,-4,1,0,0,2,0.0241280932952648,0.413405631428941,162
8,0,-4,1,0,1,0,0.138591411971796,2.19332449625197,13
8,0,-4,1,0,1,1,0.0829843713927415,1.66489878193584,18
8,0,-4,1,0,1,2,0.041049207420057,1.06172240996038,33
8,0,-4,1,1,0,0,0.128301772229943,2.32814522189173,24
8,0,-4,1,1,0,1,0.0765821744074153,1.6318401161448,53
8,0,-4,1,1,0,2,0.0394419934477232,1.02225714721134,58
8,0,-4,1,1,1,0,0.2265901813159,3.63445702584245,10
8,0,-4,1,1,1,1,0.14322086196871,2.97309228782987,19
8,0,-4,1,1,1,2,0.0743948584475055,2.38117087563373,27
8,0,-3,0,0,0,0,0.0833316426144867,1.09767259517785,719
8,0,-3,0,0,0,1,0.0564513898134315,0.667752852349098,534
8,0,-3,0,0,0,2,0.0402481026670665,0.326637530243192,408
8,0,-3,0,0,1,0,0.164606481763394,2.19364901114166,2
8,0,-3,0,0,1,1,0.111115808992871,1.65949897507783,8
8,0,-3,0,0,1,2,0.0598720210553127,1.06953085337215,22
8,0,-3,0,1,0,0,0.149977160174838,2.1207320664565,28
8,0,-3,0,1,0,1,0.09642468654318,1.5322691617553,50
8,0,-3,0,1,0,2,0.0582957317254971,1.01789386789558,74
8,0,-3,0,1,1,0,0.269259405664218,3.37261093188069,9
8,0,-3,0,1,1,1,0.179296849663755,2.89213838436444,10
8,0,-3,0,1,1,2,0.0943729467478952,2.39711830548253,19
8,0,-1,0,0,1,0,0.557476690310977,3.21102737420019,4
8,0,-1,0,0,1,1,0.450989722605944,4.58679131587859,29
8,0,-1,0,0,1,2,0.27570994298714,4.00385025392071,57
8,0,6,0,0,0,0,0.998152216155018,0.00806222062366396,283
8,0,6,0,0,0,1,0.997948802710911,0.00631113862124333,217
8,0,6,0,0,0,2,0.997790359252969,0.00447374482230522,188
8,0,6,0,0,1,0,0.999063727202643,0.00982692631924084,1
8,0,6,0,0,1,1,0.998729328464395,0.0163728360926531,5
8,0,6,0,0,1,2,0.998091084960717,0.0142939133809465,13
8,0,6,0,1,0,0,0.998731364497052,0.0102690970166361,11
8,0,6,0,1,0,1,0.998364724479567,0.0113126683336036,30
8,0,6,0,1,0,2,0.998036599835693,0.0126128570081596,36
8,0,6,0,1,1,0,0.999289469579059,0.0102091692087508,7
8,0,6,0,1,1,1,0.998916837017425,0.017645981860302,12
8,0,6,0,1,1,2,0.998193108369426,0.0184160329069933,11
8,0,6,1,0,0,0,0.998450599074697,0.0125586638310073,77
8,0,6,1,0,0,1,0.998166230403633,0.0109019479919612,87
8,0,6,1,0,0,2,0.997902866104565,0.0084978857822548,113
8,0,6,1,0,1,0,0.999206894566647,0.0101027284533989,5
8,0,6,1,0,1,1,0.998784358196456,0.018383237831841,18
8,0,6,1,0,1,2,0.998160916504027,0.0167491833163989,30
8,0,6,1,1,0,0,0.998859297520573,0.0144459867934518,17
8,0,6,1,1,0,1,0.998453717172587,0.0156840426735953,33
8,0,6,1,1,0,2,0.998090159470272,0.0149042521001932,49
8,0,6,1,1,1,0,0.99935779176152,0.011959192160792,8
8,0,6,1,1,1,1,0.998938379179234,0.0208237350037658,13
8,0,6,1,1,1,2,0.998320042409396,0.0254432728833813,15
8,0,7,0,0,0,0,0.999288112999566,0.00315373781730303,209
8,0,7,0,0,0,1,0.99920847895124,0.00248164271686914,162
8,0,7,0,0,0,2,0.999146128924096,0.00177012263333665,132
8,0,7,0,0,1,0,0.999648245327828,0.00381782809019282,2
8,0,7,0,0,1,1,0.999517955071424,0.00646713454462294,5
8,0,7,0,0,1,2,0.99926537493891,0.0056565987465694,11
8,0,7,0,1,0,0,0.999515674039946,0.00398983700232492,15
8,0,7,0,1,0,1,0.999372385539004,0.00442534194822663,26
8,0,7,0,1,0,2,0.999243556227443,0.00498382733787199,30
8,0,7,0,1,1,0,0.999730298146287,0.00390053845584489,7
8,0,7,0,1,1,1,0.999587316185078,0.00692019238487833,8
8,0,7,0,1,1,2,0.999303090631863,0.00719428194219516,13
8,0,9,0,0,1,0,0.999945494456476,0.000371134311998343,0
8,0,9,0,0,1,1,0.999932515555647,0.000738316399248651,3
8,0,9,0,0,1,2,0.999903332434989,0.000643686028407455,6
8,0,9,0,1,0,0,0.999928900204895,0.000395405940261319,9
8,0,9,0,1,0,1,0.999914092571672,0.00045025368602945,15
8,0,9,0,1,0,2,0.999900481740166,0.000555930367577468,13
8,0,9,0,1,1,0,0.999946558239464,0.000328490805480276,2
8,0,9,0,1,1,1,0.999934362116807,0.000732264522082759,5
8,0,9,0,1,1,2,0.999903875075101,0.000696810788988887,7
8,1,-5,0,1,0,0,0.0116249430393184,0.0823046483171812,27
8,1,-5,0,1,0,1,0.0145059225346558,0.0888530876287438,40
8,1,-5,0,1,0,2,0.0170595912787079,0.0966567693239315,64
8,1,-5,0,1,1,0,0.007058880814112,0.0844026927937166,7
8,1,-5,0,1,1,1,0.0101144307257699,0.137720117602872,14
8,1,-5,0,1,1,2,0.0157368711700034,0.145363793373278,12
8,1,-5,1,0,0,0,0.0137288059132731,0.100034197234837,89
8,1,-5,1,0,0,1,0.0159852328944798,0.0858389555756326,119
8,1,-5,1,0,0,2,0.0180518794200582,0.066043329126143,130
8,1,-5,1,0,1,0,0.00781746811570352,0.0828983934766802,11
8,1,-5,1,0,1,1,0.0112150162325157,0.143070329174994,23
8,1,-5,1,0,1,2,0.0160429312611734,0.130727644161664,37
8,1,-5,1,1,0,0,0.0104264009166714,0.117378529208524,18
8,1,-5,1,1,0,1,0.0136764699155683,0.124896537732877,45
8,1,-5,1,1,0,2,0.0165736300224469,0.116964448776527,48
8,1,-5,1,1,1,0,0.00635243696217462,0.101323741757157,10
8,1,-5,1,1,1,1,0.00981280897141916,0.165363583622826,10
8,1,-5,1,1,1,2,0.0147037720317083,0.200955007334509,18
8,1,-4,0,0,0,0,0.0336681607967307,0.129830210983863,532
8,1,-4,0,0,0,1,0.0369361308253504,0.100212452003937,377
8,1,-4,0,0,0,2,0.0394465663854127,0.069759862523918,343
8,1,-4,0,0,1,0,0.0194178720720308,0.161134894798611,5
8,1,-4,0,0,1,1,0.0248588574492185,0.256213756984494,14
8,1,-4,0,0,1,2,0.034790281743439,0.222718885063428,27
8,1,-4,0,1,0,0,0.0244630869867353,0.169514664351893,26
8,1,-4,0,1,0,1,0.0303756582986458,0.182273569451403,50
8,1,-4,0,1,0,2,0.0356067008243559,0.1974824989764,85
8,1,-4,0,1,1,0,0.0150364056149168,0.174720121418217,3
8,1,-4,0,1,1,1,0.0213506054500849,0.282304115125618,20
8,1,-4,0,1,1,2,0.0328661867448744,0.298328716806567,12
8,1,-2,0,0,1,0,0.080517695537649,0.618131306022507,4
8,1,-2,0,0,1,1,0.101332407422424,0.966224164479473,27
8,1,-2,0,0,1,2,0.138705526420376,0.838649285487616,54
8,1,-2,0,1,0,0,0.0993208270895242,0.652419159028446,43
8,1,-2,0,1,0,1,0.121866426648595,0.694901305337729,70
8,1,-2,0,1,0,2,0.141732321829516,0.745016036102689,117
8,1,-2,0,1,1,0,0.0627775790691816,0.680557536407618,6
8,1,-2,0,1,1,1,0.0872747828715332,1.07358373776361,25
8,1,-2,0,1,1,2,0.130973645906121,1.13983472725951,25
8,1,-2,1,0,0,0,0.115320100760798,0.788928735024314,187
8,1,-2,1,0,0,1,0.133077762873686,0.672280554331876,239
8,1,-2,1,0,0,2,0.149231983280669,0.513257075380825,235
8,1,5,0,1,1,0,0.935370207833446,1.14298889174708,6
8,1,5,0,1,1,1,0.96319631859429,0.768000664635889,5
8,1,5,0,1,1,2,0.983789873593565,0.467994351609491,9
8,1,5,1,0,0,0,0.970539583152986,0.594017078521375,102
8,1,5,1,0,0,1,0.983645233381651,0.340348078593148,114
8,1,5,1,0,0,2,0.991480771310596,0.157387238737757,120
8,1,5,1,0,1,0,0.939332617069724,1.0844561630696,8
8,1,5,1,0,1,1,0.96672098530326,0.731044460950203,9
8,1,5,1,0,1,2,0.984912614375596,0.410248482127694,20
8,1,5,1,1,0,0,0.943733068047907,1.14553817836,26
8,1,5,1,1,0,1,0.969141500600356,0.713605926693464,36
8,1,5,1,1,0,2,0.9855577339374,0.395513890451478,50
8,1,5,1,1,1,0,0.893940996936721,1.99125213769788,9
8,1,5,1,1,1,1,0.939159802217132,1.41985550910188,16
8,1,5,1,1,1,2,0.971756397437753,0.950050785471011,14
8,1,6,0,0,0,0,0.992485799402982,0.137588007036838,304
8,1,6,0,0,0,1,0.995871944294545,0.0672645929895072,211
8,1,6,0,0,0,2,0.997520569508081,0.0266834546768862,163
8,1,6,0,0,1,0,0.983063034584408,0.332798460498633,0
8,1,6,0,0,1,1,0.99071820377834,0.185379900597613,3
8,1,6,0,0,1,2,0.99595420146414,0.0874551266887597,11
8,1,6,0,1,0,0,0.984338775056785,0.316565002500189,16
8,1,6,0,1,0,1,0.991986761153659,0.16863937961651,21
8,1,6,0,1,0,2,0.996076213878039,0.0835164873872991,30
8,1,6,0,1,1,0,0.967496904708939,0.632187869819284,3
8,1,6,0,1,1,1,0.982654082931548,0.386506315469398,6
8,1,6,0,1,1,2,0.992860711416968,0.214783282028985,13
8,1,8,0,0,1,0,0.996374020552572,0.0822039089774705,2
8,1,8,0,0,1,1,0.998222356783485,0.039821260146187,4
8,1,8,0,0,1,2,0.999330185104286,0.0166509514067594,5
8,1,8,0,1,0,0,0.996616487587701,0.0786895755485966,10
8,1,8,0,1,0,1,0.998488538098935,0.036361176967755,16
8,1,8,0,1,0,2,0.999351051206377,0.0157854767507996,16
8,1,8,0,1,1,0,0.992567354571096,0.167586946230501,2
8,1,8,0,1,1,1,0.996474016695512,0.0869810282237664,2
8,1,8,0,1,1,2,0.998713445711132,0.0419963439017382,2
8,1,8,1,0,0,0,0.996893822326934,0.0752953629516896,29
8,1,8,1,0,0,1,0.998597566980771,0.0361425441219545,49
8,1,8,1,0,0,2,0.999396817897553,0.0134913509955522,43
8,1,8,1,0,1,0,0.992820706617441,0.155600747632165,2
8,1,8,1,0,1,1,0.996784437146336,0.0831596969151917,7
8,1,8,1,0,1,2,0.998804310773427,0.037183290580982,4
9,0,-6,1,0,0,0,0.00716400000000001,0.210391813195991,65
9,0,-6,1,0,0,1,0.00233900000000001,0.081846693298957,94
9,0,-6,1,0,0,2,0.000478500000000026,0.0690739719117085,88
9,0,-6,1,0,1,0,0.0186,0.474196532819778,4
9,0,-6,1,0,1,1,0.00670549999999997,0.211180268599539,8
9,0,-6,1,0,1,2,0.00151450000000007,0.0847878889821049,20
9,0,-6,1,1,0,0,0.017415,0.496994540108629,17
9,0,-6,1,1,0,1,0.00647099999999998,0.203852381543448,35
9,0,-6,1,1,0,2,0.00139399999999999,0.0833009883104245,39
9,0,-6,1,1,1,0,0.0407445,1.07469114981773,1
9,0,-6,1,1,1,1,0.016977,0.542507314754962,5
9,0,-6,1,1,1,2,0.00458749999999992,0.147736335383335,6
9,0,-5,0,0,0,0,0.00716149999999994,0.194767195000711,445
9,0,-5,0,0,0,1,0.00237099999999999,0.0785976093982806,312
9,0,-5,0,0,0,2,0.000451499999999994,0.160905037730332,247
9,0,-5,0,0,1,0,0.0194065000000001,0.536248730623095,0
9,0,-5,0,0,1,1,0.00758099999999995,0.248434676782942,7
9,0,-5,0,0,1,2,0.00149450000000002,0.180135276837791,21
9,0,-5,0,1,0,0,0.0184505,0.503414128029924,30
9,0,-5,0,1,0,1,0.00670950000000005,0.223551012320086,33
9,0,-5,0,1,0,2,0.00146449999999995,0.182151650007639,47
9,0,-5,0,1,1,0,0.0440575,1.11625801450378,7
9,0,-5,0,1,1,1,0.0190064999999999,0.605550660947378,11
9,0,-5,0,1,1,2,0.00474149999999999,0.23979340395809,10
9,0,-3,0,0,1,0,0.1018475,2.28500135641592,5
9,0,-3,0,0,1,1,0.051345,1.48480476566244,21
9,0,-3,0,0,1,2,0.0150665,1.05627180282925,26
9,0,-3,0,1,0,0,0.096306,2.14477307687819,33
9,0,-3,0,1,0,1,0.0465505,1.35473414243089,50
9,0,-3,0,1,0,2,0.0149344999999999,1.06678544982217,63
9,0,-3,0,1,1,0,0.2116265,3.90618609567374,4
9,0,-3,0,1,1,1,0.1185945,2.91844502272526,21
9,0,-3,0,1,1,2,0.046537,1.55727267903369,12
9,0,-3,1,0,0,0,0.0894469999999999,2.09903338180297,158
9,0,-3,1,0,0,1,0.0443740000000001,1.2448701672716,191
9,0,-3,1,0,0,2,0.014318,1.01666701128979,209
9,0,-3,1,0,1,0,0.198696,3.69162466545696,6
9,0,-3,1,0,1,1,0.110955,2.73073422676828,17
9,0,-3,1,0,1,2,0.0468125000000001,1.49995189181403,27
9,0,-3,1,1,0,0,0.189316,3.8027365660273,44
9,0,-3,1,1,0,1,0.108898,2.66784990957673,68
9,0,-3,1,1,0,2,0.0460910000000001,1.43305087901731,81
9,0,-3,1,1,1,0,0.3310065,5.54097229474273,14
9,0,-3,1,1,1,1,0.2079375,4.59522503075637,31
9,0,-3,1,1,1,2,0.1012855,3.13381014138521,36
9,0,4,1,1,0,0,1,0.000540933393906372,0
9,0,4,1,1,0,1,1,0.0611660823738419,0
9,0,4,1,1,0,2,1,0.364372841271903,0
9,0,4,1,1,1,0,1,0,0
9,0,4,1,1,1,1,1,0.0617136112344779,0
9,0,4,1,1,1,2,1,0.36348689680159,0
9,0,5,0,0,0,0,1,0,0
9,0,5,0,0,0,1,1,0,0
9,0,5,0,0,0,2,1,0.155099878962999,0
9,0,5,0,0,1,0,1,0,0
9,0,5,0,0,1,1,1,0.00224346145000371,0
9,0,5,0,0,1,2,1,0.158256091794028,0
9,0,5,0,1,0,0,1,0,0
9,0,5,0,1,0,1,1,0.00147346940030243,0
9,0,5,0,1,0,2,1,0.160523683521476,0
9,0,5,0,1,1,0,1,9.95454963354184e-05,0
9,0,5,0,1,1,1,1,0.00396238336909249,0
9,0,5,0,1,1,2,1,0.168179537863632,0
9,0,7,0,0,1,0,1,0,0
9,0,7,0,0,1,1,1,0.000366597371899901,0
9,0,7,0,0,1,2,1,0.0258597093604545,0
9,0,7,0,1,0,0,1,0,0
9,0,7,0,1,0,1,1,0.000240775258128416,0
9,0,7,0,1,0,2,1,0.0262288502307078,0
9,0,7,0,1,1,0,1,1.62664338809901e-05,0
9,0,7,0,1,1,1,1,0.000645633141922106,0
9,0,7,0,1,1,2,1,0.0274779021792636,0
9,0,7,1,0,0,0,1,0,0
9,0,7,1,0,0,1,1,0.00424170377384837,0
9,0,7,1,0,0,2,1,0.0252945494839857,0
9,0,7,1,0,1,0,1,3.37710646320115e-05,0
9,0,7,1,0,1,1,1,0.00470672692868238,0
9,0,7,1,0,1,2,1,0.0242073735347708,0
9,0,7,1,1,0,0,1,3.74124633636717e-05,0
9,0,7,1,1,0,1,1,0.00423041698236654,0
9,0,7,1,1,0,2,1,0.0251956436542531,0
9,0,7,1,1,1,0,1,0,0
9,0,7,1,1,1,1,1,0.00426398076496509,0
9,0,7,1,1,1,2,1,0.0251318602696856,0
9,0,8,0,0,0,0,1,0,0
9,0,8,0,0,0,1,1,0,0
9,0,8,0,0,0,2,1,0.0100536894539255,0
9,1,-7,1,1,1,0,0.000313175603999933,0.00570334645233582,3
9,1,-7,1,1,1,1,0.000515497315499931,0.0102150695991746,12
9,1,-7,1,1,1,2,0.000819312219999928,0.0125126474719721,25
9,1,-6,0,0,0,0,0.00232223064649993,0.0101106654980296,270
9,1,-6,0,0,0,1,0.00257731111249993,0.00791217135493069,198
9,1,-6,0,0,0,2,0.00277593758799993,0.00560612234878362,164
9,1,-6,0,0,1,0,0.00118002220049993,0.012328764614386,0
9,1,-6,0,0,1,1,0.00159947689299993,0.0205174402375212,12
9,1,-6,0,0,1,2,0.00239917018949993,0.0179113183384679,15
9,1,-4,0,0,0,0,0.0137869296004999,0.0579159098862961,556
9,1,-4,0,0,0,1,0.0152471013094999,0.0451224046318055,393
9,1,-4,0,0,0,2,0.0163791715429999,0.0318031977578398,319
9,1,-4,0,0,1,0,0.00729834559599993,0.0710316512638142,2
9,1,-4,0,0,1,1,0.00970923961549993,0.116575706989814,16
9,1,-4,0,0,1,2,0.0142456408209999,0.101600645148429,29
9,1,-4,0,1,0,0,0.00964335555199993,0.0743389818663342,30
9,1,-4,0,1,0,1,0.0122793835114999,0.0812669322236496,63
9,1,-4,0,1,0,2,0.0146286579189999,0.0897771951507115,87
9,1,-4,0,1,1,0,0.00557302224149993,0.0748964146606003,8
9,1,-4,0,1,1,1,0.00829657054799993,0.126495222088973,20
9,1,-4,0,1,1,2,0.0134763517049999,0.132428657802747,19
9,1,-4,1,0,0,0,0.0116273515414999,0.0907396513357476,150
9,1,-4,1,0,0,1,0.0136792603624999,0.0783784470807768,177
9,1,-4,1,0,0,2,0.0155704217454999,0.0607699989272939,172
9,1,-4,1,0,1,0,0.00619745926749993,0.073845888914695,13
9,1,-4,1,0,1,1,0.00926375863949993,0.131695152908824,29
9,1,-4,1,0,1,2,0.0137219170314999,0.120040713877123,48
9,1,-4,1,1,0,0,0.00865527338249993,0.105256320231006,46
9,1,-4,1,1,0,1,0.0115947360109999,0.113321236623731,74
9,1,-4,1,1,0,2,0.0142219121849999,0.1070216566539,77
9,1,-4,1,1,1,0,0.00500936486799993,0.088700772959956,15
9,1,-4,1,1,1,1,0.00808767383799993,0.15040712008865,23
9,1,-4,1,1,1,2,0.0125475928694999,0.183232042475047,32
9,1,-3,0,0,0,0,0.0324426590589999,0.134606972432533,663
9,1,-3,0,0,0,1,0.0358356602519999,0.104746459823329,481
9,1,-3,0,0,0,2,0.0384631283614999,0.0737115165677452,382
9,1,-3,0,0,1,0,0.0174018374899999,0.1653470243239,7
9,1,-3,0,0,1,1,0.0230101531379999,0.27024856668078,18
9,1,-3,0,0,1,2,0.0335214015009999,0.235459665828843,37
9,1,4,0,0,0,0,0.986213136181,0.360684782668513,608
9,1,4,0,0,0,1,0.9950143846035,0.163592183149592,445
9,1,4,0,0,0,2,0.9989103214085,0.0474634680731906,338
9,1,4,0,0,1,0,0.9635499468695,0.935483703384539,3
9,1,4,0,0,1,1,0.9841525376575,0.503012951869097,8
9,1,4,0,0,1,2,0.9963037519885,0.165440077254537,23
9,1,6,0,0,0,0,0.997678180134,0.0657303919541243,332
9,1,6,0,0,0,1,0.9993142525335,0.0226608379203663,244
9,1,6,0,0,0,2,0.99988690306,0.00505241457310436,168
9,1,6,0,0,1,0,0.9935954749845,0.191227734134687,2
9,1,6,0,0,1,1,0.9977841340005,0.0747166666669238,3
9,1,6,0,0,1,2,0.999611351103,0.0167103477125759,15
9,1,6,0,1,0,0,0.9939232871545,0.179307560834747,15
9,1,6,0,1,0,1,0.9980976096695,0.0663874261338446,32
9,1,6,0,1,0,2,0.9996397579705,0.0160363389221381,30
9,1,6,0,1,1,0,0.984835424357,0.419772546500944,2
9,1,6,0,1,1,1,0.994311460663,0.190385623571889,4
9,1,6,0,1,1,2,0.9988473509495,0.0531303437951957,6
9,1,6,1,0,0,0,0.994269794546,0.169104421264838,70
9,1,6,1,0,0,1,0.998156255471,0.0661030432093745,111
9,1,6,1,0,0,2,0.9996245654595,0.0148792359733683,106
9,1,6,1,0,1,0,0.985054676317,0.383106179813828,5
9,1,6,1,0,1,1,0.9946918881455,0.177391274411964,10
9,1,6,1,0,1,2,0.998817071107,0.0495211811513583,26
9,1,6,1,1,0,0,0.9860227876555,0.401068549832146,15
9,1,6,1,1,0,1,0.994855185155,0.170592210179546,34
9,1,6,1,1,0,2,0.9989042145505,0.0481151668440453,30
9,1,6,1,1,1,0,0.967213582879,0.872682832070282,4
9,1,6,1,1,1,1,0.9865284483965,0.441762037130681,9
9,1,6,1,1,1,2,0.9964111119875,0.153548375244521,15
9,1,7,0,0,0,0,0.9991017042935,0.0264548632236576,228
9,1,7,0,0,0,1,0.9997445415685,0.00814565157148213,159
9,1,7,0,0,0,2,0.9999608764425,0.00157117010821776,134
9,1,7,0,0,1,0,0.99745173378,0.0812916416135937,0
9,1,7,0,0,1,1,0.9991961039245,0.0274313978943753,3
9,1,7,0,0,1,2,0.9998770899165,0.00556048000396873,11
9,1,7,0,1,0,0,0.997565473389,0.0768377929653571,10
9,1,7,0,1,0,1,0.9993351531425,0.0246252439177387,15
9,1,7,0,1,0,2,0.999887849915,0.00511020970604769,24
9,1,7,0,1,1,0,0.993685551561,0.185556546486928,1
9,1,7,0,1,1,1,0.9979207196375,0.0712287840411718,5
9,1,7,0,1,1,2,0.9996515909795,0.0166919500364475,14
10,0,-5,0,0,0,0,0.00716149999999994,0.194767195000711,0
10,0,-5,0,0,0,1,0.00237099999999999,0.0785976093982806,0
10,0,-5,0,0,0,2,0.000451499999999994,0.160905037730332,2
10,0,-5,0,0,1,0,0.0194065000000001,0.536248730623095,1
10,0,-5,0,0,1,1,0.00758099999999995,0.248434676782942,2
10,0,-5,0,0,1,2,0.00149450000000002,0.180135276837791,4
10,0,-5,0,1,0,0,0.0184505,0.503414128029924,27
10,0,-5,0,1,0,1,0.00670950000000005,0.223551012320086,16
10,0,-5,0,1,0,2,0.00146449999999995,0.182151650007639,8
10,0,-5,0,1,1,0,0.0440575,1.11625801450378,0
10,0,-5,0,1,1,1,0.0190064999999999,0.605550660947378,1
10,0,-5,0,1,1,2,0.00474149999999999,0.23979340395809,1
10,0,-5,1,0,0,0,0.0171525,0.479838785898863,1
10,0,-5,1,0,0,1,0.00641650000000006,0.209126930998056,1
10,0,-5,1,0,0,2,0.00145849999999996,0.173560344820971,1
10,0,-5,1,0,1,0,0.0429989999999999,1.03088534163878,3
10,0,-5,1,0,1,1,0.0179495,0.54160219052976,3
10,0,-5,1,0,1,2,0.00476749999999999,0.22004410160527,0
10,0,-5,1,1,0,0,0.040379,1.07104206228814,2
10,0,-5,1,1,0,1,0.0170534999999999,0.517948232802492,2
10,0,-5,1,1,0,2,0.00448550000000002,0.217921728051601,3
10,0,-5,1,1,1,0,0.0911105,2.15373857933894,1
10,0,-5,1,1,1,1,0.0439725000000001,1.30552568840107,2
10,0,-5,1,1,1,2,0.0146455,0.491452071840273,3
10,0,-4,0,0,0,0,0.0171759999999999,0.447090031693262,0
10,0,-4,0,0,0,1,0.00627799999999993,0.205827314518076,0
10,0,-4,0,0,0,2,0.00139099999999999,0.384606176385583,3
10,0,-4,0,0,1,0,0.0452735,1.15014751453949,0
10,0,-4,0,0,1,1,0.019942,0.627318274496549,5
10,0,-4,0,0,1,2,0.0047255,0.442141898223285,12
10,0,-4,0,1,0,0,0.04299,1.08031006661242,39
10,0,-4,0,1,0,1,0.017865,0.564802678064834,25
10,0,-4,0,1,0,2,0.00470700000000001,0.446589711803023,12
10,0,-4,0,1,1,0,0.0994645,2.21790860394276,0
10,0,-4,0,1,1,1,0.0490779999999999,1.44934965416224,0
10,0,-4,0,1,1,2,0.015191,0.634213755099007,0
10,0,-4,1,0,0,0,0.0398334999999999,1.03850678402401,3
10,0,-4,1,0,0,1,0.017235,0.525025910613317,4
10,0,-4,1,0,0,2,0.00454849999999999,0.424762553146753,4
10,0,5,0,0,0,0,1,0,0
10,0,5,0,0,0,1,1,0,0
10,0,5,0,0,0,2,1,0.155099878962999,0
10,0,5,0,0,1,0,1,0,0
10,0,5,0,0,1,1,1,0.00224346145000371,0
10,0,5,0,0,1,2,1,0.158256091794028,0
10,0,5,0,1,0,0,1,0,0
10,0,5,0,1,0,1,1,0.00147346940030243,0
10,0,5,0,1,0,2,1,0.160523683521476,0
10,0,5,0,1,1,0,1,9.95454963354184e-05,0
10,0,5,0,1,1,1,1,0.00396238336909249,0
10,0,5,0,1,1,2,1,0.168179537863632,0
10,0,5,1,0,0,0,1,0,0
10,0,5,1,0,0,1,1,0.0259579026702964,0
10,0,5,1,0,0,2,1,0.154796163423642,0
10,0,5,1,0,1,0,1,0.000206668370901985,0
10,0,5,1,0,1,1,1,0.0288144315784478,0
10,0,5,1,0,1,2,1,0.148157301208558,0
10,0,5,1,1,0,0,1,0.00022895259415278,0
10,0,5,1,1,0,1,1,0.0258888310306049,0
10,0,5,1,1,0,2,1,0.154204296714083,0
10,0,5,1,1,1,0,1,0,0
10,0,5,1,1,1,1,1,0.026105934761204,0
10,0,5,1,1,1,2,1,0.153821611433777,0
10,0,6,0,0,0,0,1,0,0
10,0,6,0,0,0,1,1,0,0
10,0,6,0,0,0,2,1,0.0633563968296558,0
10,0,6,0,0,1,0,1,0,0
10,0,6,0,0,1,1,1,0.000916426465634952,0
10,0,6,0,0,1,2,1,0.0646448676247069,0
10,0,6,0,1,0,0,1,0,0
10,0,6,0,1,0,1,1,0.000601894164367376,0
10,0,6,0,1,0,2,1,0.0655686441759692,0
10,0,6,0,1,1,0,1,4.06631134118188e-05,0
10,0,6,0,1,1,1,1,0.00161527462549368,0
10,0,6,0,1,1,2,1,0.0686931165922596,0
10,0,6,1,0,0,0,1,0,0
10,0,6,1,0,0,1,1,0.0106034846283614,0
10,0,6,1,0,0,2,1,0.0632319175727604,0
10,0,8,0,1,0,0,1,0,0
10,0,8,0,1,0,1,1,9.55113818885471e-05,0
10,0,8,0,1,0,2,1,0.010404045055334,0
10,0,8,0,1,1,0,1,6.45261307348877e-06,0
10,0,8,0,1,1,1,1,0.000255625155663965,0
10,0,8,0,1,1,2,1,0.0108991427873707,0
10,1,-6,0,1,0,0,0.00421790004649998,0.0330984732779066,0
10,1,-6,0,1,0,1,0.00539733030449997,0.0363722706641967,1
10,1,-6,0,1,0,2,0.00645129144149996,0.0404410054109104,2
10,1,-6,0,1,1,0,0.00241675539749999,0.0330431540743218,0
10,1,-6,0,1,1,1,0.00362106990699998,0.0567098287203412,1
10,1,-6,0,1,1,2,0.00594587616899997,0.0591899873966669,2
10,1,-6,1,0,0,0,0.00511686838999997,0.0404520995240779,0
10,1,-6,1,0,0,1,0.00603252500549996,0.0350556988347832,1
10,1,-6,1,0,0,2,0.00687911896149996,0.0272717126593767,1
10,1,-6,1,0,1,0,0.00268354066999999,0.0326654367251569,0
10,1,-6,1,0,1,1,0.00404665738099998,0.0590884421902546,0
10,1,-6,1,0,1,2,0.00604939756799996,0.0538320009137585,1
10,1,-6,1,1,0,0,0.00379661863249998,0.0466642600622039,0
10,1,-6,1,1,0,1,0.00510452860549997,0.0505383281755867,0
10,1,-6,1,1,0,2,0.00627584632399996,0.0479247056214103,1
10,1,-6,1,1,1,0,0.0021839846325,0.0388400330272369,1
10,1,-6,1,1,1,1,0.00354151562749998,0.0670975290114103,0
10,1,-6,1,1,1,2,0.00553327114649997,0.0819066061245697,0
10,1,-5,0,0,0,0,0.014791421999,0.062462711942057,0
10,1,-5,0,0,0,1,0.0163664834015,0.0487174974212558,0
10,1,-5,0,0,0,2,0.017588926038,0.0343814595481559,7
10,1,-5,0,0,1,0,0.00777946190949998,0.0765009409970217,0
10,1,-5,0,0,1,1,0.010377520834,0.125971261231759,1
10,1,-5,0,0,1,2,0.0152814809855,0.109836093019766,2
10,1,-5,0,1,0,0,0.010318569647,0.0800357948756287,0
10,1,-5,0,1,0,1,0.013160933124,0.0876448104321061,1
10,1,-5,0,1,0,2,0.0156965134795,0.0970255985085829,5
10,1,-5,0,1,1,0,0.00594277245599999,0.0804004859687641,0
10,1,-5,0,1,1,1,0.008868960372,0.136484165056865,0
10,1,-5,0,1,1,2,0.0144600050765,0.142806546329692,1
10,1,-5,1,0,0,0,0.012466096535,0.0977358919095964,0
10,1,-5,1,0,0,1,0.0146768448845,0.0845163650197373,2
10,1,-5,1,0,0,2,0.0167166698655,0.0656121104678843,4
10,1,-3,0,1,0,0,0.05542789291,0.408340773197056,1
10,1,-3,0,1,0,1,0.069799101188,0.443205957091105,6
10,1,-3,0,1,0,2,0.0825658182465,0.485060055510827,20
10,1,-3,0,1,1,0,0.0328693474845,0.416039238023341,1
10,1,-3,0,1,1,1,0.0479599664025,0.688006794126269,4
10,1,-3,0,1,1,2,0.076082064329,0.724176768026167,4
10,1,-3,1,0,0,0,0.0660457163615,0.497361364750877,6
10,1,-3,1,0,0,1,0.0772751916205,0.427916698433491,16
10,1,-3,1,0,0,2,0.0875861749535,0.330282286092533,25
10,1,4,0,1,1,0,0.9428879439315,1.33701204684697,0
10,1,4,0,1,1,1,0.973145915176,0.81904900245745,0
10,1,4,0,1,1,2,0.992204092221,0.361412447689498,0
10,1,4,1,0,0,0,0.977372364,0.605343719593263,0
10,1,4,1,0,0,1,0.990691003593,0.302947430376551,0
10,1,4,1,0,0,2,0.997645696555,0.0987537491383415,0
10,1,4,1,0,1,0,0.9449190788975,1.24790963245527,0
10,1,4,1,0,1,1,0.9747845553375,0.772897536579004,0
10,1,4,1,0,1,2,0.99222399658,0.329927183322197,0
10,1,4,1,1,0,0,0.9481110304555,1.29281204214789,0
10,1,4,1,1,0,1,0.9759316973985,0.734657194178549,0
10,1,4,1,1,0,2,0.9925340961095,0.324849985871508,0
10,1,4,1,1,1,0,0.887096054483,2.41760656348587,0
10,1,4,1,1,1,1,0.9393010569975,1.65510823652355,0
10,1,4,1,1,1,2,0.975313228201,1.01312305908262,0
10,1,5,0,0,0,0,0.996019116567,0.109708459255533,0
10,1,5,0,0,0,1,0.9987247409635,0.0422012297358072,0
10,1,5,0,0,0,2,0.9997662369455,0.0101861328748736,0
10,1,5,0,0,1,0,0.9891444135435,0.307724552884916,0
10,1,5,0,0,1,1,0.995913038993,0.135405498711073,0
10,1,5,0,0,1,2,0.9992209231065,0.0345257495854787,0
10,1,5,0,1,0,0,0.9896828723795,0.288954647353789,0
10,1,5,0,1,0,1,0.996415921448,0.121251048120165,0
10,1,5,0,1,0,2,0.9992467992395,0.0339090016158432,0
10,1,5,0,1,1,0,0.9750081241635,0.652746194574782,0
10,1,5,0,1,1,1,0.9896871076585,0.335210296440231,0
10,1,5,0,1,1,2,0.9975685691015,0.111337893889236,0
10,1,5,1,0,0,0,0.9903670516845,0.27431551523499,0
10,1,5,1,0,0,1,0.996560706396,0.118065591826574,0
10,1,5,1,0,0,2,0.9992407589625,0.0311800715573353,0
10,1,7,0,1,0,0,0.99831410882,0.0537905086924134,0
10,1,7,0,1,0,1,0.999553474709,0.0167672313667474,0
10,1,7,0,1,0,2,0.9999267662905,0.00333657433002189,0
10,1,7,0,1,1,0,0.9956464987235,0.130520947795994,0
10,1,7,0,1,1,1,0.9985966051695,0.0483023832622583,0
10,1,7,0,1,1,2,0.9997648139865,0.011029770010724,0
10,1,7,1,0,0,0,0.998408197589,0.0495182096993863,0
10,1,7,1,0,0,1,0.999570284757,0.0170887136759607,0
10,1,7,1,0,0,2,0.999918750275,0.00293232023118896,0
10,1,7,1,0,1,0,0.9956348954825,0.118113904646198,0
10,1,7,1,0,1,1,0.9986882159215,0.0461060702947661,0
10,1,7,1,0,1,2,0.999757937552,0.0103197770092017,0
1,0,-5,0,1,0,0,0.172256930330477,1.01605514938563,3
1,0,-5,0,1,0,1,0.143777062164236,0.823415065857497,3
1,0,-5,0,1,0,2,0.122051796686791,0.676905311866741,2
1,0,-5,0,1,1,0,0.230349642498028,1.4267151990097,0
1,0,-5,0,1,1,1,0.187793877209496,1.36082597821676,0
1,0,-5,0,1,1,2,0.13943952870798,1.32164118282713,0
1,0,-5,1,0,0,0,0.160357079970203,1.09834246718766,6
1,0,-5,1,0,0,1,0.136174389767622,0.807243925038789,9
1,0,-5,1,0,0,2,0.117266898655557,0.520864345486565,13
1,0,-5,1,0,1,0,0.218389813861225,1.43126509775648,0
1,0,-5,1,0,1,1,0.175947203626907,1.33606018693694,2
1,0,-5,1,0,1,2,0.134731681985166,1.13104012304493,2
1,0,-5,1,1,0,0,0.203052442921909,1.64670772972776,3
1,0,-5,1,1,0,1,0.163421643080923,1.36505629351929,3
1,0,-5,1,1,0,2,0.131800940478582,1.05736829271794,5
1,0,-5,1,1,1,0,0.265606625547048,2.1190316418878,1
1,0,-5,1,1,1,1,0.209977147092331,2.04724822236951,1
1,0,-5,1,1,1,2,0.156026902206005,2.02623996025062,1
1,0,-4,0,0,0,0,0.190065215293359,0.732326768651904,118
1,0,-4,0,0,0,1,0.17191315811593,0.496249018184747,76
1,0,-4,0,0,0,2,0.159673857537417,0.293244887532522,61
1,0,-4,0,0,1,0,0.254657809495127,1.18742305036678,0
1,0,-4,0,0,1,1,0.221006233472878,1.16448035904416,2
1,0,-4,0,0,1,2,0.178235187608921,0.937832806538524,4
1,0,-4,0,1,0,0,0.237517986370755,1.21529789430434,9
1,0,-4,0,1,0,1,0.202839344201181,1.01659702584278,11
1,0,-4,0,1,0,2,0.175816818674754,0.861658571927064,14
1,0,-4,0,1,1,0,0.307314195332295,1.64668539722992,1
1,0,-4,0,1,1,1,0.256959656699423,1.64261772124889,5
1,0,-4,0,1,1,2,0.197093302927629,1.64655832817866,4
1,0,-4,1,0,0,0,0.222131601817227,1.32798166667864,32
1,0,-4,1,0,0,1,0.192873202800986,0.996030178261062,31
1,0,-4,1,0,0,2,0.16949431785258,0.657187892840541,33
1,0,-4,1,0,1,0,0.292567155049936,1.65860948718383,1
1,0,-4,1,0,1,1,0.242135848150243,1.62230015972489,1
1,0,-4,1,0,1,2,0.191197183776877,1.40908137573321,5
1,0,-2,0,1,1,0,0.492636497599339,1.82836452243679,12
1,0,-2,0,1,1,1,0.433758324900543,2.01300779597781,8
1,0,-2,0,1,1,2,0.356639795578356,2.12904428878979,12
1,0,-2,1,0,0,0,0.386956028308496,1.62634898975365,171
1,0,-2,1,0,0,1,0.351017191169359,1.26798106049925,194
1,0,-2,1,0,0,2,0.321109473053314,0.874314946543838,176
1,0,5,0,1,1,0,0.946667831756466,0.374513138599476,0
1,0,5,0,1,1,1,0.933536671458883,0.530569058220315,2
1,0,5,0,1,1,2,0.912188390483251,0.571093927272156,5
1,0,5,1,0,0,0,0.919940560475908,0.403355093856755,3
1,0,5,1,0,0,1,0.910922850349966,0.336149857023816,9
1,0,5,1,0,0,2,0.902893295516831,0.250024110355625,14
1,0,5,1,0,1,0,0.942803595139825,0.367430258272231,0
1,0,5,1,0,1,1,0.92878592684174,0.546801939864205,1
1,0,5,1,0,1,2,0.910574308369187,0.501854904022416,8
1,0,5,1,1,0,0,0.933740500328758,0.497447850913567,2
1,0,5,1,1,0,1,0.920432288113521,0.503690828637055,7
1,0,5,1,1,0,2,0.9087380575946,0.454794011720944,5
1,0,5,1,1,1,0,0.951231641816575,0.473322951278673,1
1,0,5,1,1,1,1,0.936115445822865,0.665875313039675,0
1,0,5,1,1,1,2,0.916655060559766,0.795224442159914,5
1,0,6,0,0,0,0,0.940805568486429,0.165281341970588,2
1,0,6,0,0,0,1,0.936660543428792,0.12495211904319,6
1,0,6,0,0,0,2,0.933541482387796,0.084469016423742,7
1,0,6,0,0,1,0,0.958112590428825,0.210520559197791,0
1,0,6,0,0,1,1,0.951086465239958,0.311873702110066,0
1,0,6,0,0,1,2,0.939112313519337,0.269369819997556,2
1,0,6,0,1,0,0,0.952287258721837,0.224871427640042,0
1,0,6,0,1,0,1,0.944753930137774,0.232488232885915,3
1,0,6,0,1,0,2,0.938191849534984,0.240815448665211,5
1,0,6,0,1,1,0,0.965130699154341,0.243055138744564,0
1,0,6,0,1,1,1,0.956517110436583,0.356264989548417,0
1,0,6,0,1,1,2,0.942127693991102,0.38421947073793,0
1,0,6,1,0,0,0,0.947295289979838,0.268448134879813,0
1,0,6,1,0,0,1,0.941286134824515,0.225679576049548,3
1,0,6,1,0,0,2,0.935888616986255,0.169311736699474,7
1,0,6,1,0,1,0,0.962598631054553,0.238330422268882,0
1,0,6,1,0,1,1,0.953344601390449,0.367750108301441,1
1,0,6,1,0,1,2,0.941067136517791,0.338420210595716,3
1,0,8,0,1,1,0,0.983782437670438,0.0750795296479308,0
1,0,8,0,1,1,1,0.981017093561375,0.129785607710476,0
1,0,8,0,1,1,2,0.975703183963338,0.139368757605729,0
1,0,8,1,0,0,0,0.977515580485322,0.0927568175318019,0
1,0,8,1,0,0,1,0.97542177307243,0.0810764979512295,0
1,0,8,1,0,0,2,0.973466978875814,0.0637453290700979,1
1,0,8,1,0,1,0,0.98295597159691,0.0740295580663539,1
1,0,8,1,0,1,1,0.979862277002669,0.133749427701071,0
1,0,8,1,0,1,2,0.975328434466497,0.122919615725142,1
1,1,-6,1,0,0,0,0.0717288202926639,0.341689741218425,0
1,1,-6,1,0,0,1,0.079370361809633,0.286437794961552,2
1,1,-6,1,0,0,2,0.0862153685617799,0.214149245735811,4
1,1,-6,1,0,1,0,0.0523333911480878,0.306550324768752,0
1,1,-6,1,0,1,1,0.0641371169040625,0.465565262543164,0
1,1,-6,1,0,1,2,0.0796577965375512,0.428701513874024,0
1,1,-6,1,1,0,0,0.060112707756739,0.417322861517999,0
1,1,-6,1,1,0,1,0.0713246900872419,0.42685450065175,1
1,1,-6,1,1,0,2,0.0812368247552616,0.388211820982691,3
1,1,-6,1,1,1,0,0.0455624851912052,0.3894536714782,0
1,1,-6,1,1,1,1,0.05812801141874,0.561648503298325,1
1,1,-6,1,1,1,2,0.0745636762846769,0.67558544571188,0
1,1,-5,0,0,0,0,0.117048920921601,0.30145850945082,1
1,1,-5,0,0,0,1,0.124598184809613,0.225307160016107,9
1,1,-5,0,0,0,2,0.130214667107542,0.150260356808781,16
1,1,-5,0,0,1,0,0.0860849580325282,0.39042572360359,0
1,1,-5,0,0,1,1,0.0990122645187301,0.558074763623827,0
1,1,-5,0,0,1,2,0.120347315575223,0.479192383463718,6
1,1,-5,0,1,0,0,0.0962772386227545,0.419665276944747,0
1,1,-5,0,1,0,1,0.110066457639684,0.423644745142248,3
1,1,-5,0,1,0,2,0.121942204410199,0.42965002845605,10
1,1,-5,0,1,1,0,0.0722165295240883,0.466435393019104,0
1,1,-5,0,1,1,1,0.0884842706354827,0.648877912747332,2
1,1,-5,0,1,1,2,0.114537901001168,0.699520875717167,1
1,1,-5,1,0,0,0,0.105047636785248,0.49596099800642,1
1,1,-5,1,0,0,1,0.116124261962051,0.411730836399117,3
1,1,-5,1,0,0,2,0.125949902558123,0.304847908031375,13
1,1,-5,1,0,1,0,0.077066949612121,0.4585250921843,0
1,1,-5,1,0,1,1,0.0943555046946074,0.668042979949401,0
1,1,-5,1,0,1,2,0.116566543936027,0.61323394705362,5
1,1,-3,0,1,1,0,0.150091030383741,0.883368973693612,4
1,1,-3,0,1,1,1,0.180393485121245,1.16242983054753,10
1,1,-3,0,1,1,2,0.226764259509545,1.25257635110968,17
1,1,-3,1,0,0,0,0.209602132771166,0.902551652916192,9
1,1,-3,1,0,0,1,0.229712743223471,0.738979003200637,43
1,1,-3,1,0,0,2,0.247304074650154,0.539243107286393,87
1,1,-3,1,0,1,0,0.159248246204799,0.872934799431111,7
1,1,-3,1,0,1,1,0.191099191694692,1.19331168828648,18
1,1,-3,1,0,1,2,0.230589673012943,1.09239971702259,37
1,1,-3,1,1,0,0,0.178096707858928,1.14773030893162,7
1,1,-3,1,1,0,1,0.208237823540599,1.12645679743681,14
1,1,-3,1,1,0,2,0.234391903684516,0.995401711713767,42
1,1,-3,1,1,1,0,0.137297371644973,1.15125778415626,7
1,1,-3,1,1,1,1,0.172812232781077,1.49956517191488,11
1,1,-3,1,1,1,2,0.216302155309076,1.76058946321808,17
1,1,4,1,1,0,0,0.756947905232808,1.79138486699226,0
1,1,4,1,1,0,1,0.800413742825488,1.51544406601404,0
1,1,4,1,1,0,2,0.835529270514238,1.19404578847305,0
1,1,4,1,1,1,0,0.689543103748989,2.24364796263601,0
1,1,4,1,1,1,1,0.74936134878949,2.23019025193538,0
1,1,4,1,1,1,2,0.808872759574076,2.26331078749425,0
1,1,5,0,0,0,0,0.883179547655973,0.536500668989901,0
1,1,5,0,0,0,1,0.896457298311905,0.355090687261385,0
1,1,5,0,0,0,2,0.905201676352322,0.204330899561043,0
1,1,5,0,0,1,0,0.837093049326681,0.910235259858497,0
1,1,5,0,0,1,1,0.862153473375876,0.83082026167516,0
1,1,5,0,0,1,2,0.892347424486134,0.654442550438083,0
1,1,5,0,1,0,0,0.848761003630425,0.92106757275679,0
1,1,5,0,1,0,1,0.87446688861218,0.740031218425193,0
1,1,5,0,1,0,2,0.893956821921941,0.603591791114798,0
1,1,5,0,1,1,0,0.796174597824091,1.30600527897872,0
1,1,5,0,1,1,1,0.834871048830152,1.2304570346106,0
1,1,5,0,1,1,2,0.878313595545588,1.18446591128875,0
1,1,5,1,0,0,0,0.859337779224212,0.992950222076692,0
1,1,5,1,0,0,1,0.881199920521547,0.725602126625634,0
1,1,5,1,0,0,2,0.898185748484876,0.465381930151906,0
1,1,5,1,0,1,0,0.80690512642461,1.30818219170248,0
1,1,5,1,0,1,1,0.84547066826344,1.20678387956886,0
1,1,5,1,0,1,2,0.882520878202466,1.01381319669361,0
1,1,7,0,1,1,0,0.897085479255478,0.8210454273057,0
1,1,7,0,1,1,1,0.920384499797082,0.716282700923158,0
1,1,7,0,1,1,2,0.944486346238902,0.645583786025807,0
1,1,7,1,0,0,0,0.933236673344894,0.575284784779254,0
1,1,7,1,0,0,1,0.945903028970028,0.403956567739336,0
1,1,7,1,0,0,2,0.955321675673338,0.248118518621281,0
1,1,7,1,0,1,0,0.902982891889173,0.813795939096565,0
1,1,7,1,0,1,1,0.926097088392422,0.696680752130702,0
1,1,7,1,0,1,2,0.946735868982282,0.553138988733075,0
1,1,7,1,1,0,0,0.910120585439736,0.912798298617593,0
1,1,7,1,1,0,1,0.93162434602066,0.709239148741877,0
1,1,7,1,1,0,2,0.948050764381153,0.520178294158089,0
1,1,7,1,1,1,0,0.874405406264039,1.27462951004079,0
1,1,7,1,1,1,1,0.9065155330555,1.12631256565131,0
1,1,7,1,1,1,2,0.935228476406766,1.03019649925194,0
1,1,8,0,0,0,0,0.965022959789415,0.212432171853613,0
1,1,8,0,0,0,1,0.97026321475167,0.133069130801602,0
1,1,8,0,0,0,2,0.973531711841836,0.0720019749710047,0
2,0,-7,1,1,1,0,0.130441761299531,1.40217624752603,0
2,0,-7,1,1,1,1,0.0953715786984765,1.22393037376956,1
2,0,-7,1,1,1,2,0.0643823478495517,1.103824021622,1
2,0,-6,0,0,0,0,0.0796307232377978,0.44848481999455,74
2,0,-6,0,0,0,1,0.0685477608015051,0.289781169352731,50
2,0,-6,0,0,0,2,0.0614231114850181,0.162063817403872,43
2,0,-6,0,0,1,0,0.117131026091827,0.794457748928545,0
2,0,-6,0,0,1,1,0.0958424228910244,0.67872246923877,2
2,0,-6,0,0,1,2,0.0715496392785999,0.519916881700425,5
2,0,-6,0,1,0,0,0.108115030693397,0.795603104438614,2
2,0,-6,0,1,0,1,0.0863757883310186,0.614668574333927,5
2,0,-6,0,1,0,2,0.07033879380491,0.481522235573864,5
2,0,-6,0,1,1,0,0.153282369652608,1.17654389581602,0
2,0,-6,0,1,1,1,0.119429784249214,1.05450623285122,1
2,0,-6,0,1,1,2,0.0834576428922103,0.971851831359504,3
2,0,-6,1,0,0,0,0.0998509759653471,0.846801633056954,20
2,0,-6,1,0,0,1,0.0812194528087456,0.603122485394352,18
2,0,-6,1,0,0,2,0.0671383381801238,0.375627752457214,13
2,0,-6,1,0,1,0,0.144377177672714,1.17129119365522,0
2,0,-6,1,0,1,1,0.110789267407672,1.02859367310171,1
2,0,-6,1,0,1,2,0.0800375410966934,0.832049352197084,4
2,0,-4,0,1,1,0,0.295627001053129,1.72555030016619,5
2,0,-4,0,1,1,1,0.2432905321472,1.69923141929808,8
2,0,-4,0,1,1,2,0.182014644219077,1.68705732813164,10
2,0,-4,1,0,0,0,0.207859186109734,1.37089870525475,64
2,0,-4,1,0,0,1,0.177679183718974,1.02244816786494,74
2,0,-4,1,0,0,2,0.153702019723969,0.669537202046017,61
2,0,-4,1,0,1,0,0.280357413398788,1.73709895532062,2
2,0,-4,1,0,1,1,0.228082436853172,1.67321159375884,5
2,0,-4,1,0,1,2,0.175938441490753,1.44254696511084,8
2,0,-4,1,1,0,0,0.260554415756816,2.01597627664451,13
2,0,-4,1,1,0,1,0.211691691431067,1.70823201926235,20
2,0,-4,1,1,0,2,0.172117822435499,1.34642661404316,19
2,0,-4,1,1,1,0,0.336250049694179,2.51764681075742,2
2,0,-4,1,1,1,1,0.269165381505328,2.51261341903654,9
2,0,-4,1,1,1,2,0.202246129740168,2.55288721201734,8
2,0,-3,0,0,0,0,0.246944653895612,0.893815522521264,424
2,0,-3,0,0,0,1,0.224768409247451,0.614965260977226,299
2,0,-3,0,0,0,2,0.209586073476819,0.369418637393622,236
2,0,-3,0,0,1,0,0.327102995523536,1.40547042415316,2
2,0,-3,0,0,1,1,0.286478538680801,1.44612020885431,10
2,0,-3,0,0,1,2,0.233050628775897,1.18027285293861,18
2,0,4,0,0,0,0,0.882136331436162,0.328915158238161,141
2,0,4,0,0,0,1,0.873895406653814,0.246392999541294,128
2,0,4,0,0,0,2,0.867750297698819,0.164952166552821,135
2,0,4,0,0,1,0,0.916119919650822,0.42444457305526,2
2,0,4,0,0,1,1,0.902035164982195,0.612198202362477,9
2,0,4,0,0,1,2,0.878599870152166,0.526090636164235,23
2,0,4,0,1,0,0,0.904856425867112,0.455531261219934,11
2,0,4,0,1,0,1,0.889808629558593,0.461975884857608,29
2,0,4,0,1,0,2,0.876831116454405,0.471177450643119,43
2,0,4,0,1,1,0,0.930912841632762,0.503990099129143,2
2,0,4,0,1,1,1,0.913285740682839,0.708557764471685,15
2,0,4,0,1,1,2,0.88479630335673,0.761759461059038,10
2,0,4,1,0,0,0,0.895176944581152,0.53968985032162,33
2,0,4,1,0,0,1,0.883112347894749,0.448757180517705,51
2,0,4,1,0,0,2,0.87239514817452,0.333170127912965,83
2,0,4,1,0,1,0,0.925745002476934,0.494653417243792,4
2,0,4,1,0,1,1,0.906944436973984,0.730010932932017,13
2,0,4,1,0,1,2,0.882639071206059,0.66925429608711,18
2,0,6,0,1,1,0,0.972161220243893,0.210165977523453,0
2,0,6,0,1,1,1,0.964687375094302,0.312283650182787,4
2,0,6,0,1,1,2,0.952055392410082,0.336103815756684,6
2,0,6,1,0,0,0,0.95658579100637,0.234296024284293,8
2,0,6,1,0,0,1,0.951336456066374,0.197497642886466,13
2,0,6,1,0,0,2,0.946609253309547,0.148653026692102,20
2,0,6,1,0,1,0,0.969997063964079,0.205943180371715,1
2,0,6,1,0,1,1,0.961936442240466,0.32262058100266,3
2,0,6,1,0,1,2,0.951151149376001,0.29670577214385,5
2,0,6,1,1,0,0,0.964496186214774,0.283514913490368,3
2,0,6,1,1,0,1,0.956828186733387,0.292639035740174,4
2,0,6,1,1,0,2,0.950033693308541,0.267985185207901,9
2,0,6,1,1,1,0,0.974364312584475,0.259884515320621,2
2,0,6,1,1,1,1,0.965869555039931,0.385236569801382,3
2,0,6,1,1,1,2,0.954566016172139,0.464857293945437,2
2,0,7,0,0,0,0,0.96938894025975,0.0888304041597928,5
2,0,7,0,0,0,1,0.967157242856903,0.0681327872502067,13
2,0,7,0,0,0,2,0.965453361193541,0.0468250431772813,16
2,0,7,0,0,1,0,0.978909736025185,0.111094759527533,1
2,0,7,0,0,1,1,0.975174717928596,0.171505368184212,0
2,0,7,0,0,1,2,0.968555965350171,0.149272631352725,2
2,0,7,0,1,0,0,0.975622060248999,0.117595539487644,0
2,0,7,0,1,0,1,0.971592352751697,0.125084997059945,2
2,0,7,0,1,0,2,0.968031008131667,0.133015477745133,7
2,0,7,0,1,1,0,0.982296359582761,0.122631699423429,0
2,0,7,0,1,1,1,0.977869278523803,0.191730102209357,1
2,0,7,0,1,1,2,0.970069535188379,0.206975981620589,1
2,1,-7,0,0,0,0,0.0447777439862165,0.121312992738301,6
2,1,-7,0,0,0,1,0.047824196338606,0.0928396197721649,14
2,1,-7,0,0,0,2,0.0501450181611784,0.0635940806778173,15
2,1,-7,0,0,1,0,0.0318470517662103,0.152139932222114,0
2,1,-7,0,0,1,1,0.0369555313234084,0.232995947734159,0
2,1,-7,0,0,1,2,0.0459375539282314,0.202690960950971,1
2,1,-7,0,1,0,0,0.036285651948355,0.16136000103234,1
2,1,-7,0,1,0,1,0.0417884111481629,0.170874943333449,4
2,1,-7,0,1,0,2,0.0466442053442259,0.180797739526487,7
2,1,-7,0,1,1,0,0.0270986653182402,0.169123546467674,0
2,1,-7,0,1,1,1,0.0331911502313482,0.261513178580654,1
2,1,-7,0,1,1,2,0.043819341911767,0.283133084582549,3
2,1,-5,0,0,1,0,0.0746660292532534,0.363543699998834,0
2,1,-5,0,0,1,1,0.0867347430571198,0.525412345874583,1
2,1,-5,0,0,1,2,0.106849479755814,0.451810453031151,9
2,1,-5,0,1,0,0,0.0843353356686617,0.39008427265278,5
2,1,-5,0,1,0,1,0.0972304324287738,0.3964151291463,18
2,1,-5,0,1,0,2,0.108367771851105,0.404670330619411,25
2,1,-5,0,1,1,0,0.0620097154012298,0.430379810121452,3
2,1,-5,0,1,1,1,0.077084605726859,0.607605671237444,4
2,1,-5,0,1,1,2,0.101523041249124,0.654251947701827,7
2,1,-5,1,0,0,0,0.0926442752467098,0.462400276229952,6
2,1,-5,1,0,0,1,0.102979952155742,0.385082587672911,21
2,1,-5,1,0,0,2,0.11217666458362,0.286178237782771,27
2,1,-5,1,0,1,0,0.0664588993876437,0.422398961921302,1
2,1,-5,1,0,1,1,0.0825374346262596,0.626068187755871,8
2,1,-5,1,0,1,2,0.103382231563851,0.574642955404502,9
2,1,-5,1,1,0,0,0.0768106830426806,0.570998813479469,4
2,1,-5,1,1,0,1,0.0920728832132113,0.577431016427087,9
2,1,-5,1,1,0,2,0.105479301789283,0.520912444570948,15
2,1,-5,1,1,1,0,0.0567289310970177,0.544457555188849,1
2,1,-5,1,1,1,1,0.0740899177349008,0.763405758246803,3
2,1,-5,1,1,1,2,0.0963931833565228,0.911244097862601,4
2,1,-4,0,0,0,0,0.152496341036344,0.398239748841898,113
2,1,-4,0,0,0,1,0.162467012777269,0.296799574983598,103
2,1,-4,0,0,0,2,0.169864014242912,0.197388290190382,117
2,1,-4,0,0,1,0,0.111747062256984,0.518054653947176,5
2,1,-4,0,0,1,1,0.128863096728272,0.734288763140615,11
2,1,-4,0,0,1,2,0.156911403795885,0.629502561048028,14
2,1,-4,0,1,0,0,0.125100102090429,0.5572951539122,8
2,1,-4,0,1,0,1,0.143339667068408,0.559291532241674,20
2,1,-4,0,1,0,2,0.15899730763447,0.564696087042472,46
2,1,3,0,0,1,0,0.709749014984786,1.3116969479684,2
2,1,3,0,0,1,1,0.747316584428796,1.32031245046481,7
2,1,3,0,0,1,2,0.795969286168457,1.07154590599699,14
2,1,3,0,1,0,0,0.729467717618339,1.34806690524003,20
2,1,3,0,1,0,1,0.768242812904327,1.14480696231011,30
2,1,3,0,1,0,2,0.798769775434776,0.98341058892599,34
2,1,3,0,1,1,0,0.651839395955802,1.79441637124122,3
2,1,3,0,1,1,1,0.70738778025455,1.83048735388758,4
2,1,3,0,1,1,2,0.774847887209354,1.86323868264907,6
2,1,5,0,0,1,0,0.851162230645817,0.917906237760069,0
2,1,5,0,0,1,1,0.876148827742509,0.815386547892429,0
2,1,5,0,0,1,2,0.905619149460004,0.636101068682169,2
2,1,5,0,1,0,0,0.8623567580607,0.92465159441974,3
2,1,5,0,1,0,1,0.887935165491609,0.732303533006161,4
2,1,5,0,1,0,2,0.907145510066332,0.587802231628043,2
2,1,5,0,1,1,0,0.809650563409264,1.33146633795299,1
2,1,5,0,1,1,1,0.848662523014359,1.23189362089477,1
2,1,5,0,1,1,2,0.891562185642757,1.16775176477224,1
2,1,5,1,0,0,0,0.872551806247523,0.991727989624764,10
2,1,5,1,0,0,1,0.894373734702998,0.718268715799147,19
2,1,5,1,0,0,2,0.911169846346281,0.455625998963248,17
2,1,5,1,0,1,0,0.820314422134343,1.33117227781258,0
2,1,5,1,0,1,1,0.859099721748936,1.20604533820964,1
2,1,5,1,0,1,2,0.895710811332788,0.999207516649787,1
2,1,5,1,1,0,0,0.833533292298021,1.51576695555563,2
2,1,5,1,1,0,1,0.869707478557659,1.23088981106438,6
2,1,5,1,1,0,2,0.898209524002692,0.936468862689167,8
2,1,5,1,1,1,0,0.775428500256005,2.00312783704108,1
2,1,5,1,1,1,1,0.827204414292178,1.88209182685237,0
2,1,5,1,1,1,2,0.87616093317023,1.81550554166165,1
2,1,6,0,0,0,0,0.931439268635305,0.395964291587383,22
2,1,6,0,0,0,1,0.941221747975116,0.254601522945906,17
2,1,6,0,0,0,2,0.947480462165181,0.141667037871795,12
2,1,6,0,0,1,0,0.89847436755026,0.706929322206589,0
2,1,6,0,0,1,1,0.917333245414849,0.597028686390885,0
2,1,6,0,0,1,2,0.938637292558603,0.454626376208426,1
2,1,6,0,1,0,0,0.906329648314848,0.706843546038993,0
2,1,6,0,1,0,1,0.925575873498525,0.541722969817466,2
2,1,6,0,1,0,2,0.939687767885033,0.421291033054418,1
2,1,6,0,1,1,0,0.86626118710568,1.05431645421428,0
2,1,6,0,1,1,1,0.896424052934245,0.935162983716693,1
2,1,6,0,1,1,2,0.928127949954192,0.853931187030601,1
2,1,6,1,0,0,0,0.9135431548454,0.750592208783177,5
2,1,6,1,0,0,1,0.930060361401874,0.531617013705363,7
2,1,6,1,0,0,2,0.94246545041918,0.329182700575727,4
3,0,-8,0,1,1,0,0.0592825845651545,0.611888718762385,0
3,0,-8,0,1,1,1,0.0427239281010942,0.490992505774751,0
3,0,-8,0,1,1,2,0.027180539751847,0.405131240722793,0
3,0,-6,0,0,1,0,0.102324852038507,0.777428929939488,2
3,0,-6,0,0,1,1,0.0817956765862518,0.642242523021241,4
3,0,-6,0,0,1,2,0.0590927026074525,0.482074755080635,7
3,0,-6,0,1,0,0,0.0941073461768428,0.774253327273244,9
3,0,-6,0,1,0,1,0.073195871941562,0.585286950553009,13
3,0,-6,0,1,0,2,0.0580080634848629,0.447606818463477,11
3,0,-6,0,1,1,0,0.137922869304049,1.17161829078511,2
3,0,-6,0,1,1,1,0.104757418637115,1.02416189156177,3
3,0,-6,0,1,1,2,0.0705624032279799,0.918681875413737,2
3,0,-6,1,0,0,0,0.0865218691281454,0.818354716466201,35
3,0,-6,1,0,0,1,0.0685238074080346,0.574508290065001,40
3,0,-6,1,0,0,2,0.0551305392036125,0.351630333965499,37
3,0,-6,1,0,1,0,0.129456112957094,1.16157542791498,1
3,0,-6,1,0,1,1,0.0966280319219601,0.994526328661759,2
3,0,-6,1,0,1,2,0.0673536059977365,0.786806436793222,9
3,0,-6,1,1,0,0,0.119477866916141,1.29964486038386,7
3,0,-6,1,1,0,1,0.0889227596982119,1.01157784046371,12
3,0,-6,1,1,0,2,0.0655141267112434,0.740741838068477,13
3,0,-6,1,1,1,0,0.170271378449915,1.80961603476941,3
3,0,-6,1,1,1,1,0.12478643250483,1.60937040136495,3
3,0,-6,1,1,1,2,0.0839171036542701,1.47154155909313,3
3,0,-5,0,0,0,0,0.104341409244908,0.589594408318207,199
3,0,-5,0,0,0,1,0.0897666480265335,0.384511174397233,144
3,0,-5,0,0,0,2,0.0803126846997456,0.216789562049623,106
3,0,-5,0,0,1,0,0.153958803793122,1.02987748835483,1
3,0,-5,0,0,1,1,0.126159808183832,0.898305971804099,5
3,0,-5,0,0,1,2,0.0938734060550251,0.695116060772934,6
3,0,-5,0,1,0,0,0.141873149693577,1.0338583015549,11
3,0,-5,0,1,0,1,0.113463623688238,0.811492458949107,15
3,0,-5,0,1,0,2,0.0922426695602607,0.643452081559407,16
3,0,-5,0,1,1,0,0.200770887423779,1.50244791417336,4
3,0,-5,0,1,1,1,0.157065052545393,1.37773198110156,6
3,0,-5,0,1,1,2,0.109636608909927,1.29175664261772,3
3,0,-5,1,0,0,0,0.130821930509563,1.1048946168241,44
3,0,-5,1,0,0,1,0.106529987712521,0.796130448288344,50
3,0,-5,1,0,0,2,0.0879268637025535,0.501109084639917,57
3,0,-5,1,0,1,0,0.188874840582772,1.50094809797457,5
3,0,-5,1,0,1,1,0.145525173040244,1.34605721065915,8
3,0,-5,1,0,1,2,0.105038042831912,1.10483958355594,9
3,0,4,0,0,1,0,0.92970125045733,0.385229241338495,3
3,0,4,0,0,1,1,0.916875481073329,0.564209122892083,12
3,0,4,0,0,1,2,0.895234806162577,0.4858701165193,18
3,0,4,0,1,0,0,0.919210585276181,0.412217266585786,20
3,0,4,0,1,0,1,0.905474980415279,0.422118414746893,40
3,0,4,0,1,0,2,0.893579645896232,0.434518686423541,63
3,0,4,0,1,1,0,0.942730871431132,0.451127691131581,8
3,0,4,0,1,1,1,0.926852110928259,0.648053394982436,16
3,0,4,0,1,1,2,0.900732563230616,0.695628991834914,19
3,0,4,1,0,0,0,0.910212297624759,0.490512621224413,58
3,0,4,1,0,0,1,0.899234279687734,0.409761693070399,97
3,0,4,1,0,0,2,0.889437813538725,0.305835856880452,123
3,0,4,1,0,1,0,0.938143195495202,0.442148779523025,4
3,0,4,1,0,1,1,0.921119877958499,0.668474319193929,20
3,0,4,1,0,1,2,0.898820437518253,0.612815238818243,30
3,0,4,1,1,0,0,0.92693757093794,0.60226069351526,23
3,0,4,1,1,0,1,0.91076332436239,0.61223584908004,44
3,0,4,1,1,0,2,0.896548989857717,0.554539237815935,55
3,0,4,1,1,1,0,0.948127980477731,0.569420747437137,9
3,0,4,1,1,1,1,0.929831163145115,0.810096596424107,17
3,0,4,1,1,1,2,0.906119797694203,0.968039136964015,25
3,0,5,0,0,0,0,0.936109894480678,0.195431204972293,120
3,0,5,0,0,0,1,0.931207180403782,0.147788448974792,100
3,0,5,0,0,0,2,0.927516730788029,0.100102708878321,102
3,0,5,0,0,1,0,0.956655581264556,0.248838275655159,1
3,0,5,0,0,1,1,0.948344629788434,0.369984943162886,7
3,0,5,0,0,1,2,0.934127873365064,0.319311607866181,9
3,0,5,0,1,0,0,0.949709720910137,0.265557648131945,9
3,0,5,0,1,0,1,0.94078884983532,0.27460912326172,18
3,0,5,0,1,0,2,0.933027425765475,0.285189701070144,38
3,0,5,0,1,1,0,0.964824216320821,0.28724062418106,1
3,0,5,0,1,1,1,0.954650102286115,0.421847862148094,5
3,0,5,0,1,1,2,0.937608171147391,0.45248339989491,6
3,0,5,1,0,0,0,0.943762230024139,0.317269804011755,30
3,0,5,1,0,0,1,0.93665429331968,0.26640175817917,51
3,0,5,1,0,0,2,0.930278800997833,0.19989430323449,59
3,0,5,1,0,1,0,0.961917664414192,0.281426111409244,3
3,0,5,1,0,1,1,0.950956736939218,0.435650986003454,8
3,0,5,1,0,1,2,0.936398725080877,0.399609397210176,25
3,0,5,1,1,0,0,0.95451786740369,0.386255060860842,6
3,0,5,1,1,0,1,0.944093331406497,0.396122583645159,14
3,0,5,1,1,0,2,0.934897337677714,0.361030182761746,27
3,0,7,1,0,0,0,0.979416675626081,0.114792929176676,4
3,0,7,1,0,0,1,0.976836616225565,0.0982392202131807,11
3,0,7,1,0,0,2,0.974479117729794,0.0751759421611724,15
3,1,-7,0,1,1,0,0.0209370754136523,0.143590927051824,2
3,1,-7,0,1,1,1,0.0261193837222289,0.224169344073603,2
3,1,-7,0,1,1,2,0.0352376439640946,0.242091807227355,1
3,1,-7,1,0,0,0,0.0320247698388647,0.166040143664191,8
3,1,-7,1,0,0,1,0.0357530552755888,0.141791647235925,11
3,1,-7,1,0,0,2,0.0391528633326885,0.108214663347626,19
3,1,-7,1,0,1,0,0.0224509307945558,0.140655627446369,2
3,1,-7,1,0,1,1,0.0280942260909501,0.231901654987981,3
3,1,-7,1,0,1,2,0.0358777423388743,0.214166705731438,9
3,1,-7,1,1,0,0,0.0265152881310588,0.196476112909038,0
3,1,-7,1,1,0,1,0.0318932811433984,0.207074978415899,4
3,1,-7,1,1,0,2,0.0367064861972289,0.192841039845981,8
3,1,-7,1,1,1,0,0.0198125008434976,0.172639065780843,0
3,1,-7,1,1,1,1,0.0256105041615069,0.271046393219691,3
3,1,-7,1,1,1,2,0.0335934350704161,0.329898833566794,5
3,1,-6,0,0,0,0,0.0574775089860331,0.168363769753408,78
3,1,-6,0,0,0,1,0.0617015120683847,0.12759177826709,76
3,1,-6,0,0,0,2,0.0648877005371753,0.0865414962100106,67
3,1,-6,0,0,1,0,0.0397563356244028,0.213756906291377,3
3,1,-6,0,0,1,1,0.0469014241731884,0.319259496702429,1
3,1,-6,0,0,1,2,0.0591727598483479,0.27600283791104,11
3,1,-6,0,1,0,0,0.0457557502483664,0.227961804625807,4
3,1,-6,0,1,0,1,0.0534275487810067,0.236793080283216,18
3,1,-6,0,1,0,2,0.0601233276534732,0.246526629893406,25
3,1,-6,0,1,1,0,0.0327654906384632,0.244988782021791,1
3,1,-6,0,1,1,1,0.0414726331783324,0.363185877688583,3
3,1,-6,0,1,1,2,0.0561599425051674,0.391035665646774,2
3,1,-6,1,0,0,0,0.0508914478985704,0.272686824154431,21
3,1,-6,1,0,0,1,0.0569999799673308,0.229756558078687,35
3,1,-6,1,0,0,2,0.0624985756348284,0.172840246060138,41
3,1,-6,1,0,1,0,0.0352938488859334,0.240094173912737,0
3,1,-6,1,0,1,1,0.0446783206637885,0.375152513410737,6
3,1,-6,1,0,1,2,0.0572169168913225,0.345058430780596,13
3,1,-6,1,1,0,0,0.0416798612766882,0.330219561773698,5
3,1,-6,1,1,0,1,0.0506061101129216,0.340592148885744,10
3,1,-6,1,1,0,2,0.0585141135672252,0.311725285952366,22
3,1,-4,1,0,0,0,0.121436298641949,0.619232075162291,50
3,1,-4,1,0,0,1,0.135275819970134,0.514445695000877,74
3,1,-4,1,0,0,2,0.147559148577309,0.381550642288395,99
3,1,-4,1,0,1,0,0.0864008433486791,0.569467048283593,12
3,1,-4,1,0,1,1,0.107987353598161,0.836370116582585,21
3,1,-4,1,0,1,2,0.135823188980791,0.766790419725377,35
3,1,3,1,0,0,0,0.761933394245425,1.55116213090368,113
3,1,3,1,0,0,1,0.79608160087641,1.1698475313741,146
3,1,3,1,0,0,2,0.823536557721744,0.774784185311926,130
3,1,3,1,0,1,0,0.679871924447032,1.92275030167605,8
3,1,3,1,0,1,1,0.738423308311641,1.89863432830502,15
3,1,3,1,0,1,2,0.798002927239973,1.658843212134,19
3,1,3,1,1,0,0,0.702847089191758,2.24657897765955,27
3,1,3,1,1,0,1,0.757609602693857,1.93566728037336,41
3,1,3,1,1,0,2,0.802465452344673,1.54648596384539,53
3,1,3,1,1,1,0,0.619364735959958,2.74028357576521,6
3,1,3,1,1,1,1,0.69328290223451,2.80447456808759,11
3,1,3,1,1,1,2,0.768572160855772,2.90506678020971,13
3,1,4,0,0,0,0,0.863649472594812,0.688956846405032,257
3,1,4,0,0,0,1,0.880697311486928,0.457304981150378,186
3,1,4,0,0,0,2,0.89195326098366,0.263086154352915,148
3,1,4,0,0,1,0,0.804572029603536,1.16623929404829,2
3,1,4,0,0,1,1,0.836666436292976,1.06766965146736,6
3,1,4,0,0,1,2,0.875423090838671,0.842524901409501,5
3,1,4,0,1,0,0,0.819484766926988,1.17942368564544,10
3,1,4,0,1,0,1,0.852385780445116,0.95302281912363,13
3,1,4,0,1,0,2,0.877471502097047,0.777771535134135,22
3,1,4,0,1,1,0,0.751974596658647,1.65972250993767,2
3,1,4,0,1,1,1,0.801344586745897,1.58163420381342,4
3,1,4,0,1,1,2,0.857130725577681,1.5319287710103,8
3,1,4,1,0,0,0,0.833017100460682,1.27218600973397,51
3,1,4,1,0,0,1,0.860995997501914,0.934633226819303,71
3,1,4,1,0,0,2,0.882874094529157,0.601087652059383,61
3,1,4,1,0,1,0,0.766019153818666,1.66616504177426,1
3,1,4,1,0,1,1,0.815124425532237,1.55108365971499,5
3,1,4,1,0,1,2,0.862648869430126,1.30929247685752,5
3,1,4,1,1,0,0,0.783456575303714,1.90974730022551,12
3,1,4,1,1,0,1,0.82929871010984,1.58413501068998,21
3,1,4,1,1,0,2,0.865977597442874,1.22563717781693,28
3,1,6,1,0,0,0,0.925618196654669,0.718855114104121,15
3,1,6,1,0,0,1,0.941431698763616,0.501668825010662,16
3,1,6,1,0,0,2,0.953120408555059,0.305180949952189,14
3,1,6,1,0,1,0,0.887904319768653,1.02976977377621,0
3,1,6,1,0,1,1,0.916891236590216,0.872918534376574,2
3,1,6,1,0,1,2,0.942474135881466,0.684903067813992,4
3,1,6,1,1,0,0,0.896561860270553,1.14944864075174,4
3,1,6,1,1,0,1,0.923528131612563,0.88723879452672,5
3,1,6,1,1,0,2,0.944061341245058,0.645164350482335,4
4,0,-8,1,0,1,0,0.0451004191383204,0.540489375386701,0
4,0,-8,1,0,1,1,0.0305186683803465,0.413516068614645,2
4,0,-8,1,0,1,2,0.0190783838832999,0.29193106734555,2
4,0,-8,1,1,0,0,0.0415768263631886,0.588518300850835,4
4,0,-8,1,1,0,1,0.0280828801615015,0.414749939269366,4
4,0,-8,1,1,0,2,0.0184800227336116,0.277000731523905,6
4,0,-8,1,1,1,0,0.0655662310895908,0.914387973795451,3
4,0,-8,1,1,1,1,0.0436180779005446,0.717195908146389,0
4,0,-8,1,1,1,2,0.0261260740691962,0.579805669289426,2
4,0,-7,0,0,0,0,0.0325972834028748,0.266298388824603,105
4,0,-7,0,0,0,1,0.0260353290456601,0.162360649722856,77
4,0,-7,0,0,0,2,0.0220536285602085,0.0849031858609937,55
4,0,-7,0,0,1,0,0.0536659129273622,0.515373072206799,0
4,0,-7,0,0,1,1,0.0405411230536385,0.389545001637835,0
4,0,-7,0,0,1,2,0.0272828501365766,0.273552462227809,1
4,0,-7,0,1,0,0,0.0491784968888529,0.506845902620835,3
4,0,-7,0,1,0,1,0.0358794724619948,0.358072537667005,5
4,0,-7,0,1,0,2,0.0267178211619524,0.255463317198101,7
4,0,-7,0,1,1,0,0.0775202621046543,0.820001803960065,1
4,0,-7,0,1,1,1,0.055309726693622,0.662020691653071,3
4,0,-7,0,1,1,2,0.0343821158729127,0.54668636942638,1
4,0,-7,1,0,0,0,0.0449539059888282,0.525788353701731,21
4,0,-7,1,0,0,1,0.0333782153468971,0.351810704498342,33
4,0,-7,1,0,0,2,0.0252132305671561,0.204007448563882,20
4,0,-7,1,0,1,0,0.0724946867501987,0.80217814829882,1
4,0,-7,1,0,1,1,0.0505636101771505,0.638745782075304,8
4,0,-7,1,0,1,2,0.0325481934797144,0.469513550401985,3
4,0,-7,1,1,0,0,0.0667792789709134,0.880619103231942,5
4,0,-7,1,1,0,1,0.0464322759402532,0.643590846565451,11
4,0,-7,1,1,0,2,0.0315430734554318,0.444423871082963,11
4,0,-5,1,0,0,0,0.114003594079472,1.09010599583809,53
4,0,-5,1,0,0,1,0.0900567212334337,0.773462528721123,70
4,0,-5,1,0,0,2,0.0720128020420181,0.477477418391644,65
4,0,-5,1,0,1,0,0.171100323866677,1.52519317048863,4
4,0,-5,1,0,1,1,0.127825930791086,1.33006804874759,14
4,0,-5,1,0,1,2,0.0885530185091159,1.0653305630257,9
4,0,-5,1,1,0,0,0.1576676123629,1.71062580732911,12
4,0,-5,1,1,0,1,0.117354942554369,1.35333919420427,30
4,0,-5,1,1,0,2,0.0860557795802014,1.00276844814097,27
4,0,-5,1,1,1,0,0.223988025380071,2.3337456871053,1
4,0,-5,1,1,1,1,0.16494693459701,2.12788298583363,10
4,0,-5,1,1,1,2,0.110730022685396,1.98159819319783,7
4,0,-4,0,0,0,0,0.138257764385536,0.780562619479147,428
4,0,-4,0,0,0,1,0.118955973081229,0.515544817250579,287
4,0,-4,0,0,0,2,0.106278970198505,0.293915201836647,215
4,0,2,1,1,1,0,0.89060458917513,1.17705414739324,14
4,0,2,1,1,1,1,0.853144016225534,1.63836688886794,41
4,0,2,1,1,1,2,0.80528114357587,1.95068315705147,48
4,0,3,0,0,0,0,0.864313553168688,0.40979626232251,609
4,0,3,0,0,0,1,0.854037881023094,0.308678738115301,448
4,0,3,0,0,0,2,0.846333202619558,0.208143954599224,379
4,0,3,0,0,1,0,0.907107314426384,0.52467499902458,2
4,0,3,0,0,1,1,0.88962790874268,0.770614405268982,27
4,0,3,0,0,1,2,0.860058837912355,0.663889116785817,60
4,0,3,0,1,0,0,0.892749013952677,0.561098903091536,41
4,0,3,0,1,0,1,0.874021112626359,0.575561234180638,79
4,0,3,0,1,0,2,0.85779142346351,0.593552340313664,94
4,0,3,0,1,1,0,0.92474922104768,0.612900273490575,11
4,0,3,0,1,1,1,0.903150468909418,0.883833140950475,25
4,0,3,0,1,1,2,0.867510545383274,0.948359997102463,26
4,0,3,1,0,0,0,0.880438167236878,0.668227233608664,165
4,0,3,1,0,0,1,0.865478775932595,0.558646739892191,209
4,0,3,1,0,0,2,0.852120068692613,0.417396158156201,202
4,0,3,1,0,1,0,0.918527291730202,0.60060454725098,19
4,0,3,1,0,1,1,0.895348035329374,0.911870542963935,37
4,0,3,1,0,1,2,0.864917059475359,0.835835461851274,46
4,0,3,1,1,0,0,0.903197498511058,0.819321789374508,36
4,0,3,1,1,0,1,0.88117043870429,0.833898133918187,70
4,0,3,1,1,0,2,0.861809122521865,0.756083916180175,95
4,0,5,1,0,0,0,0.955939308383333,0.263793550522421,45
4,0,5,1,0,0,1,0.950021615529385,0.222499392690855,67
4,0,5,1,0,0,2,0.944690537816567,0.167827659875348,85
4,0,5,1,0,1,0,0.971126635437011,0.23025886973431,4
4,0,5,1,0,1,1,0.962045299439887,0.365119067145929,17
4,0,5,1,0,1,2,0.949819574868022,0.334740024006096,30
4,0,5,1,1,0,0,0.964833077059273,0.318741794250567,19
4,0,5,1,1,0,1,0.956186543142273,0.329336408584363,25
4,0,5,1,1,0,2,0.948541719767468,0.301848750599508,33
4,0,5,1,1,1,0,0.975979462954233,0.291833285400334,3
4,0,5,1,1,1,1,0.966403352517235,0.435096746176303,11
4,0,5,1,1,1,2,0.95362098680353,0.523822676874843,15
4,0,6,0,0,0,0,0.970636110280626,0.096993890627829,97
4,0,6,0,0,0,1,0.968199549133754,0.0740722297211263,84
4,0,6,0,0,0,2,0.96634753543201,0.0507737098612589,91
4,0,6,0,0,1,0,0.98101620896278,0.121985854247235,2
4,0,6,0,0,1,1,0.976921957825743,0.186872010203509,4
4,0,6,0,0,1,2,0.969714505916735,0.161984434685559,9
4,1,-8,0,0,0,0,0.0165152902934907,0.0459465837497655,33
4,1,-8,0,0,0,1,0.0176738857844639,0.0360927519793647,27
4,1,-8,0,0,0,2,0.0185793057765854,0.0255410246294589,32
4,1,-8,0,0,1,0,0.0113798008007998,0.0557306696015145,0
4,1,-8,0,0,1,1,0.0132782778937712,0.0923092209648842,5
4,1,-8,0,0,1,2,0.0168736391578011,0.0812637696350205,4
4,1,-8,0,1,0,0,0.013230887885443,0.0582300400225792,2
4,1,-8,0,1,0,1,0.0153037408380783,0.0645587244570048,4
4,1,-8,0,1,0,2,0.0171738567035785,0.0719830314522919,6
4,1,-8,0,1,1,0,0.00998142657863653,0.05745806799596,2
4,1,-8,0,1,1,1,0.0120986414527102,0.100200963918354,1
4,1,-8,0,1,1,2,0.0162038811120943,0.10713263657311,4
4,1,-8,1,0,0,0,0.0147992548016378,0.0713540503403045,12
4,1,-8,1,0,0,1,0.0164113152195667,0.0624363548708307,14
4,1,-8,1,0,0,2,0.0179177276777953,0.0491503901839097,23
4,1,-8,1,0,1,0,0.0105928460460067,0.0567408770576773,0
4,1,-8,1,0,1,1,0.0129713371060194,0.103374390790299,3
4,1,-8,1,0,1,2,0.0164784745790676,0.094874992389676,4
4,1,-8,1,1,0,0,0.012537518912846,0.0811679976220254,4
4,1,-8,1,1,0,1,0.0148209488436537,0.0883876099384252,7
4,1,-8,1,1,0,2,0.0168785521793285,0.0846882546028006,6
4,1,-6,1,0,0,0,0.040540145718405,0.230660964161348,34
4,1,-6,1,0,0,1,0.0457126958591045,0.194955731256508,42
4,1,-6,1,0,0,2,0.0503827404206431,0.147216668517913,58
4,1,-6,1,0,1,0,0.0272819811106772,0.200698846763357,4
4,1,-6,1,0,1,1,0.0352017102243761,0.319265671863601,10
4,1,-6,1,0,1,2,0.0458891736491727,0.293432335821383,14
4,1,-6,1,1,0,0,0.0327785403936539,0.277846368696938,14
4,1,-6,1,1,0,1,0.0403181055971511,0.28807763719707,17
4,1,-6,1,1,0,2,0.0470061433244673,0.264691360490558,21
4,1,-6,1,1,1,0,0.0231153579624182,0.252435937863313,3
4,1,-6,1,1,1,1,0.0314200028695079,0.37937407997154,5
4,1,-6,1,1,1,2,0.0425650449600144,0.458434310093437,7
4,1,-5,0,0,0,0,0.0750325297893514,0.227996688836327,178
4,1,-5,0,0,0,1,0.0807516554836231,0.172310490610093,134
4,1,-5,0,0,0,2,0.0850540495382431,0.116617426246361,132
4,1,-5,0,0,1,0,0.0510932787215653,0.29054043134249,3
4,1,-5,0,0,1,1,0.0607932795709161,0.431117492767865,5
4,1,-5,0,0,1,2,0.077354624626538,0.371982779791749,13
4,1,-5,0,1,0,0,0.0591750242314752,0.310179441290086,17
4,1,-5,0,1,0,1,0.0695832823731252,0.320373844299789,24
4,1,-5,0,1,0,2,0.0786341907995928,0.33230304254705,47
4,1,2,0,0,1,0,0.637177857451202,1.65141656880347,6
4,1,2,0,0,1,1,0.685355949560371,1.74117209539811,22
4,1,2,0,0,1,2,0.74982228720485,1.43425041368632,32
4,1,2,0,1,0,0,0.663724197051606,1.70898637379052,55
4,1,2,0,1,0,1,0.713561250540604,1.49413975232991,81
4,1,2,0,1,0,2,0.753619497231079,1.31484664095563,102
4,1,2,0,1,1,0,0.564547513324694,2.19505822567112,7
4,1,2,0,1,1,1,0.63417573177708,2.34503502006455,23
4,1,2,0,1,1,2,0.722179586187695,2.46125441923995,25
4,1,2,1,0,0,0,0.687379225652295,1.89411395246423,219
4,1,2,1,0,0,1,0.729113605048568,1.46406552548851,276
4,1,2,1,0,0,2,0.763549036954462,0.996561139303077,296
4,1,2,1,0,1,0,0.58697221480634,2.22281246739606,12
4,1,2,1,0,1,1,0.656928446944874,2.33692898550188,30
4,1,2,1,0,1,2,0.73146378495424,2.09521344615799,42
4,1,2,1,1,0,0,0.616958700473697,2.6467614207297,45
4,1,2,1,1,0,1,0.682503385298039,2.36481293932712,85
4,1,2,1,1,0,2,0.737380147259396,1.94671250159429,89
4,1,4,1,0,0,0,0.850391442868532,1.29001003406335,93
4,1,4,1,0,0,1,0.8787300903631,0.936942497667295,137
4,1,4,1,0,0,2,0.900629478612751,0.593477821905265,127
4,1,4,1,0,1,0,0.782713794208414,1.73270396668365,5
4,1,4,1,0,1,1,0.83293007607509,1.57578495402141,17
4,1,4,1,0,1,2,0.880421667428022,1.30559183366865,20
4,1,4,1,1,0,0,0.799595173303605,1.96675358826206,13
4,1,4,1,1,0,1,0.846432850108129,1.60704214184902,31
4,1,4,1,1,0,2,0.883614936338892,1.2253935004659,36
4,1,4,1,1,1,0,0.724583534972342,2.5746165515121,4
4,1,4,1,1,1,1,0.791101762455884,2.45124971460352,7
4,1,4,1,1,1,2,0.854608361553332,2.37754536225448,13
4,1,5,0,0,0,0,0.925024030156219,0.50252245053776,206
4,1,5,0,0,0,1,0.937430749400898,0.320777511149719,135
4,1,5,0,0,0,2,0.945306216643978,0.176185950235915,98
4,1,5,0,0,1,0,0.883720587031689,0.910528824144206,0
4,1,5,0,0,1,1,0.907749900215897,0.75396075383498,5
4,1,5,0,0,1,2,0.934352762866822,0.565847068178229,8
4,1,5,0,1,0,0,0.893311757864694,0.90634856412281,11
4,1,5,0,1,0,1,0.91777664010548,0.687730777535747,21
4,1,5,0,1,0,2,0.935613753989211,0.525761202397964,16
4,1,5,0,1,1,0,0.841948035629635,1.36564953182615,1
4,1,5,0,1,1,1,0.880674005235544,1.20301661209034,2
4,1,5,0,1,1,2,0.920773151682548,1.08233547939507,3
4,1,5,1,0,0,0,0.902175985414029,0.958207046344169,49
4,1,5,1,0,0,1,0.923231042565179,0.675066352301579,61
4,1,5,1,0,0,2,0.938970004440041,0.413731276407518,52
5,0,-9,0,1,1,0,0.0215525203394816,0.302217635903483,1
5,0,-9,0,1,1,1,0.0138661383997864,0.211734450942916,2
5,0,-9,0,1,1,2,0.00769167014670609,0.150603685212977,1
5,0,-9,1,0,0,0,0.0113064522520157,0.169591937704279,11
5,0,-9,1,0,0,1,0.0075514947225501,0.10334445726172,8
5,0,-9,1,0,0,2,0.00517809768956252,0.0538030938909482,11
5,0,-9,1,0,1,0,0.0202265561568541,0.289611648847546,0
5,0,-9,1,0,1,1,0.0126124172124233,0.20320141344488,1
5,0,-9,1,0,1,2,0.00722711803119076,0.130102987577337,2
5,0,-9,1,1,0,0,0.0186739880124848,0.310339282967818,1
5,0,-9,1,1,0,1,0.0116702634416205,0.201674590967309,2
5,0,-9,1,1,0,2,0.00698941341815359,0.124161201180029,5
5,0,-7,1,0,0,0,0.0345051517855109,0.460610760658249,36
5,0,-7,1,0,0,1,0.024355292857757,0.298742810280308,37
5,0,-7,1,0,0,2,0.0174412338997902,0.166900091060077,27
5,0,-7,1,0,1,0,0.0586267707949619,0.732579037946832,2
5,0,-7,1,0,1,1,0.0389514273475264,0.559543753472155,2
5,0,-7,1,0,1,2,0.0235833213549432,0.391656834244336,6
5,0,-7,1,1,0,0,0.0539727259327637,0.796264341877426,8
5,0,-7,1,1,0,1,0.0357487248447275,0.560213529491356,10
5,0,-7,1,1,0,2,0.0227930330527772,0.371977813493156,11
5,0,-7,1,1,1,0,0.0864783630880707,1.23858068249338,3
5,0,-7,1,1,1,1,0.0568436092416637,0.97387700458761,3
5,0,-7,1,1,1,2,0.0331798318970911,0.783293674235041,1
5,0,-6,0,0,0,0,0.041561331059018,0.361567248305213,242
5,0,-6,0,0,0,1,0.0326511357901434,0.220340097991734,177
5,0,-6,0,0,0,2,0.0272525278677643,0.114651110405817,116
5,0,-6,0,0,1,0,0.0700283976646528,0.701448615876579,0
5,0,-6,0,0,1,1,0.0522157641379698,0.529572021195338,3
5,0,-6,0,0,1,2,0.0343008957595805,0.369524864866103,9
5,0,-6,0,1,0,0,0.0640273840277522,0.688730850944588,11
5,0,-6,0,1,0,1,0.0459996717219391,0.487212779327877,25
5,0,-6,0,1,0,2,0.0335521412421122,0.345573190223475,25
5,0,-6,0,1,1,0,0.102578750357827,1.11319301449721,1
5,0,-6,0,1,1,1,0.0724589713913343,0.904386286747881,6
5,0,-6,0,1,1,2,0.0440473494011762,0.74476069045317,4
5,0,-6,1,0,0,0,0.0583612658419197,0.714032852552569,57
5,0,-6,1,0,0,1,0.0426614735293488,0.478590535601075,79
5,0,-6,1,0,0,2,0.0315500871514239,0.27689790162865,70
5,0,-6,1,0,1,0,0.0956839477482672,1.08973211336301,4
5,0,-6,1,0,1,1,0.0660058779590298,0.871928501468401,9
5,0,-6,1,0,1,2,0.0415520882419131,0.639585584929851,11
5,0,1,1,0,0,0,0.743957875772711,1.3899638369176,299
5,0,1,1,0,0,1,0.712882007336812,1.15710383477723,373
5,0,1,1,0,0,2,0.685245992729205,0.860275580516816,373
5,0,1,1,0,1,0,0.822678485804911,1.26990281357765,24
5,0,1,1,0,1,1,0.774306447771945,1.88142135166169,65
5,0,1,1,0,1,2,0.711646692348963,1.72578522488337,72
5,0,1,1,1,0,0,0.791524625876642,1.71721860208671,57
5,0,1,1,1,0,1,0.74560792810227,1.73424343710158,130
5,0,1,1,1,0,2,0.705333961347414,1.56417063305046,143
5,0,3,1,0,0,0,0.90212731324903,0.587427509325437,139
5,0,3,1,0,0,1,0.888953992715056,0.494306884522729,189
5,0,3,1,0,0,2,0.877115102018248,0.372056943529308,236
5,0,3,1,0,1,0,0.935881196739707,0.516377540289867,12
5,0,3,1,0,1,1,0.91561186414927,0.810441362131876,29
5,0,3,1,0,1,2,0.888491745646042,0.742624115948802,50
5,0,3,1,1,0,0,0.921979564096985,0.712506644514419,47
5,0,3,1,1,0,1,0.902688772282432,0.733085087676643,64
5,0,3,1,1,0,2,0.885670137545084,0.670053699078535,101
5,0,3,1,1,1,0,0.946953786165621,0.657991690092023,6
5,0,3,1,1,1,1,0.925462505927736,0.969408272831582,24
5,0,3,1,1,1,2,0.897000672348727,1.16425800258301,31
5,0,4,0,0,0,0,0.934525247404416,0.219444478937742,436
5,0,4,0,0,0,1,0.92901418071304,0.167013091813359,313
5,0,4,0,0,0,2,0.924839337157417,0.114127502689205,262
5,0,4,0,0,1,0,0.957913107752006,0.27721769671236,4
5,0,4,0,0,1,1,0.948622594386905,0.420904493493873,16
5,0,4,0,0,1,2,0.932402507472188,0.364129468501744,30
5,0,4,0,1,0,0,0.949886144158282,0.294366136675569,36
5,0,4,0,1,0,1,0.939875693566379,0.308222752296879,64
5,0,4,0,1,0,2,0.931121758023302,0.324458928407419,76
5,0,4,0,1,1,0,0.966535496876921,0.31368576908363,10
5,0,4,0,1,1,1,0.955342892020041,0.474609380689064,19
5,0,4,0,1,1,2,0.936105041343484,0.506812654902492,25
5,0,4,1,0,0,0,0.943031928767859,0.353598229214587,115
5,0,4,1,0,0,1,0.935094193344102,0.298662342119502,148
5,0,4,1,0,0,2,0.927934332833173,0.225731337869686,177
5,0,4,1,0,1,0,0.963450381185962,0.306777678583814,7
5,0,4,1,0,1,1,0.951286757102069,0.491043830121029,22
5,0,4,1,0,1,2,0.934828886646426,0.449823331670373,31
5,0,4,1,1,0,0,0.954930017232728,0.426210201006522,34
5,0,4,1,1,0,1,0.943343046917737,0.441341756923501,51
5,0,4,1,1,0,2,0.933098574700216,0.405253457473643,69
5,1,-10,1,0,1,0,0.00430186325590373,0,0
5,1,-10,1,0,1,1,0.00430186325590373,0,5
5,1,-10,1,0,1,2,0.00430186325590373,1.93250729010603e-21,9
5,1,-10,1,1,0,0,0.00430186325590373,3.84961255275595e-21,0
5,1,-10,1,1,0,1,0.00430186325590373,0,4
5,1,-10,1,1,0,2,0.00430186325590373,8.7678906785494e-22,12
5,1,-8,1,0,0,0,0.0100491495181022,0.05271780923258,21
5,1,-8,1,0,0,1,0.0112409086039773,0.046165269099901,23
5,1,-8,1,0,0,2,0.0123553010846218,0.0363739930339604,22
5,1,-8,1,0,1,0,0.00692997988461089,0.0418148050319025,1
5,1,-8,1,0,1,1,0.00868652965712621,0.0766347402900526,1
5,1,-8,1,0,1,2,0.0112880491619037,0.0702652714217542,3
5,1,-8,1,1,0,0,0.00837838060979547,0.0598776783641816,7
5,1,-8,1,1,0,1,0.010065452634094,0.0653331974706416,9
5,1,-8,1,1,0,2,0.0115858374462299,0.0626668865355107,10
5,1,-8,1,1,1,0,0.00633228876152515,0.0486975769663381,2
5,1,-8,1,1,1,1,0.008060261319648,0.0864066285352476,4
5,1,-8,1,1,1,2,0.010619384664732,0.106447348796616,7
5,1,-7,0,0,0,0,0.019998581299504,0.065350451296229,91
5,1,-7,0,0,0,1,0.0216418729786534,0.0503578321488043,79
5,1,-7,0,0,0,2,0.0229022945638153,0.0348479860896473,73
5,1,-7,0,0,1,0,0.0129131185946353,0.0812540835730293,0
5,1,-7,0,0,1,1,0.015652218890233,0.127561529937986,3
5,1,-7,0,0,1,2,0.020586168738524,0.111137152651991,5
5,1,-7,0,1,0,0,0.0153899918458877,0.0857301405421797,8
5,1,-7,0,1,0,1,0.0183551701002436,0.0919651478860774,16
5,1,-7,0,1,0,2,0.0209840281167558,0.0988265993248317,20
5,1,-7,0,1,1,0,0.0105617464961292,0.088445496896834,0
5,1,-7,0,1,1,1,0.0137659699166651,0.141435460047877,3
5,1,-7,0,1,1,2,0.0195309333886103,0.151724515669242,5
5,1,-7,1,0,0,0,0.0174979026309079,0.103824472888475,23
5,1,-7,1,0,0,1,0.0198335922213986,0.0890342777358438,35
5,1,-7,1,0,0,2,0.0219718963168612,0.0683044193063016,46
5,1,-7,1,0,1,0,0.0114553235761594,0.0867862466449007,2
5,1,-7,1,0,1,1,0.0149744560506785,0.146538836656532,5
5,1,-7,1,0,1,2,0.0199047200003519,0.134986019482071,11
5,1,-7,1,1,0,0,0.0140699553011728,0.121984116446853,4
5,1,-7,1,1,0,1,0.0174288683039766,0.129511707174818,12
5,1,-7,1,1,0,2,0.0204377957990965,0.121229078643934,12
5,1,-7,1,1,1,0,0.00990346045723228,0.105608357642574,0
5,1,-7,1,1,1,1,0.0134889226604435,0.169923623753327,3
5,1,-7,1,1,1,2,0.0185039061116497,0.207133095181392,6
5,1,-6,0,0,0,0,0.0349777030357138,0.115002850583265,169
5,1,-6,0,0,0,1,0.0378664703491221,0.087791203901752,142
5,1,-6,0,0,0,2,0.0400613559560122,0.0601452026692249,130
5,1,2,1,0,0,0,0.705061199014868,2.05978913546602,226
5,1,2,1,0,0,1,0.75036918171243,1.58954578966622,285
5,1,2,1,0,0,2,0.787699992651936,1.07759440515288,285
5,1,2,1,0,1,0,0.596778279612304,2.44662588511523,18
5,1,2,1,0,1,1,0.672834064614347,2.53385240380354,39
5,1,2,1,0,1,2,0.753002395752885,2.26881816905188,59
5,1,2,1,1,0,0,0.628317444101346,2.88725195115611,60
5,1,2,1,1,0,1,0.699501618548397,2.57277802121021,90
5,1,2,1,1,0,2,0.759223962619452,2.11331596192053,87
5,1,2,1,1,1,0,0.523797630722987,3.34925359490023,11
5,1,2,1,1,1,1,0.616580174398849,3.61791793948802,23
5,1,2,1,1,1,2,0.714887302144626,3.88745049193214,37
5,1,3,0,0,0,0,0.841153293449729,0.927561111013796,728
5,1,3,0,0,0,1,0.864091946251584,0.618854984353307,501
5,1,3,0,0,0,2,0.879310712609267,0.355626336591013,378
5,1,3,0,0,1,0,0.76199624185507,1.56542725920763,0
5,1,3,0,0,1,1,0.804981654199637,1.43779994994389,15
5,1,3,0,0,1,2,0.85702920663045,1.1388282545984,30
5,1,3,0,1,0,0,0.781811133076494,1.58063499674063,45
5,1,3,0,1,0,1,0.825815450631872,1.2903696858513,65
5,1,3,0,1,0,2,0.859725141433753,1.05348259235254,69
5,1,3,0,1,1,0,0.690876126292394,2.19217667195499,7
5,1,3,0,1,1,1,0.756580327393332,2.13160369717081,16
5,1,3,0,1,1,2,0.831590695730596,2.09217385532396,18
5,1,3,1,0,0,0,0.799830483260668,1.70590477049188,168
5,1,3,1,0,0,1,0.837269319920434,1.26629336849518,199
5,1,3,1,0,0,2,0.866890243764085,0.81861092434683,182
5,1,3,1,0,1,0,0.710513054780358,2.20986314556693,16
5,1,3,1,0,1,1,0.775578106146267,2.09110318185219,29
5,1,3,1,0,1,2,0.839324622356067,1.78407232566593,41
5,1,3,1,1,0,0,0.733623232824291,2.52938041675151,43
5,1,3,1,1,0,1,0.79434248545287,2.13498423179856,71
5,1,3,1,1,0,2,0.843752985879947,1.67227428766928,67
5,1,3,1,1,1,0,0.639383511830457,3.16526137684772,7
5,1,3,1,1,1,1,0.722822518787982,3.15915313721778,19
5,1,3,1,1,1,2,0.805688302432552,3.18270973194107,32
5,1,4,0,0,0,0,0.900898396182725,0.683893093205835,486
5,1,4,0,0,0,1,0.917782339499724,0.440971689525857,350
5,1,4,0,0,0,2,0.928603408055259,0.243774062764464,264
6,0,-9,1,0,1,0,0.0137862253470365,0.224722814606237,1
6,0,-9,1,0,1,1,0.00795708471619282,0.147834834330725,7
6,0,-9,1,0,1,2,0.00414049281921269,0.0876137610170991,1
6,0,-9,1,1,0,0,0.012724507393659,0.23864929110288,6
6,0,-9,1,1,0,1,0.00738779381429248,0.145809296307951,5
6,0,-9,1,1,0,2,0.00399393212801901,0.0839416401427347,8
6,0,-9,1,1,1,0,0.0229506182456499,0.421525703577968,2
6,0,-9,1,1,1,1,0.013224546414803,0.280569948838434,1
6,0,-9,1,1,1,2,0.00665445269491526,0.189291661264164,0
6,0,-8,0,0,0,0,0.0083558644467452,0.105022636596884,114
6,0,-8,0,0,0,1,0.00577981629788787,0.0576825482575455,75
6,0,-8,0,0,0,2,0.00436563831262909,0.0268131284885798,57
6,0,-8,0,0,1,0,0.0160802219695822,0.229666579210951,0
6,0,-8,0,0,1,1,0.0105691380582259,0.14692373877507,4
6,0,-8,0,0,1,2,0.00598085018846395,0.0871210163406637,5
6,0,-8,0,1,0,0,0.0147446936991297,0.221932373926765,6
6,0,-8,0,1,0,1,0.00919409591724054,0.135194343900977,7
6,0,-8,0,1,0,2,0.00583132749381184,0.0821814894712137,9
6,0,-8,0,1,1,0,0.0268079064706528,0.405086620168684,0
6,0,-8,0,1,1,1,0.0166039147489334,0.277842455601618,4
6,0,-8,0,1,1,2,0.00861968762621277,0.191272399816457,3
6,0,-8,1,0,0,0,0.0134220735959608,0.222503939642247,32
6,0,-8,1,0,0,1,0.00849201807106521,0.133132771250079,34
6,0,-8,1,0,0,2,0.0054380766955866,0.0676632613432882,22
6,0,-8,1,0,1,0,0.0251392534364128,0.386925742922194,0
6,0,-8,1,0,1,1,0.0150281171255745,0.266371232186896,4
6,0,-8,1,0,1,2,0.00805438985545762,0.165706005370844,7
6,0,-8,1,1,0,0,0.0231755899013564,0.413318749147999,6
6,0,-8,1,1,0,1,0.0138724924094623,0.263622619174516,7
6,0,-8,1,1,0,2,0.00776009140153682,0.158367269609841,3
6,0,-8,1,1,1,0,0.0406557005222563,0.7040804432893,1
6,0,-8,1,1,1,1,0.0242852009881828,0.493842840452839,2
6,0,-8,1,1,1,2,0.012616511169031,0.350879902651972,1
6,0,-7,0,0,0,0,0.0158507312370075,0.184072563930567,155
6,0,-7,0,0,0,1,0.0113254546864317,0.104397418357844,112
6,0,-7,0,0,0,2,0.00876871321804584,0.0501332714841307,83
6,0,-6,1,1,1,0,0.115729375377521,1.71075387067294,6
6,0,-6,1,1,1,1,0.0750383401763813,1.34880906749093,6
6,0,-6,1,1,1,2,0.0425004582956508,1.07422121114753,7
6,0,-5,0,0,0,0,0.0530520832121453,0.500824183811941,384
6,0,-5,0,0,0,1,0.0407173413869412,0.304933298234315,260
6,0,-5,0,0,0,2,0.0332580678662742,0.157179636953807,194
6,0,1,1,1,1,0,0.877886167650211,1.51832441843749,24
6,0,1,1,1,1,1,0.828473975408577,2.21899111657184,48
6,0,1,1,1,1,2,0.763377371015523,2.66319458679887,63
6,0,2,0,0,0,0,0.84834140365423,0.512030545191706,938
6,0,2,0,0,0,1,0.835482831843708,0.38964155020695,681
6,0,2,0,0,0,2,0.82574315930783,0.266201151830025,578
6,0,2,0,0,1,0,0.902885240523194,0.646943326785879,8
6,0,2,0,0,1,1,0.881205804820922,0.981610272370721,38
6,0,2,0,0,1,2,0.843381062041029,0.849268942285858,53
6,0,2,0,1,0,0,0.884175369017341,0.687062529929792,54
6,0,2,0,1,0,1,0.86081952791773,0.719171619547615,91
6,0,2,0,1,0,2,0.84039676420313,0.756827241687058,138
6,0,2,0,1,1,0,0.923053817002615,0.732411880238565,11
6,0,2,0,1,1,1,0.89692235491572,1.10718743677909,37
6,0,2,0,1,1,2,0.852044591674214,1.18288940877999,30
6,0,2,1,0,0,0,0.868197573406925,0.825191645803758,234
6,0,2,1,0,0,1,0.849674340452066,0.696922722771884,299
6,0,2,1,0,0,2,0.832968141612315,0.526728450290865,291
6,0,2,1,0,1,0,0.91582352390584,0.716285832649795,27
6,0,2,1,0,1,1,0.887434661146099,1.14538283524601,37
6,0,2,1,0,1,2,0.849048273747042,1.04936850708122,76
6,0,2,1,1,0,0,0.895960189248622,0.994804422107607,47
6,0,2,1,1,0,1,0.86891905868196,1.0297648013211,89
6,0,2,1,1,0,2,0.845014044119078,0.945492557502854,132
6,0,2,1,1,1,0,0.930755200164513,0.907688292488402,14
6,0,2,1,1,1,1,0.900867408153246,1.36137587059319,43
6,0,2,1,1,1,2,0.860841640173172,1.63910168974969,53
6,0,3,0,0,0,0,0.914670430705366,0.298121722282821,692
6,0,3,0,0,0,1,0.907179108064623,0.227730424233879,502
6,0,3,0,0,0,2,0.901483310160416,0.156376050707782,403
6,0,4,1,1,1,0,0.980004576371303,0.282360328968896,10
6,0,4,1,1,1,1,0.970568198149207,0.438238610844781,23
6,0,4,1,1,1,2,0.957649034246513,0.529802642316395,29
6,0,5,0,0,0,0,0.975686879302043,0.0892310982424983,332
6,0,5,0,0,0,1,0.973442666270641,0.06856029074528,235
6,0,5,0,0,0,2,0.971726470573189,0.0474261999698263,194
6,0,5,0,0,1,0,0.985381138374491,0.111386690312836,4
6,0,5,0,0,1,1,0.98162947558653,0.174373171734453,11
6,0,5,0,0,1,2,0.974883928002493,0.151372525778301,22
6,1,-9,0,0,0,0,0.00381175397173883,0.00887677936910342,44
6,1,-9,0,0,0,1,0.00403792038499983,0.00726540324021241,37
6,1,-9,0,0,0,2,0.00422192626332578,0.00549021193493067,30
6,1,-9,0,0,1,0,0.00268244254850204,0.0102016884623521,1
6,1,-9,0,0,1,1,0.00303920477327795,0.0202947387193728,1
6,1,-9,0,0,1,2,0.00384138634388906,0.0176935522184453,4
6,1,-9,0,1,0,0,0.00313858303299857,0.0108688636116621,4
6,1,-9,0,1,0,1,0.00354561320004934,0.0123765108356083,10
6,1,-9,0,1,0,2,0.003919745847566,0.015281336792242,14
6,1,-9,0,1,1,0,0.00265320142934284,0.00902950967325387,2
6,1,-9,0,1,1,1,0.0029884467563803,0.0201283855596409,4
6,1,-9,0,1,1,2,0.00382647032779819,0.0191538382646819,5
6,1,-9,1,0,0,0,0.00351711223474428,0.0130513495570167,9
6,1,-9,1,0,0,1,0.00381832056833048,0.0117395310617723,17
6,1,-9,1,0,0,2,0.00410680712940434,0.00954802054627713,18
6,1,-9,1,0,1,0,0.00264092939609338,0.0101342229374661,2
6,1,-9,1,0,1,1,0.00306805867298212,0.0213526200318929,4
6,1,-9,1,0,1,2,0.00380696213098276,0.0189410527192401,3
6,1,-9,1,1,0,0,0.0031067140651419,0.0141497137455346,3
6,1,-9,1,1,0,1,0.0035236929487119,0.0164222806525524,3
6,1,-9,1,1,0,2,0.00390096570399675,0.0163842668358564,5
6,1,-9,1,1,1,0,0.00262251630429922,0.0104539831492717,0
6,1,-9,1,1,1,1,0.00300439132414861,0.0224526665866958,4
6,1,-9,1,1,1,2,0.00368466935330318,0.0275761907684075,4
6,1,-8,0,0,0,0,0.00701116444080782,0.0227833223361102,80
6,1,-8,0,0,0,1,0.00758604161326324,0.0179435739192341,56
6,1,-8,0,0,0,2,0.00803645006736154,0.0127531607782747,53
6,1,-7,1,1,1,0,0.00613850668134931,0.0729065744699115,4
6,1,-7,1,1,1,1,0.0086316830690331,0.119250732734334,5
6,1,-7,1,1,1,2,0.0121555586560358,0.145489127078496,5
6,1,-6,0,0,0,0,0.024480356403833,0.0854990614028672,215
6,1,-6,0,0,0,1,0.0266296624588629,0.0655630751488129,161
6,1,-6,0,0,0,2,0.0282700230098222,0.0451943473387457,138
6,1,-6,0,0,1,0,0.0152479420368971,0.106979189686986,4
6,1,-6,0,0,1,1,0.0188465666541839,0.166149292606197,5
6,1,-6,0,0,1,2,0.0252663174096111,0.144213647214335,15
6,1,-6,0,1,0,0,0.0184616097249655,0.113073417158535,10
6,1,-6,0,1,0,1,0.0223535259224303,0.120161114832285,24
6,1,-6,0,1,0,2,0.0257821533805009,0.128248874686728,38
6,1,1,0,0,1,0,0.521858278074642,2.07707175556278,6
6,1,1,0,0,1,1,0.586611929801825,2.54419856629577,33
6,1,1,0,0,1,2,0.68228900190145,2.15592787470103,57
6,1,1,0,1,0,0,0.564023594711814,2.20515506792293,72
6,1,1,0,1,0,1,0.631802427466797,2.07438934465693,112
6,1,1,0,1,0,2,0.688562248155894,1.95967717012185,139
6,1,1,0,1,1,0,0.435065582753161,2.6269087217697,7
6,1,1,0,1,1,1,0.522833223456784,3.15552274729844,24
6,1,1,0,1,1,2,0.646867753809865,3.46350472413509,26
6,1,1,1,0,0,0,0.600984308497235,2.51918802492706,279
6,1,1,1,0,0,1,0.656746574404385,2.02878497377794,342
6,1,1,1,0,0,2,0.704748979801772,1.44955688963061,351
6,1,1,1,0,1,0,0.46527127764093,2.63101815499282,22
6,1,1,1,0,1,1,0.555135635020017,3.20792180896258,45
6,1,1,1,0,1,2,0.659950201224807,2.94923903296563,81
6,1,1,1,1,0,0,0.511696572359066,3.29816566188199,69
6,1,1,1,1,0,1,0.596324099811863,3.13806995818737,112
6,1,1,1,1,0,2,0.669314456702894,2.71507640009034,135
6,1,1,1,1,1,0,0.394733767800314,3.47006004977813,19
6,1,1,1,1,1,1,0.49783738395387,4.20653490760729,39
6,1,1,1,1,1,2,0.617436811497946,4.84429614528556,44
6,1,2,0,0,0,0,0.78322479991375,1.26204052276273,1054
6,1,2,0,0,0,1,0.81447046642467,0.867240930266604,744
6,1,2,0,0,0,2,0.835828581989232,0.51293257242695,571
6,1,3,1,1,1,0,0.653190387794253,3.44933214286044,7
6,1,3,1,1,1,1,0.742304997657935,3.36995543670298,20
6,1,3,1,1,1,2,0.828965206187149,3.31279898819179,29
6,1,4,0,0,0,0,0.921993575526561,0.659368164394782,519
6,1,4,0,0,0,1,0.938243891813165,0.414359175072803,368
6,1,4,0,0,0,2,0.948386326306975,0.221010812852872,285
6,1,4,0,0,1,0,0.869250099204645,1.2317244621159,4
6,1,4,0,0,1,1,0.901041548279769,0.983390114467138,9
6,1,4,0,0,1,2,0.934765450757911,0.711539846578754,16
6,1,4,0,1,0,0,0.880799435024953,1.21542455280383,22
6,1,4,0,1,0,1,0.91301770517528,0.903424525312032,30
6,1,4,0,1,0,2,0.936222035674611,0.664942542142623,42
6,1,4,0,1,1,0,0.812016485461441,1.86996424887538,10
6,1,4,0,1,1,1,0.864048433897719,1.62668454975865,10
6,1,4,0,1,1,2,0.916305864249889,1.41721864482102,10
6,1,4,1,0,0,0,0.891639324397632,1.2730543252815,118
6,1,4,1,0,0,1,0.919519945878818,0.88723622619803,139
6,1,4,1,0,0,2,0.940165692698303,0.531131653241285,135
7,0,-10,0,1,1,0,0.00434997414791275,0.0879229420527523,1
7,0,-10,0,1,1,1,0.00227563299334971,0.0486627175929292,0
7,0,-10,0,1,1,2,0.000998789853909125,0.0262834555850043,3
7,0,-10,1,0,0,0,0.00196192652987333,0.0411758705817955,29
7,0,-10,1,0,0,1,0.00103452505910831,0.0211194552687396,35
7,0,-10,1,0,0,2,0.000563681854080404,0.00868608225047219,27
7,0,-10,1,0,1,0,0.00417089989098363,0.0820433936633003,1
7,0,-10,1,0,1,1,0.00208257002932723,0.0464850928368682,5
7,0,-10,1,0,1,2,0.000929033703648151,0.0230116843733963,11
7,0,-10,1,1,0,0,0.00385350635810439,0.0857061132909885,6
7,0,-10,1,1,0,1,0.00197742619416057,0.0453934933337845,12
7,0,-10,1,1,0,2,0.000900007060985695,0.0222557909607007,16
7,0,-10,1,1,1,0,0.00767075310940814,0.167624693944214,0
7,0,-10,1,1,1,1,0.00386998729993988,0.0952250686032724,6
7,0,-10,1,1,1,2,0.0016955634181167,0.0536536952772537,6
7,0,-9,0,0,0,0,0.00216434763302275,0.0361336903468502,79
7,0,-9,0,0,0,1,0.00128584909465125,0.0177647838641051,63
7,0,-9,0,0,0,2,0.000848769165697521,0.00727618704890622,44
7,0,-8,1,1,1,0,0.0284554433979326,0.562812100039469,5
7,0,-8,1,1,1,1,0.0155935708598974,0.360082236120695,6
7,0,-8,1,1,1,2,0.00724633622361562,0.22791688440396,5
7,0,-7,0,0,0,0,0.0092043296126532,0.134324594551806,187
7,0,-7,0,0,0,1,0.0059064674646387,0.0711871126676259,133
7,0,-7,0,0,0,2,0.00416118212479149,0.0315648934455122,108
7,0,-7,0,0,1,0,0.0188356591510775,0.304103443002945,1
7,0,-7,0,0,1,1,0.0116563174569391,0.185995501358975,4
7,0,-7,0,0,1,2,0.00604788863331989,0.102908318561709,5
7,0,-7,0,1,0,0,0.0172935758803451,0.29201798729311,3
7,0,-7,0,1,0,1,0.0100854548875389,0.170479198631056,6
7,0,-7,0,1,0,2,0.00588289480091331,0.0974881347503628,11
7,0,-7,0,1,1,0,0.0330858524329058,0.549573750688504,1
7,0,-7,0,1,1,1,0.0194626855595951,0.363071395047698,2
7,0,-7,0,1,1,2,0.00932845534327746,0.234214553565196,3
7,0,-7,1,0,0,0,0.0157462044467562,0.290337501859311,47
7,0,-7,1,0,0,1,0.00930213897045312,0.167780516309108,56
7,0,-7,1,0,0,2,0.00546060369773312,0.0811958333764216,50
7,0,-7,1,0,1,0,0.0310512812898373,0.521759130407676,0
7,0,-7,1,0,1,1,0.0175688575646951,0.347031417640934,8
7,0,-7,1,0,1,2,0.00869499430523771,0.203908785180026,14
7,0,0,1,0,0,0,0.644627748046687,2.40009175227119,309
7,0,0,1,0,0,1,0.590521184782618,2.04712669630398,355
7,0,0,1,0,0,2,0.541269143607041,1.56506559987667,367
7,0,0,1,0,1,0,0.786275266170181,2.01607269594554,21
7,0,0,1,0,1,1,0.704271731650335,3.41428167313916,57
7,0,0,1,0,1,2,0.589223938417108,3.11420557998848,62
7,0,0,1,1,0,0,0.724621898726346,2.84443091450344,68
7,0,0,1,1,0,1,0.646253921813403,2.99965003170874,121
7,0,0,1,1,0,2,0.576713811424688,2.78896984132862,177
7,0,0,1,1,1,0,0.824004057558972,2.50410207023997,11
7,0,0,1,1,1,1,0.739481401776783,3.97882713652582,43
7,0,0,1,1,1,2,0.621883360054172,4.81155758870771,62
7,0,1,0,0,0,0,0.790982009243608,0.747743252684161,1097
7,0,1,0,0,0,1,0.772188219003766,0.572170968210638,791
7,0,1,0,0,0,2,0.757874557724305,0.393675010323207,610
7,0,2,1,1,1,0,0.953664272578621,0.684449351773329,21
7,0,2,1,1,1,1,0.930649559674505,1.07698976627625,49
7,0,2,1,1,1,2,0.898868114680458,1.3039671924886,58
7,0,3,0,0,0,0,0.943912940442172,0.212649928447696,674
7,0,3,0,0,0,1,0.938561944441032,0.163834576952112,473
7,0,3,0,0,0,2,0.93445887221086,0.113772497432365,394
7,0,3,0,0,1,0,0.967161655121623,0.264544082653687,11
7,0,3,0,0,1,1,0.958237775102161,0.418050864664327,24
7,0,3,0,0,1,2,0.942045518378051,0.363193836006032,28
7,0,3,0,1,0,0,0.95896395394502,0.278636324397233,34
7,0,3,0,1,0,1,0.949277914517923,0.298562030072725,72
7,0,3,0,1,0,2,0.940721403040852,0.32225310307251,103
7,0,3,0,1,1,0,0.97449881297139,0.288440038282015,12
7,0,3,0,1,1,1,0.964089107610296,0.462002263175977,18
7,0,3,0,1,1,2,0.94525757934032,0.489018295604036,19
7,0,3,1,0,0,0,0.951997913153861,0.337712124886248,186
7,0,3,1,0,0,1,0.944388699084199,0.288645083297494,216
7,0,3,1,0,0,2,0.937446477797217,0.221127563689325,209
7,0,3,1,0,1,0,0.971843634513454,0.282932279034646,14
7,0,3,1,0,1,1,0.960334504936836,0.47950379705195,44
7,0,3,1,0,1,2,0.944178530423133,0.438368419453732,51
7,0,3,1,1,0,0,0.963199959184112,0.39897363047163,46
7,0,3,1,1,0,1,0.952201874866227,0.421574715108694,83
7,0,3,1,1,0,2,0.942420926097279,0.392862327385353,108
7,0,10,1,0,1,0,0.999722547309401,2.19429947668925e-16,2
7,0,10,1,0,1,1,0.999722547309401,7.75669304020545e-16,10
7,0,10,1,0,1,2,0.999722547309401,1.22517870181058e-15,12
7,0,10,1,1,0,0,0.999722547309401,1.37132438199293e-15,4
7,0,10,1,1,0,1,0.999722547309401,3.62109424212531e-15,21
7,0,10,1,1,0,2,0.999722547309401,4.14641265932398e-15,21
7,0,10,1,1,1,0,0.999722547309401,2.43858638343766e-16,0
7,0,10,1,1,1,1,0.999722547309401,2.56337513535439e-15,5
7,0,10,1,1,1,2,0.999722547309401,5.75201154269023e-15,15
7,1,-10,0,0,0,0,0.00105968048272418,0,81
7,1,-10,0,0,0,1,0.00105968048272418,0,66
7,1,-10,0,0,0,2,0.00105968048272418,0,66
7,1,-9,1,1,1,0,0.0012119908847402,0.00572607845995293,1
7,1,-9,1,1,1,1,0.00142115960964923,0.0122982530844753,6
7,1,-9,1,1,1,2,0.00179377599078359,0.0151046189487623,6
7,1,-8,0,0,0,0,0.0037213678325395,0.0131178108213802,102
7,1,-8,0,0,0,1,0.00405251835960974,0.0103509857853625,81
7,1,-8,0,0,0,2,0.00431245991849175,0.00738030512644818,75
7,1,-8,0,0,1,0,0.00223338593327381,0.0158188133918262,0
7,1,-8,0,0,1,1,0.00277381156720912,0.0267275251836144,4
7,1,-8,0,0,1,2,0.00381738440908543,0.0235133572128133,4
7,1,-8,0,1,0,0,0.00277752793019259,0.0165096677612343,10
7,1,-8,0,1,0,1,0.00337037252869101,0.0184158012589242,10
7,1,-8,0,1,0,2,0.00390633186932539,0.0207670772202541,17
7,1,-8,0,1,1,0,0.00187243121603258,0.0160669294505716,2
7,1,-8,0,1,1,1,0.00246517254397383,0.0287298280944796,3
7,1,-8,0,1,1,2,0.0036443586800023,0.0303411729371735,6
7,1,-8,1,0,0,0,0.00323729972367813,0.0202503117262674,25
7,1,-8,1,0,0,1,0.00369591824517404,0.0177740808276398,39
7,1,-8,1,0,0,2,0.00412559596126687,0.0140408080828698,42
7,1,-8,1,0,1,0,0.0020262719314353,0.0159443527209686,4
7,1,-8,1,0,1,1,0.00270018745572978,0.0297312329497289,13
7,1,-8,1,0,1,2,0.00371122568909107,0.0271825525429288,9
7,1,-8,1,1,0,0,0.00259579223405279,0.0229029939787308,8
7,1,-8,1,1,0,1,0.00324387309393262,0.0251308563581757,12
7,1,-8,1,1,0,2,0.0038281035455025,0.0241821985854415,17
7,1,-8,1,1,1,0,0.00181241521383459,0.0184377527133167,2
7,1,-8,1,1,1,1,0.00247070326411108,0.0333245350362166,5
7,1,-8,1,1,1,2,0.00345959346226468,0.0410454498606851,9
7,1,-7,0,0,0,0,0.00756305955323301,0.0281965665891149,139
7,1,-7,0,0,0,1,0.00827308583120263,0.0218843228400343,104
7,1,-7,0,0,0,2,0.00882154819759109,0.0153040890884749,110
7,1,-1,1,1,1,0,0.145456321527214,1.79142490189318,24
7,1,-1,1,1,1,1,0.203625611051359,2.60524444991056,55
7,1,-1,1,1,1,2,0.280019829633916,3.12482099296285,58
7,1,0,0,0,0,0,0.500000073042016,1.54202186817116,1285
7,1,0,0,0,0,1,0.538679485574147,1.16353191832923,924
7,1,0,0,0,0,2,0.567731577324353,0.786733263946441,729
7,1,1,1,1,1,0,0.385145589901223,3.9146642493104,16
7,1,1,1,1,1,1,0.503371526597565,4.89624512589756,40
7,1,1,1,1,1,2,0.643211634534906,5.71403215728579,33
7,1,2,0,0,0,0,0.81910585852408,1.38284569137153,1026
7,1,2,0,0,0,1,0.853250625310059,0.938030870151959,737
7,1,2,0,0,0,2,0.876281356363264,0.539546695574079,603
7,1,2,0,0,1,0,0.703660874912799,2.32299186278852,6
7,1,2,0,0,1,1,0.766784963502859,2.13320036079239,22
7,1,2,0,0,1,2,0.84298438827081,1.71604137145527,33
7,1,2,0,1,0,0,0.731367042126041,2.32618872393172,51
7,1,2,0,1,0,1,0.795551327914767,1.94689990814627,71
7,1,2,0,1,0,2,0.846556193912431,1.60199630526616,105
7,1,2,0,1,1,0,0.593854335369509,3.0775681867907,6
7,1,2,0,1,1,1,0.689134897061368,3.17028036531797,25
7,1,2,0,1,1,2,0.799986306650533,3.27405606080963,22
7,1,2,1,0,0,0,0.756840773844259,2.51204582227594,241
7,1,2,1,0,0,1,0.811684753218203,1.92010978567465,273
7,1,2,1,0,0,2,0.856465802885515,1.27663327121714,254
7,1,2,1,0,1,0,0.629765577411603,3.1562685904854,17
7,1,2,1,0,1,1,0.722632540977773,3.08683373930724,33
7,1,2,1,0,1,2,0.815371584150219,2.70600333181521,64
7,1,2,1,1,0,0,0.6622790037324,3.58054070573675,60
7,1,2,1,1,0,1,0.74876734130804,3.13982896383499,91
7,1,2,1,1,0,2,0.821772694775606,2.54810742058369,112
7,1,2,1,1,1,0,0.535430260534059,4.21966387584509,16
7,1,2,1,1,1,1,0.649675406162139,4.4872975864442,31
7,1,2,1,1,1,2,0.76689019030014,4.68575849223497,53
7,1,3,0,0,0,0,0.897581257488015,0.958404873033646,757
7,1,3,0,0,0,1,0.921169195578148,0.609619694121072,536
7,1,3,0,0,0,2,0.936066603216321,0.32489835319464,396
7,1,3,0,0,1,0,0.821500190764766,1.77536881869771,4
7,1,3,0,0,1,1,0.867174533470915,1.44407408610437,11
7,1,3,0,0,1,2,0.91612669183625,1.04829633908915,23
7,1,10,0,0,0,0,0.999139773536914,0.0145481052989406,128
7,1,10,0,0,0,1,0.999490862885899,0.00684470369016704,87
7,1,10,0,0,0,2,0.999659733589894,0.00263223153939128,66
8,0,-10,1,1,1,0,0.00378264308018491,0.0970248895039151,3
8,0,-10,1,1,1,1,0.00159800554117164,0.0458281404539603,9
8,0,-10,1,1,1,2,0.000568096059862571,0.0205178538729249,5
8,0,-9,0,0,0,0,0.000797758917314751,0.0178526060045011,91
8,0,-9,0,0,0,1,0.000370959168890662,0.00757989396176737,66
8,0,-9,0,0,0,2,0.00018289518323301,0.00258984881802183,49
8,0,-9,0,0,1,0,0.00201115507968734,0.0478003984505883,0
8,0,-9,0,0,1,1,0.000935051975542814,0.0219031013367198,1
8,0,-9,0,0,1,2,0.000330556699415025,0.00863401696648728,3
8,0,-9,0,1,0,0,0.00187772708777959,0.0459492920890347,5
8,0,-9,0,1,0,1,0.000792252541282121,0.0200202273649833,9
8,0,-9,0,1,0,2,0.000320633930847805,0.00815262738650553,9
8,0,-9,0,1,1,0,0.00419204134139139,0.100064157185145,3
8,0,-9,0,1,1,1,0.00189583006267255,0.0488824638709091,3
8,0,-9,0,1,1,2,0.00066503029188483,0.0222690158010845,1
8,0,-9,1,0,0,0,0.00172856534569894,0.0435851517183058,23
8,0,-9,1,0,0,1,0.000738780823967887,0.0201950666708873,21
8,0,-9,1,0,0,2,0.000297440038121168,0.00702980939390761,19
8,0,-9,1,0,1,0,0.00410060877730768,0.0923893498685437,1
8,0,-9,1,0,1,1,0.00175374995634301,0.0468696674342997,4
8,0,-9,1,0,1,2,0.000610154187948934,0.0196736011467034,7
8,0,-9,1,1,0,0,0.00377444648092202,0.0958220857923392,8
8,0,-9,1,1,0,1,0.00168117410105647,0.045570304866955,11
8,0,-9,1,1,0,2,0.000590928739816198,0.0191158686397981,12
8,0,-9,1,1,1,0,0.00813774249208464,0.200309363031895,5
8,0,-9,1,1,1,1,0.00363693385474186,0.101855645275692,6
8,0,-9,1,1,1,2,0.00133763763604984,0.0486333642974476,4
8,0,-8,0,0,0,0,0.00185256076179954,0.038864414855222,144
8,0,-8,0,0,0,1,0.000910177420721688,0.0172470157996392,102
8,0,-8,0,0,0,2,0.000481298813496162,0.00624665700820029,74
8,0,-8,0,0,1,0,0.00447598347569546,0.100756638791111,1
8,0,-8,0,0,1,1,0.00221038441627341,0.0492159441116331,2
8,0,-8,0,0,1,2,0.000840666522611278,0.0207480069512932,5
8,0,-8,0,1,0,0,0.00417633515821346,0.096387204519278,9
8,0,-8,0,1,0,1,0.00188085324142994,0.044918931418558,16
8,0,-8,0,1,0,2,0.000814163218338081,0.0196773883665334,17
8,0,0,1,1,1,0,0.867828992291279,2.52005311335318,27
8,0,0,1,1,1,1,0.778052423827975,4.60472127959535,56
8,0,0,1,1,1,2,0.640597525390835,5.61655605610398,70
8,0,1,0,0,0,0,0.868374697238656,0.526064873435527,981
8,0,1,0,0,0,1,0.855125876786226,0.407447547387851,700
8,0,1,0,0,0,2,0.844913713369165,0.284861953438545,541
8,0,1,0,0,1,0,0.926509356238224,0.650077212758715,9
8,0,1,0,0,1,1,0.904518232726003,1.04500313484181,27
8,0,1,0,0,1,2,0.863956934756653,0.909535191518512,37
8,0,1,0,1,0,0,0.905784674397299,0.682397663031839,47
8,0,1,0,1,0,1,0.881839826533087,0.738486447676736,114
8,0,1,0,1,0,2,0.860593353629601,0.805607060448326,137
8,0,1,0,1,1,0,0.943580372645696,0.697732176874198,6
8,0,1,0,1,1,1,0.918296339207737,1.14537912783093,23
8,0,1,0,1,1,2,0.871508912227607,1.20770826216246,26
8,0,1,1,0,0,0,0.888207686890959,0.830205470187012,250
8,0,1,1,0,0,1,0.869473006248275,0.713273003348052,288
8,0,1,1,0,0,2,0.852294051043421,0.549655114530648,272
8,0,1,1,0,1,0,0.937357501092968,0.685589956636568,28
8,0,1,1,0,1,1,0.909186067126116,1.19014756174295,50
8,0,1,1,0,1,2,0.869000184045017,1.08706463469772,82
8,0,1,1,1,0,0,0.915563348178703,0.972048564023513,63
8,0,1,1,1,0,1,0.888604845071343,1.03630525376973,104
8,0,1,1,1,0,2,0.864565864385793,0.972039468183471,139
8,0,1,1,1,1,0,0.949289717461152,0.835795608199616,21
8,0,1,1,1,1,1,0.920660099639594,1.37271036164001,55
8,0,1,1,1,1,2,0.880042490208766,1.66872211297889,64
8,0,2,0,0,0,0,0.940163890845891,0.244783396710043,902
8,0,2,0,0,0,1,0.933995674184937,0.190156773390458,648
8,0,2,0,0,0,2,0.929227179806316,0.133498407180984,510
8,0,2,0,0,1,0,0.967404911590122,0.301341489562032,3
8,0,2,0,0,1,1,0.957193807253455,0.489535497593741,25
8,0,2,0,0,1,2,0.93816773137073,0.426365155871733,42
8,0,2,0,1,0,0,0.957625019289965,0.315729803330246,54
8,0,2,0,1,0,1,0.946483180907824,0.343539208858032,94
8,0,2,0,1,0,2,0.936575247919261,0.377184242853623,126
8,0,2,0,1,1,0,0.975017013641891,0.320565979176624,15
8,0,2,0,1,1,1,0.963380217501449,0.533816319225234,26
8,0,2,0,1,1,2,0.941547406016117,0.560787126091876,25
8,0,4,0,0,1,0,0.994155641785781,0.0570859246647363,5
8,0,4,0,0,1,1,0.992217890886686,0.0937413445635668,19
8,0,4,0,0,1,2,0.98856981530515,0.0817052544391017,23
8,1,-10,0,0,0,0,0.000345859623916009,3.32041542855312e-19,109
8,1,-10,0,0,0,1,0.000345859623916009,1.0957371165959e-18,82
8,1,-10,0,0,0,2,0.000345859623916009,1.10189951067068e-18,76
8,1,-10,0,0,1,0,0.000345859623916009,8.48296602225318e-21,1
8,1,-10,0,0,1,1,0.000345859623916009,7.5548442861635e-19,3
8,1,-10,0,0,1,2,0.000345859623916009,2.27051171601207e-18,7
8,1,-10,0,1,0,0,0.000345859623916009,1.39857054948417e-20,11
8,1,-10,0,1,0,1,0.000345859623916009,1.82865015341044e-18,15
8,1,-10,0,1,0,2,0.000345859623916009,1.0280879911169e-18,25
8,1,-10,0,1,1,0,0.000345859623916009,1.20301468065193e-20,2
8,1,-10,0,1,1,1,0.000345859623916009,2.79850680364856e-19,10
8,1,-10,0,1,1,2,0.000345859623916009,2.74412923062965e-19,13
8,1,-10,1,0,0,0,0.000345859623916009,1.73603778322956e-18,37
8,1,-10,1,0,0,1,0.000345859623916009,1.77674103586808e-18,51
8,1,-10,1,0,0,2,0.000345859623916009,3.85386499340765e-20,56
8,1,-10,1,0,1,0,0.000345859623916009,7.47470904271027e-19,2
8,1,-10,1,0,1,1,0.000345859623916009,1.48427007341347e-20,8
8,1,-10,1,0,1,2,0.000345859623916009,9.30985387008579e-19,18
8,1,-10,1,1,0,0,0.000345859623916009,1.05984645593062e-19,10
8,1,-10,1,1,0,1,0.000345859623916009,5.35681470825437e-19,23
8,1,-10,1,1,0,2,0.000345859623916009,1.04118701807774e-20,30
8,1,-10,1,1,1,0,0.000345859623916009,7.43644198016247e-20,6
8,1,-10,1,1,1,1,0.000345859623916009,1.80323869662044e-21,11
8,1,-10,1,1,1,2,0.000345859623916009,9.12417119618854e-21,16
8,1,-9,0,0,0,0,0.000674640762425437,0.0019890291469024,81
8,1,-9,0,0,0,1,0.000725318104885052,0.00162796642880189,64
8,1,-9,0,0,0,2,0.000766548492616167,0.00123019747446437,46
8,1,-9,0,0,1,0,0.000421594782194585,0.00228590289963304,0
8,1,-9,0,0,1,1,0.000501534863398235,0.00454746312408102,2
8,1,-9,0,0,1,2,0.000681280518743345,0.00396461257077317,4
8,1,-9,0,1,0,0,0.000523802652979752,0.00243539752633125,7
8,1,-9,0,1,0,1,0.000615006324071366,0.0027732176012689,10
8,1,-9,0,1,0,2,0.00069883861388906,0.0034241049618958,12
8,1,-9,0,1,1,0,0.000415042694339596,0.00202325158433594,1
8,1,-9,0,1,1,1,0.000490161461981976,0.00451018819928818,7
8,1,-9,0,1,1,2,0.000677938271569368,0.0042918203775695,4
8,1,-7,0,0,1,0,0.00187613471132905,0.0167437217189432,0
8,1,-7,0,0,1,1,0.00244464513553613,0.0274947554018851,3
8,1,-7,0,0,1,2,0.00351433640736599,0.0240129859857734,6
8,1,-7,0,1,0,0,0.00242782567789332,0.0175233486086563,16
8,1,-7,0,1,0,1,0.00304897195786154,0.019218382076021,18
8,1,-7,0,1,0,2,0.00360428387676197,0.0212357667799647,27
8,1,0,0,0,1,0,0.298579417024435,2.28220800301361,5
8,1,0,0,0,1,1,0.375581118649496,3.62038665855333,31
8,1,0,0,0,1,2,0.515897292549453,3.13960634850527,46
8,1,0,0,1,0,0,0.369942929320749,2.40180249209595,68
8,1,0,0,1,0,1,0.453647398094185,2.57288444387527,97
8,1,0,0,1,0,2,0.52746428092151,2.78216815333862,151
8,1,0,0,1,1,0,0.236936773350372,2.48916518747782,11
8,1,0,0,1,1,1,0.326587761432878,3.99207282835623,26
8,1,0,0,1,1,2,0.489300123821435,4.19346221986397,20
8,1,0,1,0,0,0,0.430522397993623,2.91206858801142,260
8,1,0,1,0,0,1,0.496192170550989,2.48500793346626,305
8,1,0,1,0,0,2,0.555995774306381,1.90097630898662,299
8,1,0,1,0,1,0,0.258339668914636,2.44153432731034,24
8,1,0,1,0,1,1,0.357809769794484,4.15016572743709,45
8,1,0,1,0,1,2,0.497703356593754,3.78345932491082,69
8,1,0,1,1,0,0,0.333489425843325,3.44813657790913,62
8,1,0,1,1,0,1,0.428571897589976,3.64020452881971,101
8,1,0,1,1,0,2,0.512948492003419,3.38674528268884,139
8,1,0,1,1,1,0,0.21298073462474,3.0292966713361,19
8,1,0,1,1,1,1,0.315384356115331,4.83070384667235,36
8,1,0,1,1,1,2,0.458212182192511,5.84194151787105,51
8,1,1,0,0,0,0,0.748048824957696,2.18514033049575,1045
8,1,1,0,0,0,1,0.802571190016057,1.61165295472874,758
8,1,1,0,0,0,2,0.84259277325555,1.04508648366691,575
8,1,1,0,0,1,0,0.535603392718905,2.95292951491282,3
8,1,1,0,0,1,1,0.629984360835452,3.84110850828627,27
8,1,1,0,0,1,2,0.77530474149237,3.31246768000824,38
8,1,1,0,1,0,0,0.600860844688245,3.15226793917406,57
8,1,1,0,1,0,1,0.700004892754099,3.08105542241446,78
8,1,1,0,1,0,2,0.785065199165983,3.00720391674392,122
8,1,1,0,1,1,0,0.413957675520659,3.60143160410068,10
8,1,1,0,1,1,1,0.537676209578709,4.64124206083834,31
8,1,1,0,1,1,2,0.722556004329947,5.22972162390682,27
8,1,3,0,0,1,0,0.863917099286866,1.86156729632135,5
8,1,3,0,0,1,1,0.909106397116311,1.38129055512821,9
8,1,3,0,0,1,2,0.9515078775416,0.874085851111977,26
8,1,3,0,1,0,0,0.875900085421053,1.79732665733797,29
8,1,3,0,1,0,1,0.921132094394993,1.27403842975579,48
8,1,3,0,1,0,2,0.952784938931634,0.832176445132738,74
8,1,3,0,1,1,0,0.775222437696871,2.91253288331526,4
8,1,3,0,1,1,1,0.852106353629482,2.44188451854372,14
8,1,3,0,1,1,2,0.92314212007549,1.97254735515999,20
8,1,3,1,0,0,0,0.887761847672646,1.83577070755743,155
8,1,3,1,0,0,1,0.927597746475944,1.25110690540224,230
8,1,3,1,0,0,2,0.956436207516167,0.695870819266988,222
8,1,10,0,1,1,0,0.998475338250536,0.0386842375144049,2
8,1,10,0,1,1,1,0.99934908333765,0.0174704228588879,1
8,1,10,0,1,1,2,0.999780327971756,0.0073013495237261,1
8,1,10,1,0,0,0,0.999380056130367,0.0161004111630279,39
8,1,10,1,0,0,1,0.999750307089587,0.00713497370949534,43
8,1,10,1,0,0,2,0.999902461641394,0.00225627944550014,40
8,1,10,1,0,1,0,0.998494676776627,0.0354901124119267,1
8,1,10,1,0,1,1,0.999391083021191,0.0166824768738002,4
8,1,10,1,0,1,2,0.999800499085004,0.0064551605593328,5
8,1,10,1,1,0,0,0.998621682574615,0.0365732484400254,11
8,1,10,1,1,0,1,0.999401243373331,0.0162077405184017,12
8,1,10,1,1,0,2,0.999804234261244,0.00632418244757495,11
8,1,10,1,1,1,0,0.996929602794837,0.0790920001071695,7
8,1,10,1,1,1,1,0.998713396229628,0.0370115317279446,8
8,1,10,1,1,1,2,0.999543850848955,0.0164585066914594,5
9,0,-10,0,0,0,0,5.34999999999457e-05,0.001962664866255,236
9,0,-10,0,0,0,1,1.5500000000008e-05,0.000599171364372703,165
9,0,-10,0,0,0,2,1e-06,0.0027668789460456,123
9,0,-10,0,0,1,0,0.00019250000000005,0.00629615242627717,1
9,0,-10,0,0,1,1,5.69999999999537e-05,0.00181056801428369,4
9,0,-10,0,0,1,2,4.00000000002876e-06,0.00294217473445249,7
9,0,-10,0,1,0,0,0.000183500000000043,0.00621323230502643,9
9,0,-10,0,1,0,1,4.00000000001023e-05,0.00161518228499612,21
9,0,-10,0,1,0,2,6.000000000004e-06,0.00291635637431677,26
9,0,-10,0,1,1,0,0.000460000000000046,0.0165870636717829,0
9,0,-10,0,1,1,1,0.00011849999999992,0.00442801571859124,3
9,0,-10,0,1,1,2,2.09999999999257e-05,0.00324567583542223,6
9,0,-8,0,0,1,0,0.00125250000000006,0.0412041135940522,2
9,0,-8,0,0,1,1,0.000380500000000003,0.0124391511628987,3
9,0,-8,0,0,1,2,4.45000000000488e-05,0.0116478187086098,6
9,0,-8,0,1,0,0,0.00121800000000001,0.0400828327823869,4
9,0,-8,0,1,0,1,0.000291500000000033,0.0115702232984275,5
9,0,-8,0,1,0,2,4.24999999999912e-05,0.011321417814695,7
9,0,-8,0,1,1,0,0.00310850000000004,0.0983415828327343,0
9,0,-8,0,1,1,1,0.000941999999999962,0.0323972366283382,2
9,0,-8,0,1,1,2,0.000154999999999948,0.0139952788125083,3
9,0,-8,1,0,0,0,0.00112949999999992,0.0363168166630766,43
9,0,-8,1,0,0,1,0.000274500000000091,0.0121170513068946,48
9,0,-8,1,0,0,2,4.74999999999912e-05,0.0110157620419435,49
9,0,-8,1,0,1,0,0.00321000000000002,0.089367564769178,1
9,0,-8,1,0,1,1,0.000891000000000031,0.0301641068428603,2
9,0,-8,1,0,1,2,0.000144000000000064,0.0126667185821059,5
9,0,-1,1,0,0,0,0.3376535,5.57728872770864,228
9,0,-1,1,0,0,1,0.213113,4.41634052526519,247
9,0,-1,1,0,0,2,0.0981645,5.0000952920733,258
9,0,-1,1,0,1,0,0.6442355,4.73225484806871,12
9,0,-1,1,0,1,1,0.456962,6.86355295844687,33
9,0,-1,1,0,1,2,0.203053,5.78572607278303,57
9,0,-1,1,1,0,0,0.514871,6.51776248005218,58
9,0,-1,1,1,0,1,0.3364925,6.19736511933999,91
9,0,-1,1,1,0,2,0.1760675,5.69987522889747,112
9,0,-1,1,1,1,0,0.735956,5.7242258841887,17
9,0,-1,1,1,1,1,0.5432795,8.26595618653035,38
9,0,-1,1,1,1,2,0.2832325,7.89840531856072,48
9,0,0,0,0,0,0,0.636223,2.20074381168299,938
9,0,0,0,0,0,1,0.5801515,1.80124914176998,649
9,0,0,0,0,0,2,0.5345325,1.36114098134729,513
9,0,0,0,0,1,0,0.9162035,2.52921716522362,4
9,0,0,0,0,1,1,0.8277545,5.03150058864775,17
9,0,0,0,0,1,2,0.6288765,4.38077302545223,24
9,0,0,0,1,0,0,0.8031165,2.69462418054982,37
9,0,0,0,1,0,1,0.702205,3.06840223040636,80
9,0,0,0,1,0,2,0.6094495,3.7645186361594,92
9,0,0,0,1,1,0,0.923453,2.23860892656424,5
9,0,0,0,1,1,1,0.8403385,4.98011447157109,23
9,0,0,0,1,1,2,0.6325745,4.70601799373923,25
9,0,2,0,0,1,0,1,0,0
9,0,2,0,0,1,1,1,0.0261292577064936,0
9,0,2,0,0,1,2,1,1.84332782589501,0
9,0,2,0,1,0,0,1,0,0
9,0,2,0,1,0,1,1,0.0171612762425987,0
9,0,2,0,1,0,2,1,1.87018417778919,0
9,0,2,0,1,1,0,1,0.00115939140708866,0
9,0,2,0,1,1,1,1,0.0467383068874321,0
9,0,2,0,1,1,2,1,1.95996247997629,0
9,0,2,1,0,0,0,1,0,0
9,0,2,1,0,0,1,1,0.302327783876621,0
9,0,2,1,0,0,2,1,1.802961483523,0
9,0,2,1,0,1,0,1,0.00240703539749713,0
9,0,2,1,0,1,1,1,0.336156282381562,0
9,0,2,1,0,1,2,1,1.72638157980088,0
9,0,2,1,1,0,0,1,0.0026665763903268,0
9,0,2,1,1,0,1,1,0.301523316889365,0
9,0,2,1,1,0,2,1,1.79676337918069,0
9,0,9,1,0,1,0,1,5.20920832324652e-06,0
9,0,9,1,0,1,1,1,0.000725797539641875,0
9,0,9,1,0,1,2,1,0.00373493616726159,0
9,0,9,1,1,0,0,1,5.77089640705194e-06,0
9,0,9,1,1,0,1,1,0.000652544525778979,0
9,0,9,1,1,0,2,1,0.00388715358360802,0
9,0,9,1,1,1,0,1,0,0
9,0,9,1,1,1,1,1,0.000657483918946358,0
9,0,9,1,1,1,2,1,0.00388313512610651,0
9,0,10,0,0,0,0,1,0,0
9,0,10,0,0,0,1,1,0,0
9,0,10,0,0,0,2,1,0.00151357997168206,0
9,0,10,0,0,1,0,1,0,0
9,0,10,0,0,1,1,1,2.18933653634668e-05,0
9,0,10,0,0,1,2,1,0.00154572285472886,0
9,0,10,0,1,0,0,1,0,0
9,0,10,0,1,0,1,1,1.43792102746655e-05,0
9,0,10,0,1,0,2,1,0.00157203974740286,0
9,0,10,0,1,1,0,1,9.71438988423603e-07,0
9,0,10,0,1,1,1,1,4.41983124752069e-05,0
9,0,10,0,1,1,2,1,0.00165595927529887,0
9,1,-9,0,0,1,0,6.900235249994e-05,0.000467905175566197,1
9,1,-9,0,0,1,1,8.53654174999339e-05,0.000930827609429739,7
9,1,-9,0,0,1,2,0.00012215784749992,0.000811522983446655,7
9,1,-9,0,1,0,0,8.99234474999323e-05,0.000498505473401531,6
9,1,-9,0,1,0,1,0.000108592074999925,0.000567654412973226,5
9,1,-9,0,1,0,2,0.000125751842499919,0.000700885603500539,10
9,1,-9,0,1,1,0,6.76611949999405e-05,0.00041414265143776,2
9,1,-9,0,1,1,1,8.30373774999348e-05,0.000923197744560057,6
9,1,-9,0,1,1,2,0.000121473717499921,0.000878499680624058,2
9,1,-9,1,0,0,0,0.000107284864999926,0.000598606204099248,26
9,1,-9,1,0,0,1,0.000121099924999921,0.0005384390400466,40
9,1,-9,1,0,0,2,0.000134331494999916,0.000437924393251408,41
9,1,-9,1,0,1,0,6.70983324999407e-05,0.000464810837958947,3
9,1,-9,1,0,1,1,8.66888149999334e-05,0.000979347826753528,5
9,1,-9,1,0,1,2,0.000120578964999921,0.000868740172836176,8
9,1,-9,1,1,0,0,8.84617624999328e-05,0.000648983187317337,5
9,1,-9,1,1,0,1,0.000107586692499926,0.0007532155231251,14
9,1,-9,1,1,0,2,0.000124890482499919,0.000751472001781481,22
9,1,-9,1,1,1,0,6.6253807499941e-05,0.000479476788462744,2
9,1,-9,1,1,1,1,8.37686824999345e-05,0.00102980197248201,4
9,1,-9,1,1,1,2,0.000114969949999923,0.00126479478672138,10
9,1,-8,0,0,0,0,0.000331044664499934,0.00142914498181465,137
9,1,-8,0,0,0,1,0.000367199908499935,0.00113742907325333,101
9,1,-8,0,0,0,2,0.000395821674999935,0.000822540022216127,79
9,1,-2,1,0,1,0,0.0344453942664999,0.390353161805691,17
9,1,-2,1,0,1,1,0.0505659177064999,0.686262436337328,35
9,1,-2,1,0,1,2,0.073766224365,0.626169878957091,55
9,1,-2,1,1,0,0,0.0471263804779999,0.554866548750004,45
9,1,-2,1,1,0,1,0.062565652429,0.5942259706973,68
9,1,-2,1,1,0,2,0.0763461606705,0.559129883542222,98
9,1,-2,1,1,1,0,0.0278844415254999,0.472764391601467,8
9,1,-2,1,1,1,1,0.0441774378674999,0.78793922730772,27
9,1,-2,1,1,1,2,0.067515235898,0.958721358241328,37
9,1,-1,0,0,0,0,0.1622138390595,0.646396038149219,946
9,1,-1,0,0,0,1,0.1784920183535,0.500454174401892,713
9,1,-1,0,0,0,2,0.1910344455035,0.349699124928011,545
9,1,-1,0,0,1,0,0.0908460880414999,0.79916314088128,6
9,1,-1,0,0,1,1,0.1178747406325,1.28292179151011,26
9,1,-1,0,0,1,2,0.1676622699345,1.11651338640499,37
9,1,1,0,0,0,0,0.837786164403,2.90937480396419,986
9,1,1,0,0,0,1,0.910471021397,2.17773560197298,745
9,1,1,0,0,0,2,0.964612075594,1.43339255662546,567
9,1,1,0,0,1,0,0.5507812276735,3.81658167233233,7
9,1,1,0,0,1,1,0.6750259987215,5.18873125475192,12
9,1,1,0,0,1,2,0.87223827,4.52997914018883,37
9,1,1,0,1,0,0,0.6406139335955,4.08758368814942,30
9,1,1,0,1,0,1,0.771509321153,4.10808674164511,74
9,1,1,0,1,0,2,0.8857280977285,4.10814683921958,97
9,1,1,0,1,1,0,0.395762034413,4.52593109210016,7
9,1,1,0,1,1,1,0.554510188136,6.16333544045521,17
9,1,1,0,1,1,2,0.801978557643,7.05521572961658,19
9,1,1,1,0,0,0,0.7188163562455,4.79123290746606,208
9,1,1,1,0,0,1,0.825112728239,4.0247351710242,279
9,1,1,1,0,0,2,0.920717401048,3.02074593696708,278
9,1,1,1,0,1,0,0.4624070992775,4.48483677636533,14
9,1,1,1,0,1,1,0.626760026392,6.25232044335209,25
9,1,1,1,0,1,2,0.833720130199,5.86391115894323,50
9,1,1,1,1,0,0,0.5602736820525,5.8553453038535,58
9,1,1,1,1,0,1,0.715819233946,5.90437835703207,101
9,1,1,1,1,0,2,0.854016195286,5.36908958330716,117
9,1,1,1,1,1,0,0.359732354872,5.57362266609106,8
9,1,1,1,1,1,1,0.536821272804,7.69563464663069,31
9,1,1,1,1,1,2,0.7588868883145,9.29461833382322,47
9,1,8,1,1,0,0,0.997667167924,0.072751183261634,11
9,1,8,1,1,0,1,0.999260070776,0.024656758944319,18
9,1,8,1,1,0,2,0.99988055541,0.00491346236894479,15
9,1,8,1,1,1,0,0.9942426309365,0.174877039163678,2
9,1,8,1,1,1,1,0.998159439258,0.0654647585392356,4
9,1,8,1,1,1,2,0.9996233160985,0.0149703801483298,6
9,1,9,0,0,0,0,0.999884421251,0.00397709262496742,110
9,1,9,0,0,0,1,0.9999685487265,0.00109082848308084,87
9,1,9,0,0,0,2,0.999995853128,0.000156229561838877,68
9,1,9,0,0,1,0,0.9995987398655,0.0129968293919052,1
9,1,9,0,0,1,1,0.999889861849,0.00348981258068279,0
9,1,9,0,0,1,2,0.999989197587,0.000578239993150371,5
10,0,-10,0,0,0,0,5.34999999999457e-05,0.001962664866255,0
10,0,-10,0,0,0,1,1.5500000000008e-05,0.000599171364372703,0
10,0,-10,0,0,0,2,1e-06,0.0027668789460456,0
10,0,-10,0,0,1,0,0.00019250000000005,0.00629615242627717,0
10,0,-10,0,0,1,1,5.69999999999537e-05,0.00181056801428369,0
10,0,-10,0,0,1,2,4.00000000002876e-06,0.00294217473445249,0
10,0,-10,0,1,0,0,0.000183500000000043,0.00621323230502643,0
10,0,-10,0,1,0,1,4.00000000001023e-05,0.00161518228499612,0
10,0,-10,0,1,0,2,6.000000000004e-06,0.00291635637431677,0
10,0,-10,0,1,1,0,0.000460000000000046,0.0165870636717829,0
10,0,-10,0,1,1,1,0.00011849999999992,0.00442801571859124,0
10,0,-10,0,1,1,2,2.09999999999257e-05,0.00324567583542223,0
10,0,-10,1,0,0,0,0.000168499999999981,0.00558816600801245,0
10,0,-10,1,0,0,1,3.45000000000695e-05,0.00219348145853729,0
10,0,-10,1,0,0,2,2e-06,0.00290092874598922,0
10,0,-10,1,0,1,0,0.00049649999999998,0.0146668727368576,0
10,0,-10,1,0,1,1,0.000130500000000043,0.00436926385354844,0
10,0,-10,1,0,1,2,9.000000000004e-06,0.00303942167128525,0
10,0,-10,1,1,0,0,0.000430000000000047,0.0146347208864905,0
10,0,-10,1,1,0,1,0.000148499999999919,0.00408803858868886,0
10,0,-10,1,1,0,2,1.35000000000903e-05,0.00307591342511069,0
10,0,-10,1,1,1,0,0.00115450000000005,0.0379071382077756,0
10,0,-10,1,1,1,1,0.000292999999999987,0.0102048929567252,0
10,0,-10,1,1,1,2,5.60000000000032e-05,0.00356644402342432,0
10,0,-9,0,0,0,0,0.000145999999999911,0.00500955743657402,0
10,0,-9,0,0,0,1,3.94999999999952e-05,0.00135926075372619,0
10,0,-9,0,0,0,2,5.50000000005751e-06,0.00449527186793771,0
10,0,-9,0,0,1,0,0.000503500000000029,0.0163262498919893,0
10,0,-9,0,0,1,1,0.000136999999999994,0.00441162701592755,0
10,0,-9,0,0,1,2,1.39999999999792e-05,0.00498389248401866,0
10,0,-2,0,0,0,0,0.091764,1.95141562549831,2
10,0,-2,0,0,0,1,0.0442914999999999,1.25091375010435,4
10,0,-2,0,0,0,2,0.014117,1.99552699385151,10
10,0,-2,0,0,1,0,0.2160005,3.98969591413024,3
10,0,-2,0,0,1,1,0.124844,3.04557867430158,43
10,0,-2,0,0,1,2,0.0470795,2.42293846910783,31
10,0,0,0,0,0,0,0.636223,2.20074381168299,7
10,0,0,0,0,0,1,0.5801515,1.80124914176998,14
10,0,0,0,0,0,2,0.5345325,1.36114098134729,34
10,0,0,0,0,1,0,0.9162035,2.52921716522362,1
10,0,0,0,0,1,1,0.8277545,5.03150058864775,94
10,0,0,0,0,1,2,0.6288765,4.38077302545223,52
10,0,0,0,1,0,0,0.8031165,2.69462418054982,412
10,0,0,0,1,0,1,0.702205,3.06840223040636,123
10,0,0,0,1,0,2,0.6094495,3.7645186361594,54
10,0,0,0,1,1,0,0.923453,2.23860892656424,2
10,0,0,0,1,1,1,0.8403385,4.98011447157109,15
10,0,0,0,1,1,2,0.6325745,4.70601799373923,21
10,0,0,1,0,0,0,0.709271,3.23570921134848,24
10,0,0,1,0,0,1,0.634595,2.91048126438686,55
10,0,0,1,0,0,2,0.563073,2.36414196613804,56
10,0,0,1,0,1,0,0.9264955,2.51249101573121,39
10,0,0,1,0,1,1,0.820601,5.28184448190388,92
10,0,0,1,0,1,2,0.637411,4.66405156123637,63
10,0,0,1,1,0,0,0.8110175,3.50801722845116,129
10,0,0,1,1,0,1,0.7076395,4.07143522706202,122
10,0,0,1,1,0,2,0.6141055,4.03178964983673,102
10,0,0,1,1,1,0,0.9310605,2.5917664241239,38
10,0,0,1,1,1,1,0.8363855,5.558033890566,82
10,0,0,1,1,1,2,0.66773,6.79796988649505,82
10,0,1,0,0,0,0,1,0,0
10,0,1,0,0,0,1,1,0,0
10,0,1,0,0,0,2,1,3.89381054530945,0
10,0,1,0,0,1,0,1,0,0
10,0,1,0,0,1,1,1,0.0563225059260276,0
10,0,1,0,0,1,2,1,3.97337143800182,0
10,0,1,0,1,0,0,1,0,0
10,0,1,0,1,0,1,1,0.0369917160957754,0
10,0,1,0,1,0,2,1,4.03130944885567,0
10,0,8,0,0,1,0,1,0,0
10,0,8,0,0,1,1,1,0.000145422838953804,0
10,0,8,0,0,1,2,1,0.0102579815534789,0
10,0,10,0,0,0,0,1,0,0
10,0,10,0,0,0,1,1,0,0
10,0,10,0,0,0,2,1,0.00151357997168206,0
10,0,10,0,0,1,0,1,0,0
10,0,10,0,0,1,1,1,2.18933653634668e-05,0
10,0,10,0,0,1,2,1,0.00154572285472886,0
10,0,10,0,1,0,0,1,0,0
10,0,10,0,1,0,1,1,1.43792102746655e-05,0
10,0,10,0,1,0,2,1,0.00157203974740286,0
10,0,10,0,1,1,0,1,9.71438988423603e-07,0
10,0,10,0,1,1,1,1,4.41983124752069e-05,0
10,0,10,0,1,1,2,1,0.00165595927529887,0
10,0,10,1,0,0,0,1,0,0
10,0,10,1,0,0,1,1,0.000253316519982622,0
10,0,10,1,0,0,2,1,0.00151130972156073,0
10,0,10,1,0,1,0,1,2.01682366916629e-06,0
10,0,10,1,0,1,1,1,0.000286440582059852,0
10,0,10,1,0,1,2,1,0.00145428531410151,0
10,0,10,1,1,0,0,1,2.23428969314005e-06,0
10,0,10,1,1,0,1,1,0.000252642467551716,0
10,0,10,1,1,0,2,1,0.00151270436465866,0
10,0,10,1,1,1,0,1,0,0
10,0,10,1,1,1,1,1,0.00026048408124117,0
10,0,10,1,1,1,2,1,0.0015165234257136,0
10,1,-10,0,0,0,0,0.000183500000000043,1.16044638640686e-18,0
10,1,-10,0,0,0,1,0.000183500000000043,9.79344166669158e-19,0
10,1,-10,0,0,0,2,0.000183500000000043,5.8658624607048e-19,0
10,1,-10,0,0,1,0,0.000183500000000043,2.98176255682199e-19,0
10,1,-10,0,0,1,1,0.000183500000000043,2.10499980110435e-21,0
10,1,-10,0,0,1,2,0.000183500000000043,8.09657831576194e-19,0
10,1,-10,0,1,0,0,0.000183500000000043,4.64578854675966e-19,0
10,1,-10,0,1,0,1,0.000183500000000043,7.6048070433417e-20,0
10,1,-10,0,1,0,2,0.000183500000000043,5.38269891959298e-19,0
10,1,-10,0,1,1,0,0.000183500000000042,5.83723645046762e-19,0
10,1,-10,0,1,1,1,0.000183500000000043,1.21276255595563e-20,0
10,1,-10,0,1,1,2,0.000183500000000043,1.08346732644741e-18,0
10,1,-1,0,0,0,0,0.3593860783165,1.41093914279834,2
10,1,-1,0,0,0,1,0.3949216512595,1.09202534055343,8
10,1,-1,0,0,0,2,0.422293526325,0.763416443684387,72
10,1,-1,0,0,1,0,0.203329892207,1.74522189205206,9
10,1,-1,0,0,1,1,0.262353329707,2.80484291315131,26
10,1,-1,0,0,1,2,0.3712250935835,2.43858925674966,27
10,1,-1,0,1,0,0,0.259013398018,1.83204210418138,60
10,1,-1,0,1,0,1,0.3233020391355,1.98011941022984,64
10,1,-1,0,1,0,2,0.380271935201,2.15911202935024,47
10,1,-1,0,1,1,0,0.157794416705,1.87683523806329,5
10,1,-1,0,1,1,1,0.225708933636,3.07387148631338,21
10,1,-1,0,1,1,2,0.3512434141385,3.23124774396404,25
10,1,-1,1,0,0,0,0.306227812983,2.22822297679876,47
10,1,-1,1,0,0,1,0.3565210132335,1.91183690526907,121
10,1,-1,1,0,0,2,0.4025721456025,1.47118051957366,115
10,1,-1,1,0,1,0,0.17404155412,1.84397201974445,25
10,1,-1,1,0,1,1,0.2497670707005,3.1963747026245,32
10,1,-1,1,0,1,2,0.3576853055235,2.916259963234,38
10,1,-1,1,1,0,0,0.232579990984,2.61438245207891,32
10,1,-1,1,1,0,1,0.305042368772,2.78348837177585,64
10,1,-1,1,1,0,2,0.3695813291875,2.60696488186811,97
10,1,-1,1,1,1,0,0.141673483411,2.25533849892701,21
10,1,-1,1,1,1,1,0.218783626697,3.69066738796631,37
10,1,-1,1,1,1,2,0.328014744644,4.48036691245557,36
10,1,0,0,0,0,0,0.6667646899385,2.38746359040723,6
10,1,0,0,0,0,1,0.7267048129995,1.81955699733852,2
10,1,0,0,0,0,2,0.7721726292525,1.24211201027381,7
10,1,0,0,0,1,0,0.413597082277,3.01035611271419,1
10,1,0,0,0,1,1,0.514509108388,4.55862617901453,261
10,1,0,0,0,1,2,0.6900841048495,3.95699716411331,155
10,1,0,0,1,0,0,0.500000013181,3.19941873438861,1159
10,1,0,0,1,0,1,0.6085464772855,3.3566797682467,429
10,1,0,0,1,0,2,0.7038017656795,3.53173158739067,177
10,1,0,0,1,1,0,0.3174895411565,3.39658790045158,4
10,1,0,0,1,1,1,0.43908166194,5.14924134438169,32
10,1,0,0,1,1,2,0.6479417923485,5.55999915827175,24
10,1,0,1,0,0,0,0.5738769075375,3.8427718042348,0
10,1,0,1,0,0,1,0.6600554023025,3.25690290006531,17
10,1,0,1,0,0,2,0.738083368675,2.47057551991678,32
10,1,2,0,1,0,0,0.879837968071,2.36589505953394,0
10,1,2,0,1,0,1,0.9355534044475,1.66139234877048,0
10,1,2,0,1,0,2,0.975480494429,1.00756890915215,0
10,1,9,0,0,1,0,0.999723763059,0.00892824561237168,0
10,1,9,0,0,1,1,0.999922740845,0.00238884787264793,0
10,1,9,0,0,1,2,0.999993096643,0.000372668446134382,0
10,1,9,0,1,0,0,0.999739950207,0.00890901065810213,0
10,1,9,0,1,0,1,0.99994371093,0.00226237271082849,0
10,1,9,0,1,0,2,0.9999920934135,0.000401513387722478,0
10,1,9,0,1,1,0,0.999351790904,0.0225918976703847,0
10,1,9,0,1,1,1,0.9998280176425,0.00643498429286439,0
10,1,9,0,1,1,2,0.999968261869,0.00119550637946565,0
10,1,9,1,0,0,0,0.9997587666825,0.00793298359788806,0
10,1,9,1,0,0,1,0.9999475590485,0.00261021921735887,0
10,1,9,1,0,0,2,0.9999948123435,0.000339394738615903,0
10,1,9,1,0,1,0,0.9992985479435,0.0202795152939698,0
10,1,9,1,0,1,1,0.9998134344885,0.00642858397235729,0
10,1,9,1,0,1,2,0.999981226659,0.00101956234164687,0
10,1,9,1,1,0,0,0.999379847191,0.0204252353906825,0
10,1,9,1,1,0,1,0.999800863574,0.00622469841895508,0
10,1,9,1,1,0,2,0.9999767158125,0.00104512971350223,0
10,1,9,1,1,1,0,0.9983860125255,0.051858826376786,0
10,1,9,1,1,1,1,0.999557455895,0.0161144763073564,0
10,1,9,1,1,1,2,0.999911829517,0.00317709807887552,0
10,1,10,0,0,0,0,0.9999715890025,0.00107810176674698,0
10,1,10,0,0,0,1,0.9999917592845,0.000315317230852293,0
10,1,10,0,0,0,2,0.999999606233,3.27872997050333e-05,0
10,1,10,0,0,1,0,0.9998918279855,0.00343929010173549,0
10,1,10,0,0,1,1,0.9999674132105,0.00100413476934299,0
10,1,10,0,0,1,2,0.999998260098,0.000105742638798594,0
10,1,10,0,1,0,0,0.9998993177955,0.00346537068748232,0
10,1,10,0,1,0,1,0.999978154788,0.000890426763364379,0
10,1,10,0,1,0,2,0.999996267719,0.000145714485206822,0
10,1,10,0,1,1,0,0.999745644342,0.00912608796785905,0
10,1,10,0,1,1,1,0.9999378513405,0.00232995590193569,0
10,1,10,0,1,1,2,0.999989063482,0.000413508423630516,0
10,1,10,1,0,0,0,0.9999071959545,0.00302886013049178,0
10,1,10,1,0,0,1,0.9999830519265,0.00098421176721418,0
10,1,10,1,0,0,2,0.999999212466,0.000145899392559327,0
10,1,7,0,0,0,0,0.999390309201,0.0182085174519142,0
10,1,7,0,0,0,1,0.999827046064,0.00549768857615297,0
10,1,7,0,0,0,2,0.9999735455285,0.00104675351506885,0
10,1,9,0,0,0,0,0.999921598245,0.00273436122929964,0
10,1,9,0,0,0,1,0.9999783825215,0.000763104635629445,0
10,1,9,0,0,0,2,0.9999975046135,0.000101284278231231,0
10,1,6,1,1,1,0,0.976943707032,0.625615065983841,0
10,1,6,1,1,1,1,0.990812566869,0.304576388053833,0
10,1,6,1,1,1,2,0.9976314537935,0.100940126989899,0
10,1,7,0,0,1,0,0.9982400179905,0.056486962449001,0
10,1,7,0,0,1,1,0.999450971812,0.018540334000309,0
10,1,7,0,0,1,2,0.9999205953175,0.00369573724971936,0
10,1,6,0,1,1,0,0.989396634902,0.298225792974784,0
10,1,6,0,1,1,1,0.996139584201,0.129876448415853,0
10,1,6,0,1,1,2,0.999245126925,0.0349751098581071,0
10,1,6,1,0,0,0,0.9960222830435,0.118626919696063,0
10,1,6,1,0,0,1,0.998761343316,0.0452093598311688,0
10,1,6,1,0,0,2,0.9997504371105,0.00967835575152324,0
10,1,6,1,0,1,0,0.989523018306,0.271605492170805,0
10,1,6,1,0,1,1,0.996399768336,0.121511873861815,0
10,1,6,1,0,1,2,0.999222150493,0.0326297468066285,0
10,1,6,1,1,0,0,0.99022548926,0.283666734372453,0
10,1,6,1,1,0,1,0.9964760655635,0.117002584730322,0
10,1,6,1,1,0,2,0.9992685490845,0.0317451837703514,0
10,1,6,0,0,0,0,0.9984048700775,0.0456057810659573,0
10,1,6,0,0,0,1,0.999532701991,0.0153276133681173,0
10,1,6,0,0,1,0,0.9955658909335,0.134449257266196,0
10,1,6,0,0,1,1,0.998496946599,0.0507566038068971,0
10,1,6,0,0,1,2,0.99974428384,0.0111204569537743,0
10,1,6,0,1,0,0,0.9957855800015,0.126397567726404,0
10,1,6,0,1,0,1,0.998720928868,0.0452142050005156,0
10,1,6,0,1,0,2,0.99976344067,0.0105732106230915,0
10,1,5,1,1,0,0,0.977054028456,0.625070599711174,0
10,1,5,1,1,0,1,0.990715639378,0.299387977004987,0
10,1,5,1,1,0,2,0.9976929004375,0.100996643114302,0
10,1,5,1,1,1,0,0.947552720918,1.29308195683779,0
10,1,5,1,1,1,1,0.9759710292235,0.746368118142602,0
10,1,5,1,1,1,2,0.9924702576835,0.325688969807184,0
10,1,6,0,0,0,2,0.9999240799135,0.00331522030236448,0
10,1,3,1,0,1,0,0.882476992748,2.33290235971898,0
10,1,3,1,0,1,1,0.937970163498,1.6970319445344,0
10,1,3,1,0,1,2,0.975773794944,0.989839159063186,0
10,1,3,1,1,1,0,0.7897023335705,3.84912118741106,0
10,1,3,1,1,1,1,0.8741310093285,3.04335254355974,0
10,1,3,1,1,1,2,0.9416495114585,2.31062167165097,0
10,1,5,1,0,1,0,0.9755256397305,0.600370104336687,0
10,1,5,1,0,1,1,0.990292912768,0.313481428721843,0
10,1,5,1,0,1,2,0.9975427009885,0.102973497081526,0
10,1,3,0,1,1,2,0.9758597527535,1.04191310122811,0
10,1,3,1,0,0,0,0.9485389411285,1.25691047746569,0
10,1,3,1,0,0,1,0.9757191073315,0.742791215103029,0
10,1,3,1,0,0,2,0.9926115852705,0.310048497672567,0
10,1,3,1,1,0,0,0.8884204368835,2.40764692861241,0
10,1,3,1,1,0,1,0.9396123503295,1.63554848747747,0
10,1,3,1,1,0,2,0.97627461165,0.966174038526223,0
10,1,3,0,0,0,0,0.9771765604815,0.565746822991649,0
10,1,3,0,0,0,1,0.9909249457885,0.285782800032742,0
10,1,3,0,0,0,2,0.9977416926705,0.0979906954779954,0
10,1,3,0,0,1,0,0.941463930947,1.37755391954715,0
10,1,3,0,0,1,1,0.971872188928,0.840374960598174,0
10,1,3,0,0,1,2,0.992252079557,0.34302904000437,0
10,1,3,0,1,0,0,0.9445723393515,1.29328867956981,0
10,1,3,0,1,0,1,0.974605700994,0.76167754219941,0
10,1,3,0,1,0,2,0.9923176069455,0.340581173583627,0
10,1,3,0,1,1,0,0.8758395009635,2.47761027426405,0
10,1,3,0,1,1,1,0.9337585170825,1.75114029411894,0
10,1,2,1,0,1,0,0.7786438702705,3.73946595635958,0
10,1,2,1,0,1,1,0.870825908778,3.11419796771226,0
10,1,2,1,1,0,0,0.790511978606,3.81710828620766,0
10,1,2,1,1,0,1,0.8750864655405,3.00034806237047,0
10,1,2,1,1,0,2,0.9441640981835,2.18208459336985,0
10,1,2,1,1,1,0,0.655375301991,5.1352716486245,0
10,1,2,1,1,1,1,0.779172691812,4.81496620610482,0
10,1,2,1,1,1,2,0.8877094319035,4.24627143838726,0
10,1,2,0,1,1,0,0.7399412225525,3.6948493049456,0
10,1,2,0,1,1,1,0.8402168711075,3.2914237032866,0
10,1,2,0,1,1,2,0.926524141311,2.78698312667483,0
10,1,2,1,0,0,0,0.888393429141,2.36230499337578,0
10,1,2,1,0,0,1,0.938878446232,1.65279449358811,0
10,1,2,1,0,0,2,0.976400712341,0.946963018265969,0
10,1,2,1,0,1,2,0.942228319701,2.23030343927431,0
10,1,-4,1,1,1,0,0.0127963470875,0.221890829445069,0
10,1,-4,1,1,1,1,0.0204684113795,0.372758238863423,5
10,1,-4,1,1,1,2,0.0315136453845,0.453922319083911,4
10,1,-3,0,0,1,0,0.0429006230235,0.389417634079158,1
10,1,-3,0,0,1,1,0.0560852752765,0.62935074464835,2
10,1,-3,0,0,1,2,0.0805292990155,0.547969139989424,5
10,1,-4,1,0,1,0,0.0158275631605,0.183976496999844,0
10,1,-4,1,0,1,1,0.023443139882,0.325449822165021,1
10,1,-4,1,0,1,2,0.034451735196,0.2969079661279,2
10,1,-4,1,1,0,0,0.021865705647,0.261807300162147,3
10,1,-4,1,1,0,1,0.0291622692795,0.281077902303586,3
10,1,-4,1,1,0,2,0.035680455216,0.26496691515283,11
10,1,-3,0,0,0,0,0.0779163656245,0.315747543571477,14
10,1,-3,0,0,0,1,0.0858705742245,0.244928738586219,26
10,1,-3,0,0,0,2,0.092010978819,0.171596703479851,33
10,1,-4,0,1,0,0,0.0243762727735,0.184567088908254,0
10,1,-4,0,1,0,1,0.030901463556,0.201246139795522,6
10,1,-4,0,1,0,2,0.03671040345,0.221469640908026,10
10,1,-4,0,1,1,0,0.0142249883415,0.186805319184553,1
10,1,-4,0,1,1,1,0.0210126544485,0.312838822011591,1
10,1,-4,1,0,0,0,0.029248970078,0.225140199704118,0
10,1,-4,1,0,0,1,0.0343365673045,0.194195850941554,0
10,1,-4,1,0,0,2,0.0390194575525,0.150324984784701,15
10,1,-5,1,1,0,0,0.009270153259,0.11316143114033,1
10,1,-5,1,1,0,1,0.012434171438,0.122048312925904,0
10,1,-5,1,1,0,2,0.0152636562915,0.115419471777152,5
10,1,-4,0,0,0,0,0.0346151238105,0.143393295564415,2
10,1,-4,0,0,0,1,0.0382290971965,0.111528620804471,4
10,1,-4,0,0,0,2,0.0410263182875,0.0784112316660151,18
10,1,-4,0,0,1,0,0.018621549243,0.176247586905061,0
10,1,-4,0,0,1,1,0.0245976639075,0.287398019635642,1
10,1,-4,0,0,1,2,0.035772500026,0.250431352572346,4
10,1,-4,0,1,1,2,0.033813820506,0.328456639802968,1
10,1,-7,1,1,1,0,0.00089922747950001,0.01516957808005,0
10,1,-7,1,1,1,1,0.00143327398,0.0266373013905997,1
10,1,-7,1,1,1,2,0.00222444140549999,0.0325977362134083,2
10,1,-5,1,0,1,0,0.00661005452349998,0.079330509234995,0
10,1,-5,1,0,1,1,0.00990957859499999,0.142110618027926,0
10,1,-5,1,0,1,2,0.0147223877905,0.129513592279643,4
10,1,-5,1,1,1,0,0.00535245328649999,0.0949893539770532,1
10,1,-5,1,1,1,1,0.0086570866605,0.162024846414781,0
10,1,-5,1,1,1,2,0.013462768994,0.197510738147404,0
10,1,-7,1,0,0,0,0.00205467890649999,0.0161060116275418,0
10,1,-7,1,0,0,1,0.00241936870899999,0.0140092792914703,1
10,1,-7,1,0,0,2,0.00275776952849998,0.0109383690856297,1
10,1,-7,1,1,0,0,0.0015319689415,0.0184609451607788,0
10,1,-7,1,1,0,1,0.00205084452899999,0.02010761029751,2
10,1,-7,1,1,0,2,0.00251712543299999,0.01916037398507,2
10,1,-7,0,0,0,0,0.00243776736549999,0.010352969268653,0
10,1,-7,0,0,0,1,0.00269897946999998,0.0081141510293063,1
10,1,-7,0,0,0,2,0.00290269861849998,0.00575521428453188,3
10,1,-7,0,1,0,0,0.0016939665045,0.0131628125303348,0
10,1,-7,0,1,0,1,0.00216424408899999,0.0145353386597968,0
10,1,-7,0,1,0,2,0.00258592476349999,0.0162256038425369,1
10,1,-7,0,1,1,0,0.000977913739000002,0.0130335777232649,0
10,1,-7,0,1,1,1,0.0014546253275,0.0226536305316483,0
10,1,-7,0,1,1,2,0.00238390382349998,0.0236952617320416,0
10,1,-7,1,0,1,0,0.00108550609500001,0.0129058403552347,0
10,1,-7,1,0,1,1,0.001626092449,0.0235884573097079,0
10,1,-7,1,0,1,2,0.00242617826599999,0.0215314866313518,0
10,1,-8,1,1,1,0,0.000399563855500019,0.00549893533693427,0
10,1,-8,1,1,1,1,0.000597382453500013,0.0102131330535318,0
10,1,-8,1,1,1,2,0.000901363035000015,0.012575022135057,0
10,1,-7,0,0,1,0,0.001266927846,0.0125982982883307,0
10,1,-7,0,0,1,1,0.0016958395385,0.0210353110598126,0
10,1,-7,0,0,1,2,0.00251593610899999,0.0183849537136707,0
10,1,-8,0,1,1,0,0.000417334953000018,0.00480745571687601,0
10,1,-8,0,1,1,1,0.000594906423500011,0.00885472467759315,0
10,1,-8,0,1,1,2,0.000959098423500017,0.00921691021187803,0
10,1,-8,1,0,1,0,0.000457076511500005,0.00481894515699279,0
10,1,-8,1,0,1,1,0.000661904211000003,0.00919638186707467,0
10,1,-8,1,0,1,2,0.00097546619900001,0.0083706229462384,0
10,1,-8,1,1,0,0,0.000636874240500015,0.00693275753148131,0
10,1,-8,1,1,0,1,0.000834247617500013,0.00766978275592783,0
10,1,-8,1,1,0,2,0.00101226323750001,0.00741744431150721,0
10,0,7,1,1,1,0,1,0,0
10,0,7,1,1,1,1,1,0.00426398076496509,0
10,0,7,1,1,1,2,1,0.0251318602696856,0
10,1,-10,1,0,0,0,0.000183500000000043,5.05203472608087e-20,0
10,1,-10,1,0,0,1,0.000183500000000043,7.29579652409598e-19,0
10,1,-10,1,0,0,2,0.000183500000000043,1.15288116296174e-19,0
10,1,-8,0,1,0,0,0.000686785349500005,0.00503561709394506,0
10,1,-8,0,1,0,1,0.000868972097000007,0.00564205492629591,0
10,1,-8,0,1,0,2,0.00103407106850001,0.00644628795711713,0
10,1,-8,1,0,0,0,0.000832095408000013,0.00616784514215273,0
10,1,-8,1,0,0,1,0.000972159759000013,0.00543242995821411,0
10,1,-8,1,0,0,2,0.00110378719600001,0.00430899307844857,0
10,0,7,1,1,0,0,1,3.74124633636717e-05,0
10,0,7,1,1,0,1,1,0.00423041698236654,0
10,0,7,1,1,0,2,1,0.0251956436542531,0
10,0,8,0,0,0,0,1,0,0
10,0,8,0,0,0,1,1,0,0
10,0,8,0,0,0,2,1,0.0100536894539255,0
10,0,7,0,1,0,0,1,0,0
10,0,7,0,1,0,1,1,0.000240775258128416,0
10,0,7,0,1,0,2,1,0.0262288502307078,0
10,0,7,1,0,0,0,1,0,0
10,0,7,1,0,0,1,1,0.00424170377384837,0
10,0,7,1,0,0,2,1,0.0252945494839857,0
10,0,7,1,0,1,0,1,3.37710646320115e-05,0
10,0,7,1,0,1,1,1,0.00470672692868238,0
10,0,7,1,0,1,2,1,0.0242073735347708,0
10,0,7,0,0,0,2,1,0.0253444105356632,0
10,0,7,0,0,1,0,1,0,0
10,0,7,0,0,1,1,1,0.000366597371899901,0
10,0,7,0,0,1,2,1,0.0258597093604545,0
10,0,7,0,1,1,0,1,1.62664338809901e-05,0
10,0,7,0,1,1,1,1,0.000645633141922106,0
10,0,7,0,1,1,2,1,0.0274779021792636,0
10,0,6,1,0,1,0,1,8.44214928248158e-05,0
10,0,6,1,0,1,1,1,0.0117672003759773,0
10,0,6,1,0,1,2,1,0.0605159893264628,0
10,0,6,1,1,1,0,1,0,0
10,0,6,1,1,1,1,1,0.0106605283349893,0
10,0,6,1,1,1,2,1,0.0628284356799573,0
10,0,7,0,0,0,0,1,0,0
10,0,7,0,0,0,1,1,0,0
10,0,4,1,0,0,0,1,0,0
10,0,4,1,0,0,1,1,0.0613292740451101,0
10,0,4,1,0,0,2,1,0.365732365736683,0
10,0,4,1,1,0,0,1,0.000540933393906372,0
10,0,4,1,1,0,1,1,0.0611660823738419,0
10,0,4,1,1,0,2,1,0.364372841271903,0
10,0,4,1,1,1,0,1,0,0
10,0,4,1,1,1,1,1,0.0617136112344779,0
10,0,4,1,1,1,2,1,0.36348689680159,0
10,0,6,1,1,0,0,1,9.3524324501782e-05,0
10,0,6,1,1,0,1,1,0.0105752697113465,0
10,0,6,1,1,0,2,1,0.0629863487886219,0
10,0,4,0,1,1,0,1,0.000235190535316144,0
10,0,4,0,1,1,1,1,0.0093951263923762,0
10,0,4,0,1,1,2,1,0.397413165285693,0
10,0,4,1,0,1,0,1,0.000488283715232821,0
10,0,4,1,0,1,1,1,0.068109952952782,0
10,0,4,1,0,1,2,1,0.350088446447033,0
10,0,3,1,1,1,0,1,0,0
10,0,3,1,1,1,1,1,0.140417979053553,0
10,0,3,1,1,1,2,1,0.826700450342588,0
10,0,4,0,0,1,0,1,0,0
10,0,4,0,0,1,1,1,0.0053004999604364,0
10,0,4,0,0,1,2,1,0.373910863624115,0
10,0,4,0,1,0,0,1,0,0
10,0,4,0,1,0,1,1,0.00348128312968977,0
10,0,4,0,1,0,2,1,0.379293687802916,0
10,0,3,1,0,1,0,1,0.00111030363784319,0
10,0,3,1,0,1,1,1,0.15495525517624,0
10,0,3,1,0,1,2,1,0.796181513453133,0
10,0,3,1,1,0,0,1,0.00123002323515691,0
10,0,3,1,1,0,1,1,0.139084965673924,0
10,0,3,1,1,0,2,1,0.8286557346382,0
10,0,4,0,0,0,0,1,0,0
10,0,4,0,0,0,1,1,0,0
10,0,4,0,0,0,2,1,0.366445744947259,0
10,0,3,0,1,0,0,1,0,0
10,0,3,0,1,0,1,1,0.00791605618347039,0
10,0,3,0,1,0,2,1,0.862557294035856,0
10,0,3,1,0,0,0,1,0,0
10,0,3,1,0,0,1,1,0.139456045643667,0
10,0,3,1,0,0,2,1,0.831645969284334,0
10,0,-3,1,1,0,0,0.189316,3.8027365660273,10
10,0,-3,1,1,0,1,0.108898,2.66784990957673,8
10,0,-3,1,1,0,2,0.0460910000000001,1.43305087901731,8
10,0,1,0,1,1,0,1,0.00249910771020901,0
10,0,1,0,1,1,1,1,0.100809701345072,0
10,0,1,0,1,1,2,1,4.22510270482513,0
10,0,1,1,0,0,0,1,0,0
10,0,1,1,0,0,1,1,0.651677846736611,0
10,0,1,1,0,0,2,1,3.88635294174068,0
10,0,3,0,1,1,0,1,0.000534797493345216,0
10,0,3,0,1,1,1,1,0.0214485200462065,0
10,0,3,0,1,1,2,1,0.903851640398478,0
10,0,-3,1,0,0,0,0.0894469999999999,2.09903338180297,3
10,0,-3,1,0,0,1,0.0443740000000001,1.2448701672716,8
10,0,-3,1,0,0,2,0.014318,1.01666701128979,9
10,0,-3,1,0,1,0,0.198696,3.69162466545696,8
10,0,-3,1,0,1,1,0.110955,2.73073422676828,6
10,0,-3,1,0,1,2,0.0468125000000001,1.49995189181403,9
10,0,-3,1,1,1,0,0.3310065,5.54097229474273,6
10,0,-3,1,1,1,1,0.2079375,4.59522503075637,3
10,0,-3,1,1,1,2,0.1012855,3.13381014138521,6
10,0,-3,0,0,1,0,0.1018475,2.28500135641592,0
10,0,-3,0,0,1,1,0.051345,1.48480476566244,23
10,0,-3,0,0,1,2,0.0150665,1.05627180282925,17
10,0,-3,0,1,1,0,0.2116265,3.90618609567374,1
10,0,-3,0,1,1,1,0.1185945,2.91844502272526,0
10,0,-3,0,1,1,2,0.046537,1.55727267903369,0
10,0,-4,1,0,1,0,0.095306,2.08421051095997,1
10,0,-4,1,0,1,1,0.046017,1.3135978544858,0
10,0,-4,1,0,1,2,0.0151005,0.583601258679957,5
10,0,-4,1,1,1,0,0.1916015,3.82955855117264,0
10,0,-4,1,1,1,1,0.109719,2.76950571360991,0
10,0,-4,1,1,1,2,0.0484389999999999,1.59428866868583,0
10,0,-3,0,0,0,0,0.0403094999999999,0.972636177514359,1
10,0,-3,0,0,0,1,0.0167315,0.518374328282942,1
10,0,-3,0,0,0,2,0.00437400000000007,0.891540119848297,4
10,0,-3,0,1,0,0,0.096306,2.14477307687819,100
10,0,-3,0,1,0,1,0.0465505,1.35473414243089,43
10,0,-3,0,1,0,2,0.0149344999999999,1.06678544982217,33
10,0,-6,1,1,0,0,0.017415,0.496994540108629,2
10,0,-6,1,1,0,1,0.00647099999999998,0.203852381543448,2
10,0,-6,1,1,0,2,0.00139399999999999,0.0833009883104245,0
10,0,-6,1,1,1,0,0.0407445,1.07469114981773,0
10,0,-6,1,1,1,1,0.016977,0.542507314754962,0
10,0,-6,1,1,1,2,0.00458749999999992,0.147736335383335,0
10,0,-4,1,1,0,0,0.0899595,2.15450369197129,4
10,0,-4,1,1,0,1,0.0439305,1.25249881303908,5
10,0,-4,1,1,0,2,0.0145925,0.57042368386354,4
10,0,-6,0,1,1,0,0.0188965,0.519130333224367,0
10,0,-6,0,1,1,1,0.00718449999999993,0.238095570713298,0
10,0,-6,0,1,1,2,0.00147799999999997,0.0920037340520018,0
10,0,-6,1,0,1,0,0.0186,0.474196532819778,0
10,0,-6,1,0,1,1,0.00670549999999997,0.211180268599539,0
10,0,-6,1,0,1,2,0.00151450000000007,0.0847878889821049,0
10,0,-7,1,1,1,2,0.00145299999999993,0.0488235035652636,0
10,0,-6,0,0,1,0,0.00801650000000009,0.23767392314032,0
10,0,-6,0,0,1,1,0.00279899999999993,0.0940112003713433,0
10,0,-6,0,0,1,2,0.000497500000000055,0.0717059734042709,0
10,0,-6,0,1,0,0,0.00759999999999995,0.222578305087061,8
10,0,-6,0,1,0,1,0.00241250000000003,0.0836273721433044,3
10,0,-6,0,1,0,2,0.000461499999999944,0.0722664180541921,2
10,0,-6,1,0,0,0,0.00716400000000001,0.210391813195991,2
10,0,-6,1,0,0,1,0.00233900000000001,0.081846693298957,1
10,0,-6,1,0,0,2,0.000478500000000026,0.0690739719117085,2
10,0,-7,1,1,0,0,0.0072655,0.217040967672193,0
10,0,-7,1,1,0,1,0.00245799999999994,0.077885870593414,0
10,0,-7,1,1,0,2,0.000475000000000014,0.0316703051385,0
10,0,-6,0,0,0,0,0.00291649999999993,0.0821950769925581,0
10,0,-6,0,0,0,1,0.000864499999999995,0.0286622763510739,1
10,0,-6,0,0,0,2,0.000143500000000043,0.065522959958068,3
10,0,-7,0,1,0,0,0.00304699999999998,0.09568988460549,7
10,0,-7,0,1,0,1,0.000843500000000078,0.0310535228714726,5
10,0,-7,0,1,0,2,0.000143999999999899,0.0285300031355455,2
10,0,-7,1,0,0,0,0.00289749999999998,0.0887919018104853,1
10,0,-7,1,0,0,1,0.000817500000000042,0.0312833355814024,1
10,0,-7,1,0,0,2,0.000161999999999965,0.0270788624782033,1
10,0,-7,1,0,1,0,0.00781899999999996,0.208464721158533,0
10,0,-7,1,0,1,1,0.00243050000000003,0.0802181684183277,1
10,0,-7,1,0,1,2,0.000478000000000002,0.0325674035336838,0
10,0,-7,1,1,1,0,0.0173430000000001,0.493956398042775,0
10,0,-7,1,1,1,1,0.00635449999999998,0.213451048610427,0
10,0,-9,0,1,1,0,0.0011780000000001,0.0405419893097021,0
10,0,-9,0,1,1,1,0.000320000000000011,0.0118663930985822,0
10,0,-9,0,1,1,2,5.99999999999497e-05,0.00578546307064763,0
10,0,-9,1,0,0,0,0.00044149999999994,0.0145342039043245,0
10,0,-9,1,0,0,1,0.000100500000000027,0.00498227378275814,0
10,0,-9,1,0,0,2,1.1500000000004e-05,0.00474597669420088,0
10,0,-7,0,1,1,0,0.0079190000000001,0.230555232751555,0
10,0,-7,0,1,1,1,0.00263249999999992,0.0893124074119907,0
10,0,-7,0,1,1,2,0.000440999999999973,0.0355217739141655,0
9,1,8,1,0,1,0,0.997436140475,0.0715867957209876,2
9,1,8,1,0,1,1,0.99929060449,0.025404306567237,6
9,1,8,1,0,1,2,0.999888830585,0.00496558541671227,9
10,0,-9,0,1,0,0,0.000474499999999964,0.0162653329078757,0
10,0,-9,0,1,0,1,0.000102500000000089,0.00412692248864936,0
10,0,-9,0,1,0,2,1.3500000000008e-05,0.00488780486194564,0
9,1,8,0,0,1,0,0.998998813711,0.0328879871855877,2
9,1,8,0,0,1,1,0.9996982400545,0.00983090767008219,5
9,1,8,0,1,1,0,0.9975275601945,0.0788710130207178,0
9,1,8,0,1,1,1,0.9992582552495,0.0258652419107031,7
9,1,8,0,1,1,2,0.999876764091,0.00533731727616321,3
9,1,8,1,0,0,0,0.9990995812225,0.0290098010593701,45
9,1,8,1,0,0,1,0.999782913718,0.00949329604652898,53
9,1,8,1,0,0,2,0.9999636285195,0.00152141234939043,45
9,1,8,0,0,0,0,0.999671258023,0.0102771678000986,170
9,1,8,0,0,0,1,0.9999074678055,0.00288188372569753,106
9,1,8,0,0,0,2,0.9999856702495,0.000534756221936656,76
9,1,8,0,0,1,2,0.9999652903435,0.00184752774870763,11
9,1,8,0,1,0,0,0.9990291414465,0.0320644348936408,12
9,1,8,0,1,0,1,0.9997696021315,0.00914640823254411,21
9,1,8,0,1,0,2,0.999966558993,0.00166111936027135,21
9,1,7,1,1,0,0,0.994191163415,0.174325009337229,18
9,1,7,1,1,0,1,0.998045847125,0.0652554511973453,29
9,1,7,1,1,0,2,0.9996283663025,0.015311478043497,29
9,1,7,1,1,1,0,0.986085200779,0.399013780579512,4
9,1,7,1,1,1,1,0.994968163677,0.173230601665369,7
9,1,7,1,1,1,2,0.998859509808,0.0479727746644914,10
9,1,5,1,0,1,0,0.9653350695285,0.837338835239804,9
9,1,5,1,0,1,1,0.9857599613845,0.45519007572828,21
9,1,5,1,0,1,2,0.9962722442335,0.156212202366988,24
9,1,5,1,1,0,0,0.9674641138275,0.870547685985088,29
9,1,5,1,1,0,1,0.9864424907755,0.433838229314859,49
9,1,5,1,1,0,2,0.9964947064125,0.153507130491138,45
9,1,5,1,1,1,0,0.9262836583795,1.76664287406018,7
9,1,5,1,1,1,1,0.965002322992,1.06934201656371,21
9,1,5,1,1,1,2,0.9885570642775,0.496294836924883,21
9,1,7,1,0,1,0,0.9937351026015,0.167829505743984,9
9,1,7,1,0,1,1,0.9980728112475,0.067474604308917,6
9,1,7,1,0,1,2,0.9996282123835,0.0156630166999995,5
9,1,5,0,1,0,0,0.985209130944,0.406937795193484,22
9,1,5,0,1,0,1,0.994697121369,0.177736026414246,34
9,1,5,0,1,0,2,0.99885564245,0.0516252526370381,53
9,1,5,0,1,1,0,0.964519723991,0.907818851077351,6
9,1,5,0,1,1,1,0.984905849278,0.486501666428811,11
9,1,5,0,1,1,2,0.9962983475345,0.16919773100424,6
9,1,5,1,0,0,0,0.98623084781,0.387375863635009,115
9,1,5,1,0,0,1,0.994923443032,0.171958679156251,142
9,1,5,1,0,0,2,0.998856165806,0.0474366507912585,128
9,1,4,1,1,0,0,0.927166843648,1.7672727740491,30
9,1,4,1,1,0,1,0.965007533513,1.05312387593381,51
9,1,5,0,0,0,0,0.994269718566,0.156495207233478,459
9,1,5,0,0,0,1,0.9981220480955,0.0622181097289878,317
9,1,5,0,0,0,2,0.999646475928,0.0153528890856579,240
9,1,5,0,0,1,0,0.984441136248,0.433443305124986,2
9,1,5,0,0,1,1,0.993991456445,0.198139696810963,2
9,1,5,0,0,1,2,0.9988275084105,0.0522543080298868,15
9,1,4,1,0,0,0,0.9679073790245,0.843652916489225,140
9,1,4,1,0,0,1,0.9863318502985,0.439405739178586,181
9,1,4,1,0,0,2,0.996438969888,0.149887337751008,184
9,1,4,1,0,1,0,0.9227896154015,1.70834386829695,10
9,1,4,1,0,1,1,0.9633442316555,1.10908662482628,22
9,1,4,1,0,1,2,0.988195963784,0.502171916057927,27
9,1,4,1,1,0,2,0.98861497361,0.494731662065937,58
9,1,4,1,1,1,0,0.8437972617465,3.19482259338759,6
9,1,4,1,1,1,1,0.9123394945705,2.30439420013849,26
9,1,4,1,1,1,2,0.962250594596,1.5312578495405,23
9,1,4,0,1,1,0,0.9195882013795,1.82186537409627,2
9,1,4,0,1,1,1,0.9609226776645,1.17237294879826,17
9,1,4,0,1,1,2,0.988137355409,0.551501530932754,20
9,1,2,0,1,0,0,0.833370919744,3.1010257194413,43
9,1,2,0,1,0,1,0.9068245302345,2.30080591385621,66
9,1,2,0,1,0,2,0.9627167419595,1.50643372609934,81
9,1,2,0,1,1,0,0.642687445032,4.45389238694347,8
9,1,2,0,1,1,1,0.771713499972,4.35989511427925,16
9,1,2,0,1,1,2,0.88935639343,4.08060702225268,16
9,1,2,1,0,0,0,0.8452233571335,3.12707454673278,193
9,1,2,1,0,0,1,0.9118014672915,2.30367530899034,252
9,1,2,1,0,0,2,0.9641007865335,1.42644044526809,259
9,1,4,0,1,0,0,0.9653850923415,0.878642469540888,28
9,1,4,0,1,0,1,0.985824603375,0.451684497598628,49
9,1,4,0,1,0,2,0.996324606375,0.164148908037531,54
9,1,-2,0,1,1,0,0.0310147646444999,0.396685156873036,10
9,1,-2,0,1,1,1,0.0454128793404999,0.659853090663596,21
9,1,-2,0,1,1,2,0.072398007236,0.693386624836786,21
9,1,-2,1,0,0,0,0.062765416469,0.475957028966356,204
9,1,-2,1,0,0,1,0.073516547966,0.409929866481184,212
9,1,2,0,0,0,0,0.925884579303,1.60038776498254,897
9,1,2,0,0,0,1,0.9648093251285,1.00300096460141,670
9,1,2,0,0,0,2,0.988978202276,0.475929551968171,521
9,1,2,0,0,1,0,0.8240851111785,3.3374398242118,3
9,1,2,0,0,1,1,0.9000067363835,2.50437508594458,20
9,1,2,0,0,1,2,0.963167234065,1.49515180924903,33
9,1,-2,0,1,0,0,0.0525340481264999,0.390482725774687,50
9,1,-2,0,1,0,1,0.066308216827,0.424709983415065,90
9,1,-2,0,1,0,2,0.0785549176985,0.46607833064063,94
9,1,-2,1,0,0,2,0.083398095244,0.316806287425297,242
9,1,-3,1,1,0,0,0.0204859557359999,0.245485122641042,47
9,1,-3,1,1,0,1,0.0273321897864999,0.263736539259619,71
9,1,-3,1,1,0,2,0.0334471475794999,0.248707436196369,97
9,1,-3,1,1,1,0,0.0119764379414999,0.207805062213212,12
9,1,-3,1,1,1,1,0.0191683457814999,0.34996876304094,35
9,1,-3,1,1,1,2,0.0295413617089999,0.426100237439181,44
9,1,-2,0,0,0,0,0.0741154293415,0.302615060544034,802
9,1,-2,0,0,0,1,0.081740609532,0.235029376397771,577
9,1,-2,0,0,0,2,0.087634130033,0.164949432814195,466
9,1,-2,0,0,1,0,0.0404563973409999,0.372642909813536,1
9,1,-2,0,0,1,1,0.0530819729589999,0.604882809208605,30
9,1,-2,0,0,1,2,0.0765887698515,0.526801376642561,44
9,1,-5,1,0,1,0,0.00253217161899993,0.0309862119198994,10
9,1,-5,1,0,1,1,0.00382138294099993,0.0555662779857315,26
9,1,-5,1,0,1,2,0.00570331619949993,0.0506531482324176,30
9,1,-5,1,1,1,0,0.00204368638149993,0.0370527246226364,15
9,1,-5,1,1,1,1,0.00333364810399993,0.0633144966198333,30
9,1,-5,1,1,1,2,0.00521167875699993,0.0772098233032792,33
9,1,-3,1,0,1,0,0.0147997403154999,0.172406240529836,13
9,1,-3,1,0,1,1,0.0219438321064999,0.305789526066937,36
9,1,-3,1,0,1,2,0.0322903954564999,0.278804956168943,56
9,1,-5,1,0,0,0,0.00482139753049993,0.0382044434836927,110
9,1,-5,1,0,0,1,0.00568558557899993,0.033049730713203,118
9,1,-5,1,0,0,2,0.00648326206349994,0.0256655603709074,132
9,1,-5,1,1,0,0,0.00357269988749993,0.0442055617998917,36
9,1,-5,1,1,0,1,0.00480899786249993,0.0477079571698345,47
9,1,-5,1,1,0,2,0.00591506096849993,0.0451392862935175,60
9,1,-5,0,0,0,0,0.00573044958599994,0.024423731636435,410
9,1,-5,0,0,0,1,0.00634632966899994,0.0190541895739483,288
9,1,-5,0,0,0,2,0.00682445463399994,0.0134498292179998,238
9,1,-5,0,0,1,0,0.00298802014949993,0.0299021797055725,2
9,1,-5,0,0,1,1,0.00400365029099993,0.0492697597448834,13
9,1,-5,0,1,0,0,0.00398132165899993,0.0312821591962637,29
9,1,-5,0,1,0,1,0.00509253179099993,0.0342731088959703,53
9,1,-5,0,1,0,2,0.00608415239799994,0.037954883072488,67
9,1,-5,0,1,1,0,0.00227112365149993,0.0313984891432978,9
9,1,-5,0,1,1,1,0.00341426940899993,0.0533673857656093,17
9,1,-5,0,1,1,2,0.00560061027799994,0.0558532233203499,14
9,1,-6,1,1,1,0,0.000809216363499931,0.0150252935129329,3
9,1,-6,1,1,1,1,0.00133582494249993,0.0261197223577369,20
9,1,-6,1,1,1,2,0.00211132562649993,0.0319119533777604,33
9,1,-5,0,0,1,2,0.00592178213549993,0.042966590821019,33
9,1,-6,0,1,1,0,0.00089536583949993,0.0128208222177721,8
9,1,-6,0,1,1,1,0.00136324739749993,0.0221247686381189,13
9,1,-6,0,1,1,2,0.00227056494299993,0.0231017658514199,15
9,1,-6,1,0,0,0,0.00194779190699993,0.0157558377199129,71
9,1,-6,1,0,0,1,0.00230451001199993,0.0136736781446501,91
9,1,-6,1,0,0,2,0.00263479663799993,0.0106549571305921,105
9,1,-6,1,0,1,0,0.000999573649999929,0.012683718747334,5
9,1,-6,1,0,1,1,0.00152977857699993,0.0230469224637092,21
9,1,-6,1,0,1,2,0.00231126713549993,0.0210018012883278,32
9,1,-6,1,1,0,0,0.00143489028199993,0.0181321820875494,22
9,1,-6,1,1,0,1,0.00194376448199993,0.0196763665787376,41
9,1,-6,1,1,0,2,0.00239988259899993,0.0186917073332688,38
9,1,-8,1,0,0,0,0.000279533626499935,0.00218148948892636,31
9,1,-8,1,0,0,1,0.000329158274999935,0.00192565014599279,57
9,1,-8,1,0,0,2,0.000375885579499936,0.00153144076768217,44
9,1,-8,1,1,0,0,0.000210526634999935,0.00244228400588088,8
9,1,-8,1,1,0,1,0.000280329225499935,0.00271618311999405,26
9,1,-8,1,1,0,2,0.000343305954499935,0.00263532700895941,23
9,1,-6,0,1,0,0,0.00159618707599993,0.0128850092053471,19
9,1,-6,0,1,0,1,0.00205597135949993,0.0141875753302977,27
9,1,-6,0,1,0,2,0.00246736907549993,0.0158070363664319,43
9,1,-8,0,1,0,0,0.000226931710999931,0.00178318488019955,10
9,1,-8,0,1,0,1,0.000291738404999932,0.00200303842433009,13
9,1,-8,0,1,0,2,0.000350556132999933,0.00230767049718885,15
9,1,-8,0,1,1,0,0.000133059296999935,0.00168062758732309,1
9,1,-8,0,1,1,1,0.000195182898999933,0.00315562140613508,12
9,1,-8,0,1,1,2,0.000325144532999937,0.00325424026006239,8
9,1,-8,1,0,1,0,0.00014548403449993,0.00170141128997415,4
9,1,-8,1,0,1,1,0.00021782807399993,0.00328485985268126,10
9,1,-8,1,0,1,2,0.000330016878999934,0.00298146278791385,15
9,0,9,1,0,0,0,1,0,0
9,0,9,1,0,0,1,1,0.000654285520585347,0
9,0,9,1,0,0,2,1,0.0039016716122975,0
9,1,-8,0,0,1,0,0.000164373486499926,0.00170408308935555,1
9,1,-8,0,0,1,1,0.000222918042999926,0.00299037026172848,5
9,1,-8,0,0,1,2,0.000340188668499932,0.00262730136350259,4
9,0,9,0,0,0,0,1,0,0
9,0,9,0,0,0,1,1,0,0
9,0,9,0,0,0,2,1,0.00390939153825218,0
9,0,9,0,1,0,0,1,0,0
9,0,9,0,1,0,1,1,3.71397375931546e-05,0
9,0,9,0,1,0,2,1,0.00404558709357747,0
9,0,9,0,1,1,0,1,2.50910783197734e-06,0
9,0,9,0,1,1,1,1,9.93594846060396e-05,0
9,0,9,0,1,1,2,1,0.00424345955497123,0
9,0,8,1,1,1,0,1,0,0
9,0,8,1,1,1,1,1,0.00169094416560961,0
9,0,8,1,1,1,2,1,0.00996925670316207,0
9,0,9,0,0,1,0,1,0,0
9,0,9,0,0,1,1,1,5.65478791323351e-05,0
9,0,9,0,0,1,2,1,0.0039888209303205,0
9,0,6,1,1,0,0,1,9.3524324501782e-05,0
9,0,6,1,1,0,1,1,0.0105752697113465,0
9,0,6,1,1,0,2,1,0.0629863487886219,0
9,0,6,1,1,1,2,1,0.0628284356799573,0
9,0,7,0,0,0,0,1,0,0
9,0,7,0,0,0,1,1,0,0
9,0,7,0,0,0,2,1,0.0253444105356632,0
9,0,6,0,1,0,0,1,0,0
9,0,6,0,1,0,1,1,0.000601894164367376,0
9,0,6,0,1,0,2,1,0.0655686441759692,0
9,0,6,1,0,0,0,1,0,0
9,0,6,1,0,0,1,1,0.0106034846283614,0
9,0,6,1,0,0,2,1,0.0632319175727604,0
9,0,6,1,0,1,0,1,8.44214928248158e-05,0
9,0,6,1,0,1,1,1,0.0117672003759773,0
9,0,6,1,0,1,2,1,0.0605159893264628,0
9,0,6,1,1,1,0,1,0,0
9,0,6,1,1,1,1,1,0.0106605283349893,0
9,0,6,0,0,1,0,1,0,0
9,0,6,0,0,1,1,1,0.000916426465634952,0
9,0,6,0,0,1,2,1,0.0646448676247069,0
9,0,6,0,1,1,0,1,4.06631134118188e-05,0
9,0,6,0,1,1,1,1,0.00161527462549368,0
9,0,6,0,1,1,2,1,0.0686931165922596,0
9,0,5,1,0,1,0,1,0.000206668370901985,0
9,0,5,1,0,1,1,1,0.0288144315784478,0
9,0,5,1,0,1,2,1,0.148157301208558,0
9,0,5,1,1,1,0,1,0,0
9,0,5,1,1,1,1,1,0.026105934761204,0
9,0,5,1,1,1,2,1,0.153821611433777,0
9,0,6,0,0,0,0,1,0,0
9,0,6,0,0,0,1,1,0,0
9,0,6,0,0,0,2,1,0.0633563968296558,0
9,0,3,1,0,0,0,1,0,0
9,0,3,1,0,0,1,1,0.139456045643667,0
9,0,3,1,1,0,0,1,0.00123002323515691,0
9,0,3,1,1,0,1,1,0.139084965673924,0
9,0,3,1,1,0,2,1,0.8286557346382,0
9,0,5,1,0,0,0,1,0,0
9,0,5,1,0,0,1,1,0.0259579026702964,0
9,0,5,1,0,0,2,1,0.154796163423642,0
9,0,5,1,1,0,0,1,0.00022895259415278,0
9,0,5,1,1,0,1,1,0.0258888310306049,0
9,0,5,1,1,0,2,1,0.154204296714083,0
9,0,3,0,1,1,0,1,0.000534797493345216,0
9,0,3,0,1,1,1,1,0.0214485200462065,0
9,0,3,0,1,1,2,1,0.903851640398478,0
9,0,3,1,0,0,2,1,0.831645969284334,0
9,0,3,1,0,1,0,1,0.00111030363784319,0
9,0,3,1,0,1,1,1,0.15495525517624,0
9,0,3,1,0,1,2,1,0.796181513453133,0
9,0,2,1,1,1,0,1,0,0
9,0,2,1,1,1,1,1,0.304661420891903,0
9,0,2,1,1,1,2,1,1.79268789289782,0
9,0,3,0,0,1,0,1,0,0
9,0,3,0,0,1,1,1,0.0120527558156513,0
9,0,3,0,0,1,2,1,0.850252949038125,0
9,0,3,0,1,0,0,1,0,0
9,0,3,0,1,0,1,1,0.00791605618347039,0
9,0,3,0,1,0,2,1,0.862557294035856,0
9,0,-1,0,1,0,0,0.441399,4.63951567468824,41
9,0,-1,0,1,0,1,0.285279,4.88864440006741,81
9,0,-1,0,1,0,2,0.145837,5.40243936582392,92
9,0,-1,0,1,1,0,0.717251,4.83054492585181,4
9,0,-1,0,1,1,1,0.541387,7.36901355312577,19
9,0,-1,0,1,1,2,0.238697,6.35241583421381,26
9,0,3,0,0,0,0,1,0,0
9,0,3,0,0,0,1,1,0,0
9,0,3,0,0,0,2,1,0.833257450523613,0
9,0,-2,1,1,1,0,0.506912,6.59699388728545,10
9,0,-2,1,1,1,1,0.3367505,6.62544796554126,24
9,0,-2,1,1,1,2,0.179506,4.86933897819304,33
9,0,-1,0,0,1,0,0.5619355,4.35352505977632,2
9,0,-1,0,0,1,1,0.415683,6.47712832009092,26
9,0,-1,0,0,1,2,0.1644935,5.39745026022232,34
9,0,-3,0,0,0,0,0.0403094999999999,0.972636177514359,690
9,0,-3,0,0,0,1,0.0167315,0.518374328282942,506
9,0,-3,0,0,0,2,0.00437400000000007,0.891540119848297,392
9,0,-1,0,0,0,0,0.1997835,3.49016316138099,937
9,0,-1,0,0,0,1,0.1122495,2.68207772315237,675
9,0,-1,0,0,0,2,0.0453230000000001,4.47233754281819,535
9,0,-4,1,0,0,0,0.0398334999999999,1.03850678402401,156
9,0,-4,1,0,0,1,0.017235,0.525025910613317,183
9,0,-4,1,0,0,2,0.00454849999999999,0.424762553146753,199
9,0,-4,1,0,1,0,0.095306,2.08421051095997,2
9,0,-4,1,0,1,1,0.046017,1.3135978544858,22
9,0,-4,1,0,1,2,0.0151005,0.583601258679957,30
9,0,-4,1,1,0,0,0.0899595,2.15450369197129,31
9,0,-4,1,1,0,1,0.0439305,1.25249881303908,53
9,0,-4,1,1,0,2,0.0145925,0.57042368386354,64
9,0,-4,1,1,1,0,0.1916015,3.82955855117264,5
9,0,-4,1,1,1,1,0.109719,2.76950571360991,18
9,0,-4,1,1,1,2,0.0484389999999999,1.59428866868583,19
9,0,-4,0,0,1,0,0.0452735,1.15014751453949,1
9,0,-4,0,0,1,1,0.019942,0.627318274496549,7
9,0,-4,0,0,1,2,0.0047255,0.442141898223285,21
9,0,-4,0,1,1,0,0.0994645,2.21790860394276,12
9,0,-4,0,1,1,1,0.0490779999999999,1.44934965416224,15
9,0,-4,0,1,1,2,0.015191,0.634213755099007,11
9,0,-5,1,1,1,0,0.0911105,2.15373857933894,5
9,0,-5,1,1,1,1,0.0439725000000001,1.30552568840107,11
9,0,-5,1,1,1,2,0.0146455,0.491452071840273,18
9,0,-4,0,0,0,0,0.0171759999999999,0.447090031693262,604
9,0,-4,0,0,0,1,0.00627799999999993,0.205827314518076,426
9,0,-4,0,0,0,2,0.00139099999999999,0.384606176385583,332
9,0,-4,0,1,0,0,0.04299,1.08031006661242,19
9,0,-4,0,1,0,1,0.017865,0.564802678064834,42
9,0,-4,0,1,0,2,0.00470700000000001,0.446589711803023,71
9,0,-7,1,1,0,2,0.000475000000000014,0.0316703051385,28
9,0,-5,1,0,0,0,0.0171525,0.479838785898863,107
9,0,-5,1,0,0,1,0.00641650000000006,0.209126930998056,110
9,0,-5,1,0,0,2,0.00145849999999996,0.173560344820971,110
9,0,-5,1,1,0,0,0.040379,1.07104206228814,36
9,0,-5,1,1,0,1,0.0170534999999999,0.517948232802492,39
9,0,-5,1,1,0,2,0.00448550000000002,0.217921728051601,41
9,0,-7,1,0,1,0,0.00781899999999996,0.208464721158533,7
9,0,-7,1,0,1,1,0.00243050000000003,0.0802181684183277,12
9,0,-7,1,0,1,2,0.000478000000000002,0.0325674035336838,13
9,0,-7,1,1,0,0,0.0072655,0.217040967672193,11
9,0,-7,1,1,0,1,0.00245799999999994,0.077885870593414,17
9,0,-5,1,0,1,0,0.0429989999999999,1.03088534163878,8
9,0,-5,1,0,1,1,0.0179495,0.54160219052976,21
9,0,-5,1,0,1,2,0.00476749999999999,0.22004410160527,23
9,0,-7,0,0,1,0,0.00319300000000003,0.101582813821134,1
9,0,-7,0,0,1,1,0.00101250000000001,0.0346236345524789,6
9,0,-7,0,0,1,2,0.000158500000000068,0.0286863107359147,7
9,0,-7,0,1,0,0,0.00304699999999998,0.09568988460549,10
9,0,-7,0,1,0,1,0.000843500000000078,0.0310535228714726,16
9,0,-7,0,1,0,2,0.000143999999999899,0.0285300031355455,17
9,0,-7,0,1,1,0,0.0079190000000001,0.230555232751555,6
9,0,-7,0,1,1,1,0.00263249999999992,0.0893124074119907,4
9,0,-7,0,1,1,2,0.000440999999999973,0.0355217739141655,4
9,0,-7,1,0,0,0,0.00289749999999998,0.0887919018104853,60
9,0,-7,1,0,0,1,0.000817500000000042,0.0312833355814024,79
9,0,-7,1,0,0,2,0.000161999999999965,0.0270788624782033,78
9,0,-8,1,1,0,0,0.00292799999999997,0.090867669890938,7
9,0,-8,1,1,0,1,0.000928499999999945,0.0293970040251085,14
9,0,-8,1,1,0,2,0.000153500000000043,0.0123341915972165,13
9,0,-7,0,0,0,0,0.00113449999999993,0.0332014088464666,244
9,0,-7,0,0,0,1,0.000322999999999929,0.0103119897012765,173
9,0,-7,0,0,0,2,4.9500000000028e-05,0.0261179830408419,120
8,1,10,0,0,1,0,0.999285031904543,0.0178063949693003,0
8,1,10,0,0,1,1,0.999681626921273,0.00759093880774487,1
8,1,10,0,0,1,2,0.999893055451407,0.00271337979204623,2
8,1,10,0,1,0,0,0.99932909470328,0.0171593999773507,2
8,1,10,0,1,0,1,0.999731370307584,0.00702205409379912,12
8,1,10,0,1,0,2,0.99989436546244,0.00257012715782442,17
9,0,-8,1,1,1,0,0.00719300000000006,0.217278802616566,0
9,0,-8,1,1,1,1,0.00232949999999999,0.0808094191682991,4
9,0,-8,1,1,1,2,0.000478000000000026,0.0169933356749644,8
8,1,8,0,0,0,0,0.998507446475728,0.0315744121625053,141
8,1,8,0,0,0,1,0.999271662985231,0.0139362388597869,102
8,1,8,0,0,0,2,0.999618195003845,0.005010185614434,66
8,1,9,1,1,1,0,0.993377667437569,0.163913837664993,3
8,1,9,1,1,1,1,0.997063060748348,0.0825359740988543,1
8,1,9,1,1,1,2,0.998924929882594,0.0391160621194901,3
8,1,10,0,0,0,0,0.999722547309401,0.00641219726518931,166
8,1,10,0,0,0,1,0.999873564666013,0.00260505602151486,124
8,1,10,0,0,0,2,0.999938688293913,0.000801524771852224,98
8,1,7,1,1,1,0,0.971562697396802,0.630635841293211,1
8,1,7,1,1,1,1,0.985767921899824,0.37130449249577,5
8,1,7,1,1,1,2,0.994236909634705,0.203209142891066,8
8,1,7,0,1,1,0,0.984180171318251,0.332277365421923,1
8,1,7,0,1,1,1,0.992070098722659,0.186425334739115,1
8,1,7,0,1,1,2,0.996941842792972,0.0961022226371596,2
8,1,7,1,0,0,0,0.993232986217041,0.155387737960885,42
8,1,7,1,0,0,1,0.996728379930538,0.0783830353852015,66
8,1,7,1,0,0,2,0.998491945078335,0.0314523615795629,59
8,1,7,1,0,1,0,0.984921396733039,0.309746761015006,5
8,1,7,1,0,1,1,0.99281052491613,0.177353431727863,7
8,1,7,1,0,1,2,0.997134527294998,0.0849596808064898,13
8,1,7,1,1,0,0,0.986022310102956,0.325014497214067,10
8,1,7,1,1,0,1,0.993216640367352,0.172751982713175,30
8,1,7,1,1,0,2,0.997249691828088,0.0820598259746158,36
8,1,7,0,0,0,0,0.996601141828631,0.0670023253822316,218
8,1,7,0,0,0,1,0.99824117435271,0.0310395568743708,158
8,1,7,0,0,1,0,0.992063878700427,0.168631204246864,3
8,1,7,0,0,1,1,0.99589160823308,0.0872194017442597,3
8,1,7,0,0,1,2,0.998324909301689,0.0386884425944248,10
8,1,7,0,1,0,0,0.992632324556764,0.160512631140651,11
8,1,7,0,1,0,1,0.99647433812114,0.0793399570161669,17
8,1,7,0,1,0,2,0.998378161735122,0.0368489364939472,26
8,1,6,1,1,0,0,0.971457039338059,0.626221326342519,17
8,1,6,1,1,0,1,0.985336055810854,0.357784482773884,29
8,1,6,1,1,0,2,0.993627009875187,0.182403540939201,38
8,1,6,1,1,1,0,0.943858720837318,1.15866529812289,4
8,1,6,1,1,1,1,0.970032526420597,0.744613368237232,7
8,1,6,1,1,1,2,0.987076804069796,0.44513160871538,7
8,1,7,0,0,0,2,0.999008821925638,0.011719436600291,122
8,1,4,1,0,1,0,0.885069285738598,1.85087175573581,6
8,1,4,1,0,1,1,0.931973916253953,1.38090858004201,26
8,1,4,1,0,1,2,0.966697767577034,0.866466642467424,24
8,1,6,1,0,0,0,0.985663782423973,0.309976787130868,84
8,1,6,1,0,0,1,0.992573342226714,0.165936189362822,95
8,1,6,1,0,0,2,0.996361119768476,0.0713649339147383,100
8,1,6,1,0,1,0,0.969248433560839,0.593912926006725,5
8,1,6,1,0,1,1,0.984297745427721,0.36694358952148,9
8,1,6,1,0,1,2,0.993331699570861,0.189186442008116,15
8,1,4,0,1,1,0,0.876327344631314,1.92283527083207,9
8,1,4,0,1,1,1,0.924470214519127,1.44276825267985,11
8,1,4,0,1,1,2,0.964128162638459,0.994307591291422,10
8,1,4,1,0,0,0,0.941409216628673,1.08075139216773,151
8,1,4,1,0,0,1,0.964998437173652,0.67160323950537,168
8,1,4,1,0,0,2,0.980513839237707,0.336752854683923,170
8,1,4,1,1,0,0,0.893577045101125,1.96324708291175,46
8,1,4,1,1,0,1,0.93718063064704,1.35278390887793,44
8,1,4,1,1,0,2,0.968014524083346,0.83437565874762,62
8,1,4,0,0,0,0,0.966332378389253,0.514957315737864,583
8,1,4,0,0,0,1,0.978953391456325,0.286769772940496,413
8,1,4,0,0,0,2,0.985898789020513,0.1276351761923,319
8,1,4,0,0,1,0,0.92957576322547,1.1248831135906,2
8,1,4,0,0,1,1,0.95621365276514,0.748060319603977,7
8,1,4,0,0,1,2,0.978315140339297,0.418452710445176,16
8,1,4,0,1,0,0,0.935399751648522,1.07833798228295,25
8,1,4,0,1,0,1,0.962032477342835,0.68521963159729,41
8,1,4,0,1,0,2,0.97888378029138,0.399442215270256,44
8,1,3,1,0,1,0,0.793268956104768,2.84566219289864,12
8,1,3,1,0,1,1,0.867191277044542,2.36969244395963,29
8,1,3,1,1,0,0,0.808938639806577,3.04715263061852,36
8,1,3,1,1,0,1,0.877307751002924,2.35393253805432,77
8,1,3,1,1,0,2,0.931055364201099,1.66297771902813,82
8,1,3,1,1,1,0,0.693540174517589,4.23905255262681,7
8,1,3,1,1,1,1,0.794774019745607,3.81408782901509,22
8,1,3,1,1,1,2,0.886051898787585,3.40279959323742,18
8,1,0,0,0,0,0,0.500000013204672,1.83386785783626,1113
8,1,0,0,0,0,1,0.546160786864282,1.41264372487202,814
8,1,0,0,0,0,2,0.581550966423074,0.98257412928474,650
8,1,3,1,0,1,2,0.928482818207293,1.73658662964619,23
8,1,-3,1,1,1,0,0.0280287314862783,0.425729666594341,21
8,1,-3,1,1,1,1,0.0424232844762774,0.678601665699156,29
8,1,-3,1,1,1,2,0.0624665475511155,0.82255898479492,41
8,1,-1,1,1,1,0,0.109492016286539,1.54204507189135,28
8,1,-1,1,1,1,1,0.160808846609816,2.3695119652771,42
8,1,-1,1,1,1,2,0.230599879234794,2.86222776202464,67
8,1,-3,0,1,1,2,0.0667440569305978,0.594607736983774,16
8,1,-3,1,0,1,0,0.0344258016965445,0.344399763378748,16
8,1,-3,1,0,1,1,0.0484266182820751,0.582830744131514,29
8,1,-3,1,0,1,2,0.0680614664872822,0.532868258658702,46
8,1,-3,1,1,0,0,0.0449219501187386,0.485481159393911,45
8,1,-3,1,1,0,1,0.0582999582520406,0.512717145332882,79
8,1,-3,1,1,0,2,0.0701957105243011,0.477619013909904,104
8,1,-2,0,0,0,0,0.134238166004392,0.49486165319488,819
8,1,-2,0,0,0,1,0.146683713440638,0.380037870513544,614
8,1,-2,0,0,0,2,0.156196459116593,0.26276947169747,487
8,1,-3,0,1,0,0,0.0500921949088729,0.33895455285876,34
8,1,-3,0,1,0,1,0.0618683842002579,0.362982833689476,72
8,1,-3,0,1,0,2,0.0722686921392575,0.391534911516396,95
8,1,-3,0,1,1,0,0.0311862940061071,0.351131153292174,6
8,1,-3,0,1,1,1,0.0438556353745648,0.561603618918741,19
8,1,-3,1,0,0,0,0.0585507712391441,0.410727435089305,161
8,1,-3,1,0,0,1,0.0678042594351146,0.350948259744125,198
8,1,-3,1,0,0,2,0.0762442119579731,0.268766904892252,213
8,1,-4,1,1,0,0,0.0219374005090699,0.242298731337434,30
8,1,-4,1,1,0,1,0.0286306867511303,0.256841233197284,50
8,1,-4,1,1,0,2,0.0345889704456812,0.239886067231276,64
8,1,-3,0,0,0,0,0.0683852114072262,0.258530247576155,679
8,1,-3,0,0,0,1,0.0748903746739117,0.199120875591374,506
8,1,-3,0,0,0,2,0.0798769135705938,0.138219735417724,417
8,1,-3,0,0,1,0,0.0401392901944264,0.321746565618769,6
8,1,-3,0,0,1,1,0.0509909764537735,0.507920306360648,11
8,1,-3,0,0,1,2,0.0706615750259098,0.441228133844027,41
8,1,-4,1,0,1,0,0.0166230986051076,0.171474876061511,13
8,1,-4,1,0,1,1,0.0236238645212994,0.29314299933171,32
8,1,-4,1,0,1,2,0.0335082339187626,0.26789342894092,42
8,1,-4,1,1,1,0,0.0135149635066271,0.210851372009694,6
8,1,-4,1,1,1,1,0.0206798577554622,0.340051322907648,21
8,1,-4,1,1,1,2,0.0307312184238337,0.412653741571244,30
8,1,-6,1,0,0,0,0.00638820127390992,0.0472685848305641,64
8,1,-6,1,0,0,1,0.00745519221179711,0.0406965314399037,79
8,1,-6,1,0,0,2,0.00843566302028416,0.0314165316807883,91
8,1,-6,1,1,0,0,0.00483391846465398,0.0551509742934157,21
8,1,-6,1,1,0,1,0.00636605262792354,0.0590262485309853,32
8,1,-6,1,1,0,2,0.00773512129717412,0.055507960146075,40
8,1,-4,1,0,0,0,0.0287472078878961,0.205728494384568,143
8,1,-4,1,0,0,1,0.0333851974136571,0.176152462413264,142
8,1,-4,1,0,0,2,0.0376240188419829,0.135216798041373,161
8,1,-6,0,0,0,0,0.00751719216512894,0.0300126212982676,233
8,1,-6,0,0,0,1,0.0082732026049287,0.0232847636443785,179
8,1,-6,0,0,0,2,0.00885690189646124,0.0163077830910303,157
8,1,-6,0,1,0,0,0.00538036645889167,0.038808738269576,15
8,1,-6,0,1,0,1,0.0067456342379617,0.0421438828302694,33
8,1,-6,0,1,0,2,0.00795925467614444,0.0461050789423687,42
8,1,-6,0,1,1,0,0.00323410891548674,0.0394999736539686,7
8,1,-6,0,1,1,1,0.00466773788437176,0.0653770282307113,13
8,1,-6,0,1,1,2,0.0073399688520377,0.0689263923197896,12
8,1,-6,1,0,1,0,0.00358475191927373,0.0388490537122427,6
8,1,-6,1,0,1,1,0.00518525222652617,0.0679585330367114,18
8,1,-6,1,0,1,2,0.0074809017060926,0.0621080995470547,24
8,1,-7,1,1,1,0,0.00135134144145615,0.020572053307663,7
8,1,-7,1,1,1,1,0.00206903983300035,0.0352901015672394,8
8,1,-7,1,1,1,2,0.00311539841553523,0.0431467723304759,8
8,1,-6,0,0,1,0,0.00419145602955311,0.0370044166004449,1
8,1,-6,0,0,1,1,0.00544428725845998,0.059787292090231,5
8,1,-6,0,0,1,2,0.00776607653385071,0.0520730619330906,20
8,1,-7,0,1,1,0,0.00146392149968358,0.017565244764407,1
8,1,-7,0,1,1,1,0.00210487439520538,0.0298363365182114,3
8,1,-7,0,1,1,2,0.00332696929626292,0.031439446973039,9
8,1,-7,1,0,1,0,0.00161878240617142,0.0173273122581301,6
8,1,-7,1,0,1,1,0.00233904318024662,0.0310291619777164,14
8,1,-7,1,0,1,2,0.00338924226779198,0.0283950122836185,20
8,1,-7,1,1,0,0,0.00219702754192981,0.0246963819607556,13
8,1,-7,1,1,0,1,0.00288729365114291,0.0267119350717709,18
8,1,-7,1,1,0,2,0.00350707645367428,0.0253318632630708,31
8,1,-7,1,0,0,0,0.00289474087505254,0.0214031976486646,44
8,1,-7,1,0,0,1,0.0033784988582845,0.0185462038366661,66
8,1,-7,1,0,0,2,0.00382578443117165,0.0144137231362814,62
8,0,8,1,1,1,0,0.999899770520521,0.00151666592585678,1
8,0,8,1,1,1,1,0.999845027440007,0.00286118317027315,6
8,0,8,1,1,1,2,0.999759714458636,0.00352200718218802,9
8,0,10,1,1,1,0,0.999957790655,1.77681387046015e-16,10
8,0,10,1,1,1,1,0.999957790655,1.30281992232275e-15,12
8,0,10,1,1,1,2,0.999957790655,4.14498951824794e-15,27
8,0,8,1,1,0,0,0.999833766231126,0.00192745208984893,11
8,0,8,1,1,0,1,0.999778687970788,0.00214308897092509,20
8,0,8,1,1,0,2,0.999728996446446,0.00207898160447886,25
8,0,9,0,0,0,0,0.999904410451642,0.000322934523639382,86
8,0,9,0,0,0,1,0.99989618258657,0.000264313151974257,75
8,0,9,0,0,0,2,0.999889488508887,0.000199732234199653,56
8,0,8,0,1,0,0,0.999820776015417,0.00140691871140458,15
8,0,8,0,1,0,1,0.999769653543771,0.00158023106866631,15
8,0,8,0,1,0,2,0.999723258698822,0.00181986284690674,22
8,0,8,1,0,0,0,0.999779314481792,0.00172131397618298,32
8,0,8,1,0,0,1,0.999740161070072,0.00151928644733414,44
8,0,8,1,0,0,2,0.99970329699644,0.00120811888638967,58
8,0,8,1,0,1,0,0.999885035246069,0.00134259488751476,4
8,0,8,1,0,1,1,0.999827948161718,0.00259075301241638,12
8,0,8,1,0,1,2,0.99973947219648,0.00235177154350323,13
8,0,8,0,0,0,0,0.999738660283822,0.00112744316818511,129
8,0,8,0,0,0,1,0.999710138750197,0.000897171899069687,97
8,0,8,0,0,0,2,0.999687563526449,0.000648633217820437,92
8,0,8,0,0,1,0,0.999870081126097,0.00134461539711794,4
8,0,8,0,0,1,1,0.999823890960702,0.00235795973852005,5
8,0,8,0,0,1,2,0.999731427880631,0.00207171216436986,8
8,0,8,0,1,1,0,0.999894898808085,0.00132682875080505,5
8,0,8,0,1,1,1,0.999845854946786,0.00248908453954077,8
8,0,8,0,1,1,2,0.999743350328893,0.00256798029892563,5
8,0,7,1,0,1,0,0.999699920479408,0.00387798704184826,3
8,0,7,1,0,1,1,0.999536479250906,0.00721200171800702,11
8,0,7,1,0,1,2,0.999291399538599,0.00656926131429381,17
8,0,7,1,1,1,0,0.999752357202702,0.00451509022479748,4
8,0,7,1,1,1,1,0.999592142899458,0.0080936735574099,14
8,0,7,1,1,1,2,0.99935140035638,0.00991395111504977,12
8,0,5,1,0,0,0,0.996145690382688,0.0306158874070212,91
8,0,5,1,0,0,1,0.995453083005433,0.0264926767678669,114
8,0,5,1,0,0,2,0.99481360612112,0.0205804356821126,140
8,0,5,1,1,0,0,0.99714599243786,0.0354075043715677,26
8,0,5,1,1,0,1,0.996155390876667,0.0382317977533037,47
8,0,5,1,1,0,2,0.995269041196011,0.036186504858147,80
8,0,7,1,0,0,0,0.999403871477117,0.00488148794694173,56
8,0,7,1,0,0,1,0.999293167825722,0.00426073756581444,66
8,0,7,1,0,0,2,0.999190107217521,0.00334082464022563,76
8,0,7,1,1,0,0,0.99956160244509,0.00556257111950815,15
8,0,7,1,1,0,1,0.999404508678221,0.00609518747026256,30
8,0,7,1,1,0,2,0.999263226840653,0.00583326422811224,30
8,0,5,0,1,0,2,0.995134038810716,0.0304464689923774,52
8,0,5,0,1,1,0,0.998189484548228,0.0251376767132736,4
8,0,5,0,1,1,1,0.997274097578688,0.0427906396963225,7
8,0,5,0,1,1,2,0.995520875669811,0.0447682645682735,12
8,0,5,1,0,1,0,0.997981153704233,0.024813760813088,8
8,0,5,1,0,1,1,0.996948250761587,0.0445565083342217,21
8,0,5,1,0,1,2,0.995438996457381,0.0406127677408222,28
8,0,4,1,1,1,0,0.995990293287412,0.0712172863066598,18
8,0,4,1,1,1,1,0.993517700109823,0.120880632950698,31
8,0,4,1,1,1,2,0.989933126656361,0.147276222777006,39
8,0,5,0,0,1,0,0.997617367730302,0.0239622905678241,1
8,0,5,0,0,1,1,0.996803343784774,0.039524178164709,8
8,0,5,0,0,1,2,0.995264421147884,0.0344706674685969,20
8,0,5,0,1,0,0,0.996819988352732,0.0250654985429359,17
8,0,5,0,1,0,1,0.995929172086909,0.0274752152528657,38
8,0,4,1,0,1,0,0.99503836770382,0.0593211098731232,14
8,0,4,1,0,1,1,0.992574436629191,0.105874123061974,28
8,0,4,1,0,1,2,0.988990117865118,0.0965028748815067,47
8,0,4,1,1,0,0,0.993061452644966,0.0845659518833934,34
8,0,4,1,1,0,1,0.990699326063674,0.091073131897771,76
8,0,4,1,1,0,2,0.988587939461071,0.0860304711456085,90
8,0,5,0,0,0,0,0.995417331992088,0.0195798820317238,359
8,0,5,0,0,0,1,0.994923569439463,0.0152799679284722,275
8,0,5,0,0,0,2,0.994540131261786,0.0107901455867239,251
8,0,4,0,1,0,0,0.992269310953185,0.0597405146739886,28
8,0,4,0,1,0,1,0.990150392067048,0.0653268312630923,58
8,0,4,0,1,0,2,0.98826167377034,0.0721933383148246,81
8,0,4,1,0,0,0,0.990673471926736,0.0729257925299257,120
8,0,4,1,0,0,1,0.98902430734001,0.0630031290834817,184
8,0,4,1,0,0,2,0.987504061599619,0.0488591515709259,191
8,0,-2,1,1,0,0,0.366557554357266,4.60124196275524,36
8,0,-2,1,1,0,1,0.256793825844576,4.05848155174036,84
8,0,-2,1,1,0,2,0.161985811681738,3.32308969232038,107
8,0,-1,0,0,0,0,0.303389907380323,2.50661465048677,1062
8,0,-1,0,0,0,1,0.240650146422513,1.89205152043557,747
8,0,-1,0,0,0,2,0.193521070921796,1.26396868068804,567
8,0,4,0,1,1,0,0.995539461443272,0.0601587649017277,3
8,0,4,0,1,1,1,0.993351525219727,0.101690692238712,17
8,0,4,0,1,1,2,0.989187144579305,0.106450297221963,21
8,0,-2,1,0,0,0,0.245522324438954,3.25735738098216,179
8,0,-2,1,0,0,1,0.17505716861254,2.50906107456911,260
8,0,-2,1,0,0,2,0.116995810073214,1.67052764980616,247
8,0,-2,1,0,1,0,0.401039690133255,4.21245356780996,9
8,0,-2,1,0,1,1,0.282517584161091,4.05121528356122,27
8,0,-2,1,0,1,2,0.168915619619065,3.48914842686033,44
8,0,-2,1,1,1,0,0.521771127164877,5.3351373871118,14
8,0,-2,1,1,1,1,0.37782805064344,5.78823348506197,31
8,0,-2,1,1,1,2,0.232587754215485,5.98140560201456,37
8,0,-2,0,0,1,0,0.30033615266716,3.1465038782158,3
8,0,-2,0,0,1,1,0.21929896098385,2.71677035185874,18
8,0,-2,0,0,1,2,0.129373340600791,2.08572527939791,32
8,0,-2,0,1,1,0,0.459071940388483,4.04137015219651,6
8,0,-2,0,1,1,1,0.333757183659762,4.24535847339039,14
8,0,-2,0,1,1,2,0.195163938146019,4.40280923042288,24
8,0,-3,1,0,1,0,0.247201665367536,3.30602186077369,11
8,0,-3,1,0,1,1,0.160933310408108,2.81334620673914,16
8,0,-3,1,0,1,2,0.0878354742574789,2.11295360902321,32
8,0,-3,1,1,1,0,0.359673398654235,4.79359662271078,19
8,0,-3,1,1,1,1,0.244218045773575,4.43166552746187,17
8,0,-3,1,1,1,2,0.137503331568969,4.05799754157856,27
8,0,-2,0,0,0,0,0.162760104557613,1.77482896087661,837
8,0,-2,0,0,0,1,0.11913259371161,1.19431060694481,645
8,0,-2,0,0,0,2,0.0899549069514291,0.661039094373272,479
8,0,-2,0,1,0,0,0.272368394398365,3.07032096694775,34
8,0,-2,0,1,0,1,0.191338786324569,2.52463869471264,61
8,0,-2,0,1,0,2,0.126385520684699,1.9872820864826,73
8,0,-5,1,1,0,0,0.0682686592385561,1.37376314591564,19
8,0,-5,1,1,0,1,0.0377935058088977,0.867393769440502,44
8,0,-5,1,1,0,2,0.0178616649113745,0.486371254785749,53
8,0,-3,1,0,0,0,0.135577294104078,2.17353478946462,154
8,0,-3,1,0,0,1,0.0884704200842645,1.50514587248344,205
8,0,-3,1,0,0,2,0.0537847442653586,0.850200106499876,207
8,0,-3,1,1,0,0,0.228390517231162,3.54652245034741,39
8,0,-3,1,1,0,1,0.148669000056981,2.80070755478595,63
8,0,-3,1,1,0,2,0.0847176958533389,2.02188144710359,83
8,0,-5,0,1,1,0,0.0785150298356538,1.3679346383533,7
8,0,-5,0,1,1,1,0.0451292734098403,0.933081207294071,9
8,0,-5,0,1,1,2,0.0200542458353524,0.575878349312367,4
8,0,-5,1,0,1,0,0.0736129567617425,1.30001813720354,6
8,0,-5,1,0,1,1,0.0408003694113858,0.888440251719221,20
8,0,-5,1,0,1,2,0.0186573675891373,0.504509803898831,25
8,0,-6,1,1,1,0,0.0681293532317753,1.39035501034558,5
8,0,-6,1,1,1,1,0.0367080207167457,0.905852693338832,6
8,0,-6,1,1,1,2,0.0159615560723362,0.54814634157999,10
8,0,-5,0,0,1,0,0.0429017488063521,0.758439594383805,1
8,0,-5,0,0,1,1,0.0251896339891566,0.46495300846009,7
8,0,-5,0,0,1,2,0.0117611799772135,0.238945704650889,10
8,0,-5,0,1,0,0,0.0395188052742588,0.723880312646298,17
8,0,-5,0,1,0,1,0.0218340799739909,0.424802407888782,25
8,0,-5,0,1,0,2,0.0114421350748487,0.228522330994602,28
8,0,-5,1,0,0,0,0.0359622221333597,0.717622841808473,112
8,0,-5,1,0,0,1,0.020155025941967,0.415351912691825,131
8,0,-5,1,0,0,2,0.0105799495146013,0.193987739077719,123
8,0,-6,1,1,0,0,0.0348113113097938,0.757180885295676,19
8,0,-6,1,1,0,1,0.0180250789267783,0.437232568372493,27
8,0,-6,1,1,0,2,0.00790469567643179,0.225039297821684,43
8,0,-5,0,0,0,0,0.0197946187011755,0.330202506639668,448
8,0,-5,0,0,0,1,0.0116870512284648,0.173567424714384,319
8,0,-5,0,0,0,2,0.00746392152987387,0.0729219722431045,255
8,0,-6,0,1,0,0,0.019206892079982,0.384101798285324,9
8,0,-6,0,1,0,1,0.00991474044658817,0.206822704071329,20
8,0,-6,0,1,0,2,0.00489208299665971,0.103301024427504,28
8,0,-6,1,0,0,0,0.0175748784808022,0.37676077153881,66
8,0,-6,1,0,0,1,0.00918772685591453,0.203383995954458,99
8,0,-6,1,0,0,2,0.00453572616431846,0.0882793398477767,84
8,0,-6,1,0,1,0,0.0374962393939069,0.717523711290172,1
8,0,-6,1,0,1,1,0.0193275488261438,0.448361768584066,7
8,0,-6,1,0,1,2,0.00827526401079365,0.233464497720778,14
8,0,-8,0,1,1,0,0.00915073161658986,0.204516976888051,0
8,0,-8,0,1,1,1,0.0043718504882421,0.107165878291911,1
8,0,-8,0,1,1,2,0.00160469205250057,0.0521754740561975,1
8,0,-6,0,0,1,0,0.0207830292710201,0.403894747580806,0
8,0,-6,0,0,1,1,0.011475043453687,0.227366763581985,2
8,0,-6,0,0,1,2,0.0050433709584545,0.108133534304595,8
8,0,-6,0,1,1,0,0.0396788325588331,0.762876049414383,3
8,0,-6,0,1,1,1,0.021356754866638,0.472426710789791,7
8,0,-6,0,1,1,2,0.0088616784723461,0.265166894811722,9
7,1,9,1,0,1,0,0.993152606345236,0.130307657042538,0
7,1,9,1,0,1,1,0.99648802919006,0.0773172913679085,2
7,1,9,1,0,1,2,0.998424915708296,0.0403801094377646,4
7,1,9,1,1,0,0,0.993681242570576,0.136835332485219,2
7,1,9,1,1,0,1,0.996704692724103,0.075707954719111,7
7,1,9,1,1,0,2,0.998482476263135,0.0389053326658466,9
7,1,9,1,1,1,0,0.98765227680675,0.260115459484273,1
7,1,9,1,1,1,1,0.993567725268666,0.155326747050277,1
7,1,9,1,1,1,2,0.997139471765564,0.0921002667246704,1
7,1,9,0,0,1,0,0.996156848909058,0.0720111078894609,0
7,1,9,0,0,1,1,0.997820628746712,0.0393444979832611,5
7,1,9,0,1,1,0,0.992814033887298,0.138964428008466,1
7,1,9,0,1,1,1,0.99613790962002,0.0808241126545111,1
7,1,9,0,1,1,2,0.998302799281585,0.0461791853626645,1
7,1,9,1,0,0,0,0.99675087917567,0.0673761537880314,16
7,1,9,1,0,0,1,0.998261243436312,0.0357624901906045,23
7,1,9,1,0,0,2,0.99906602021129,0.0155272029381749,15
7,1,8,1,1,1,2,0.994074695483416,0.187102178023515,6
7,1,9,0,0,0,0,0.998237573105706,0.029681795442119,75
7,1,9,0,0,0,1,0.998958545489569,0.0145241131637162,54
7,1,9,0,0,0,2,0.999316026508102,0.00591365867632889,43
7,1,9,0,0,1,2,0.998967728177464,0.0194148670571197,3
7,1,9,0,1,0,0,0.996447326010482,0.0691760615352259,6
7,1,9,0,1,0,1,0.998121671183919,0.0360496058422529,4
7,1,9,0,1,0,2,0.998995073304171,0.0184016472370122,9
7,1,8,1,0,0,0,0.993441981055188,0.129720744509055,23
7,1,8,1,0,0,1,0.996336641660223,0.0714969434284093,37
7,1,8,1,0,0,2,0.997958683740878,0.0326935160936609,35
7,1,8,1,1,0,0,0.987585222634243,0.256453501141147,6
7,1,8,1,1,0,1,0.9932919447959,0.148861834075406,15
7,1,8,1,1,0,2,0.99676051585383,0.080394639027882,12
7,1,8,1,1,1,0,0.976426786757012,0.470456490481586,0
7,1,8,1,1,1,1,0.987171429783308,0.298093538025111,5
7,1,6,1,0,1,0,0.952283943420938,0.752417504168749,3
7,1,6,1,0,1,1,0.971796736790631,0.52620345070985,7
7,1,6,1,0,1,2,0.985428927292986,0.325254257627022,6
7,1,6,1,1,0,0,0.95595909048206,0.803390856519845,20
7,1,6,1,1,0,1,0.974006527483266,0.519375144445787,25
7,1,6,1,1,0,2,0.986001252109597,0.311325293317763,30
7,1,8,1,0,1,0,0.986552127216416,0.242987659423546,0
7,1,8,1,0,1,1,0.992800540907416,0.151681497392603,1
7,1,8,1,0,1,2,0.996630831257607,0.0836553122602128,4
7,1,6,0,1,0,0,0.972510519840091,0.432064828863249,16
7,1,6,0,1,0,1,0.983280004582811,0.264913552901798,22
7,1,6,0,1,0,2,0.989856697298981,0.158498920962468,24
7,1,6,0,1,1,0,0.948952957880735,0.786998796395322,3
7,1,6,0,1,1,1,0.968742844831992,0.550158550324039,5
7,1,6,0,1,1,2,0.984360445646314,0.37475313114292,4
7,1,6,1,0,0,0,0.975013184863227,0.433368307763839,72
7,1,6,1,0,0,1,0.984587128162544,0.260401647382386,68
7,1,6,1,0,0,2,0.990581959969528,0.131476592303485,84
7,1,5,1,1,0,0,0.921175779222869,1.3219402219307,27
7,1,5,1,1,0,1,0.951047057100928,0.911784930307377,39
7,1,6,0,0,0,0,0.984890909656584,0.204768902140266,261
7,1,6,0,0,0,1,0.989926094351675,0.112353796337329,172
7,1,6,0,0,0,2,0.992673332673867,0.0515087932155544,140
7,1,6,0,0,1,0,0.969989446331556,0.448894830550399,1
7,1,6,0,0,1,1,0.980721617715555,0.288550690376253,7
7,1,6,0,0,1,2,0.989580718564047,0.167442450609319,10
7,1,5,1,0,0,0,0.953302201638389,0.744449730051104,92
7,1,5,1,0,0,1,0.969658138879573,0.470537961886896,104
7,1,5,1,0,0,2,0.980540931744395,0.250533274299657,96
7,1,5,1,0,1,0,0.91446470220044,1.23066033466309,4
7,1,5,1,0,1,1,0.946648879673091,0.919910063556919,11
7,1,5,1,0,1,2,0.970934006951031,0.607996640181123,10
7,1,5,1,1,0,2,0.972044197762663,0.580826141640114,32
7,1,5,1,1,1,0,0.866378708823288,2.09671518284902,5
7,1,5,1,1,1,1,0.91560236525324,1.64124404131849,8
7,1,5,1,1,1,2,0.954601951348332,1.27195434690612,12
7,1,5,0,0,1,0,0.943637087298136,0.758716497368821,1
7,1,5,0,0,1,1,0.96209419215137,0.520543342569158,6
7,1,5,0,0,1,2,0.978506935985316,0.321997057004184,15
7,1,5,0,1,1,0,0.908046400031793,1.27425474736476,7
7,1,5,0,1,1,1,0.940848160416603,0.959480781006457,12
7,1,5,0,1,1,2,0.968798111347273,0.703443880716553,14
7,1,3,0,1,0,0,0.837900679314083,1.74853055977501,27
7,1,3,0,1,0,1,0.884089804980695,1.33116455952784,60
7,1,3,0,1,0,2,0.918156636108528,0.983169408390281,65
7,1,3,0,1,1,0,0.738270519567042,2.61942373459581,10
7,1,3,0,1,1,1,0.812019668224604,2.36537595321787,17
7,1,3,0,1,1,2,0.887763245455137,2.12222564418304,18
7,1,5,0,1,0,0,0.948509074150662,0.733806103578548,19
7,1,5,0,1,0,1,0.967051483744804,0.479467084456168,27
7,1,5,0,1,0,2,0.979054536727849,0.304288768569445,35
7,1,-1,0,1,1,0,0.161538498837617,1.43118559628849,10
7,1,-1,0,1,1,1,0.212227821176268,2.09971511481157,28
7,1,-1,0,1,1,2,0.297063969212081,2.25297357745798,36
7,1,-1,1,0,0,0,0.26643701483399,1.57982450802346,264
7,1,-1,1,0,0,1,0.301832925398641,1.32622354703882,372
7,1,-1,1,0,1,0,0.176077438945761,1.40198401133012,22
7,1,-1,1,0,1,1,0.230682461461835,2.16796033234975,52
7,1,-1,1,0,1,2,0.303137010057648,1.98823186265156,75
7,1,-1,1,1,0,0,0.212912175060984,1.92395206362923,69
7,1,-1,1,1,0,1,0.264842865037666,1.97112605445141,126
7,1,-1,1,1,0,2,0.310613038378311,1.7963045896362,132
7,1,-1,0,1,0,0,0.236838369406467,1.32239032450011,64
7,1,-1,0,1,0,1,0.281256480309576,1.36693814694219,106
7,1,-1,0,1,0,2,0.319893292810457,1.41980360475597,134
7,1,-1,1,0,0,2,0.333570935187798,0.995413331560661,329
7,1,-2,1,1,0,0,0.124362150749508,1.18166799231113,48
7,1,-2,1,1,0,1,0.156457869587663,1.22181799300977,93
7,1,-2,1,1,0,2,0.184822103281222,1.12092000554068,122
7,1,-2,1,1,1,0,0.0830206847495269,1.0805463329497,14
7,1,-2,1,1,1,1,0.118547114101275,1.61522184681614,40
7,1,-2,1,1,1,2,0.166022492198063,1.94394218024525,53
7,1,-1,0,0,0,0,0.30454492752332,0.973045829567723,1167
7,1,-1,0,0,0,1,0.328956041418865,0.73577442154236,875
7,1,-1,0,0,0,2,0.347329804584937,0.498405423085644,652
7,1,-1,0,0,1,0,0.20227229983087,1.23913750532083,6
7,1,-1,0,0,1,1,0.243657147815344,1.84145141606466,36
7,1,-1,0,0,1,2,0.314418095207884,1.58957692205152,52
7,1,-4,1,0,1,0,0.0295593220331181,0.271774738955113,10
7,1,-4,1,0,1,1,0.0404868068311566,0.448268312436659,31
7,1,-4,1,0,1,2,0.0555518936459397,0.410305184299473,44
7,1,-2,1,0,0,0,0.157328188078564,0.979112945422916,211
7,1,-2,1,0,0,1,0.179301974401472,0.826378851317879,285
7,1,-2,1,0,0,2,0.19910778636432,0.624103840753653,305
7,1,-2,1,0,1,0,0.100874780291799,0.851896370432777,24
7,1,-2,1,0,1,1,0.13457597915901,1.35733917004099,38
7,1,-2,1,0,1,2,0.180052150249331,1.24369988902633,53
7,1,-4,1,0,0,0,0.0481531765698953,0.319212179460444,150
7,1,-4,1,0,0,1,0.0553323072854106,0.271282574037997,160
7,1,-4,1,0,0,2,0.0618463935055385,0.206470786659525,168
7,1,-4,1,1,0,0,0.0374909735939255,0.380752157876665,38
7,1,-4,1,1,0,1,0.0479168110203128,0.398457507347087,69
7,1,-4,1,1,0,2,0.0571638718836318,0.368677591196588,78
7,1,-4,0,0,0,0,0.0558150190809821,0.199579169079132,511
7,1,-4,0,0,0,1,0.0608321772653461,0.152852282290542,365
7,1,-4,0,0,0,2,0.0646566579579453,0.105313448748959,316
7,1,-4,0,0,1,0,0.0342682092930361,0.250151853982421,4
7,1,-4,0,0,1,1,0.0426794736171895,0.387616815716949,14
7,1,-4,0,1,0,0,0.0417664317224426,0.264465093904859,20
7,1,-4,0,1,0,1,0.0508627965623403,0.280281146841009,65
7,1,-4,0,1,0,2,0.0588595873519332,0.298835120796464,77
7,1,-4,0,1,1,0,0.026907472924025,0.277661570238003,9
7,1,-4,0,1,1,1,0.0368775488443638,0.432569445403154,22
7,1,-4,0,1,1,2,0.0544632097616602,0.460047074472803,17
7,1,-5,1,1,0,2,0.0302024150957442,0.19918831410702,59
7,1,-5,1,1,1,0,0.0125262929118516,0.180280403717782,6
7,1,-5,1,1,1,1,0.0185849344703611,0.283601211802027,9
7,1,-5,1,1,1,2,0.0269524044642899,0.343522265109031,23
7,1,-4,0,0,1,2,0.0576556559311528,0.336092200451647,24
7,1,-5,0,1,1,0,0.0139006015737629,0.148109657835011,6
7,1,-5,0,1,1,1,0.0192330205623506,0.233837803271834,10
7,1,-5,0,1,1,2,0.0287510283354398,0.248324453769106,20
7,1,-5,1,0,0,0,0.0253430042588381,0.17180341897652,75
7,1,-5,1,0,0,1,0.0292098409524137,0.146445516222358,112
7,1,-5,1,0,0,2,0.032728769515054,0.111808797084072,127
7,1,-5,1,0,1,0,0.0152985393999198,0.145138915336068,5
7,1,-5,1,0,1,1,0.0211647498065425,0.242476766108042,21
7,1,-5,1,0,1,2,0.0293229584748275,0.221924621325518,30
7,1,-5,1,1,0,0,0.0196243321026669,0.203919947853669,23
7,1,-5,1,1,0,1,0.025225176132259,0.214494773103608,46
7,1,-7,0,1,0,0,0.00555904696214127,0.0364656258525154,11
7,1,-7,0,1,0,1,0.00683892842069558,0.039641387825531,22
7,1,-7,0,1,0,2,0.00797914739958073,0.0432916000976999,24
7,1,-5,0,0,1,0,0.0177625493764304,0.134601897999853,2
7,1,-5,0,0,1,1,0.0222952624663706,0.210468881673949,8
7,1,-5,0,0,1,2,0.0304359389706098,0.182686667416767,16
7,1,-5,0,1,0,0,0.021858126118775,0.142068316857706,18
7,1,-5,0,1,0,1,0.0267678243143883,0.151375340364614,41
7,1,-5,0,1,0,2,0.0310952065153139,0.162292098481862,52
7,1,-7,0,0,1,0,0.00445101966773629,0.03474301969245,1
7,1,-7,0,0,1,1,0.00562706910732202,0.0559773081970342,5
7,1,-7,0,0,1,2,0.00779959364928357,0.0488403425717353,14
7,1,-7,0,1,1,0,0.00353121658794195,0.0370212921372185,4
7,1,-7,0,1,1,1,0.00487837792974487,0.0612867915015727,3
7,1,-7,0,1,1,2,0.00738392312066751,0.065087268004969,7
7,0,10,0,1,0,0,0.999722547309401,2.64051321199191e-15,8
7,0,10,0,1,0,1,0.999722547309401,2.06383224525195e-15,18
7,0,10,0,1,0,2,0.999722547309401,3.21786352376245e-15,19
7,0,10,1,0,0,0,0.999722547309401,6.59345104142004e-15,33
7,0,10,1,0,0,1,0.999722547309401,6.51430691456577e-15,44
7,0,10,1,0,0,2,0.999722547309401,4.85916745965321e-15,57
7,0,10,0,0,0,0,0.999722547309401,6.67350467787267e-15,110
7,0,10,0,0,0,1,0.999722547309401,5.42483926153358e-15,81
7,0,10,0,0,0,2,0.999722547309401,4.1868123649827e-15,85
7,0,10,0,0,1,0,0.999722547309401,6.1900406655566e-15,0
7,0,10,0,0,1,1,0.999722547309401,2.34520553840797e-15,3
7,0,10,0,0,1,2,0.999722547309401,2.82018080632804e-15,7
7,0,10,0,1,1,0,0.999722547309401,1.75356441130492e-15,0
7,0,10,0,1,1,1,0.999722547309401,2.45702581842128e-15,3
7,0,10,0,1,1,2,0.999722547309401,2.17201483806294e-15,10
7,0,9,1,0,1,0,0.999668996812023,0.00183043410352942,2
7,0,9,1,0,1,1,0.999591849111617,0.00385669075441075,4
7,0,9,1,0,1,2,0.999458389042987,0.00342111566599184,7
7,0,9,1,1,0,0,0.999584867209942,0.00255570839074698,3
7,0,9,1,1,0,1,0.999509552864319,0.00296617735268266,11
7,0,9,1,1,0,2,0.99944141020337,0.00295931133178297,18
7,0,9,1,1,1,0,0.999672322567869,0.00188818890133198,0
7,0,9,1,1,1,1,0.999603348650092,0.00405538015978466,2
7,0,9,1,1,1,2,0.999480477452949,0.00498078642431569,4
7,0,7,1,0,0,0,0.997662417298709,0.0173120119983547,39
7,0,7,1,0,0,1,0.997271102596113,0.0150029453548443,46
7,0,7,1,0,0,2,0.996909250329934,0.0116616882362372,69
7,0,7,1,1,0,0,0.9982267014162,0.0199713920907007,7
7,0,7,1,1,0,1,0.997668392291113,0.021606557151197,19
7,0,7,1,1,0,2,0.997167080339187,0.0204934685619546,29
7,0,9,1,0,0,0,0.999510741466874,0.00235732285283797,15
7,0,9,1,0,0,1,0.999456337492394,0.00212038339273526,24
7,0,9,1,0,0,2,0.999404231312861,0.00172455476230714,22
7,0,7,0,1,0,0,0.998040445169511,0.0141729467050817,13
7,0,7,0,1,0,1,0.997537918328838,0.0155474883961719,18
7,0,7,0,1,0,2,0.997088612120414,0.0171857116433365,26
7,0,7,0,1,1,0,0.998819719089278,0.0142009330394878,2
7,0,7,0,1,1,1,0.998301495077876,0.0241406963269715,9
7,0,7,0,1,1,2,0.997312636105036,0.0254302590519783,9
7,0,7,1,0,1,0,0.998694854026716,0.0140100324647382,3
7,0,7,1,0,1,1,0.998112315291178,0.0251074176255718,4
7,0,7,1,0,1,2,0.997262477000511,0.0229737124803982,13
7,0,6,1,1,1,0,0.997633908524194,0.0381417541770051,6
7,0,6,1,1,1,1,0.99632114572119,0.06344752933685,11
7,0,6,1,1,1,2,0.994442771980143,0.0773044092944267,24
7,0,7,0,0,1,0,0.998487143615709,0.0135431709708181,1
7,0,7,0,0,1,1,0.998027260984748,0.0222524726432168,3
7,0,7,0,0,1,2,0.997161456698484,0.0194347929711558,13
7,0,6,0,1,1,0,0.997384565715646,0.0320553667581309,4
7,0,6,0,1,1,1,0.996220960973112,0.0531201967313194,8
7,0,6,0,1,1,2,0.994049486075119,0.055986109505203,13
7,0,6,1,0,1,0,0.997100804921049,0.031531076983616,8
7,0,6,1,0,1,1,0.995801169072751,0.0552221501578863,19
7,0,6,1,0,1,2,0.993935539631591,0.0504628035630003,30
7,0,6,1,1,0,0,0.996084887671724,0.0447733658116334,23
7,0,6,1,1,0,1,0.994840668689702,0.047938818648331,35
7,0,6,1,1,0,2,0.993728789682959,0.0450942911027492,45
7,0,7,0,0,0,0,0.997249212975396,0.0110670265786774,170
7,0,7,0,0,0,1,0.996970231698721,0.00863595657342211,136
7,0,7,0,0,0,2,0.996753586075448,0.00608668782199606,129
7,0,6,0,1,0,0,0.995642588451084,0.0315124818146257,13
7,0,6,0,1,0,1,0.994533430984844,0.034237135382604,24
7,0,6,0,1,0,2,0.993547292154983,0.0374760202005208,43
7,0,6,1,0,0,0,0.994822912202573,0.0383893301182735,68
7,0,6,1,0,0,1,0.993956272140166,0.0330592470104344,82
7,0,6,1,0,0,2,0.993159736089434,0.0255276678143387,79
7,0,4,0,0,1,0,0.984174376903965,0.131932730323225,2
7,0,4,0,0,1,1,0.979718784130664,0.209971960450112,13
7,0,4,0,0,1,2,0.971578873994318,0.182539210040197,34
7,0,4,0,1,1,0,0.987751312064829,0.142937286070758,8
7,0,4,0,1,1,1,0.98258460934979,0.231251304050818,14
7,0,4,0,1,1,2,0.973150463705709,0.244324019244747,19
7,0,6,0,0,1,0,0.996609638448624,0.0300529295819034,2
7,0,6,0,0,1,1,0.995592010720714,0.0485997212703838,6
7,0,6,0,0,1,2,0.993704465969835,0.0423314963463237,17
7,0,0,0,1,0,0,0.694320795118299,1.98064453517706,49
7,0,0,0,1,0,1,0.625405787987916,2.11895432400118,118
7,0,0,0,1,0,2,0.564653634473358,2.28739897551882,137
7,0,3,1,1,1,0,0.977081075856832,0.349495828518079,17
7,0,3,1,1,1,1,0.965255744438379,0.55800133318548,52
7,0,3,1,1,1,2,0.948772757002927,0.676476926516468,52
7,0,4,0,0,0,0,0.972495773366024,0.106338789699494,510
7,0,4,0,0,0,1,0.969818986092531,0.0821029176992272,398
7,0,4,0,0,0,2,0.967762127313341,0.0571741210007675,333
7,0,4,0,1,0,0,0.980037199602005,0.138768832677653,23
7,0,4,0,1,0,1,0.975194603335119,0.149291509419124,58
7,0,4,0,1,0,2,0.970909218454054,0.161840226261381,84
7,0,0,0,0,1,0,0.752836207223356,1.88094644409566,8
7,0,0,0,0,1,1,0.689399178754686,2.97531953377426,29
7,0,0,0,0,1,2,0.574127394053507,2.58020365990983,47
7,0,0,0,1,1,0,0.804206408146693,2.05576614590272,12
7,0,0,0,1,1,1,0.730184437593228,3.28555752261989,26
7,0,0,0,1,1,2,0.596310004100712,3.45671940903577,22
7,0,-1,1,0,1,0,0.614207911338398,3.05974636834547,20
7,0,-1,1,0,1,1,0.502464589085293,4.22140501842504,48
7,0,-1,1,0,1,2,0.362814297978749,3.91793185246147,65
7,0,-1,1,1,1,0,0.687215969066353,3.89771626145766,15
7,0,-1,1,1,1,1,0.565052698205887,5.24432138172695,50
7,0,-1,1,1,1,2,0.413360051054365,6.2562999410103,51
7,0,0,0,0,0,0,0.587320998008007,1.51013693661549,1216
7,0,0,0,0,0,1,0.549314994177999,1.16246111514763,873
7,0,0,0,0,0,2,0.520196992829958,0.807628917559627,648
7,0,-3,1,0,0,0,0.174238102802523,2.12126401431234,159
7,0,-3,1,0,0,1,0.127994449194527,1.53341313464978,228
7,0,-3,1,0,0,2,0.0923736024632088,0.940826318083069,208
7,0,-3,1,1,0,0,0.259945715311573,3.27102169155159,49
7,0,-3,1,1,0,1,0.183772932695623,2.68901724373643,63
7,0,-3,1,1,0,2,0.121844772205241,2.04053962313798,75
7,0,-1,1,0,0,0,0.43870010915206,3.21607685927119,267
7,0,-1,1,0,0,1,0.367221015274312,2.66975015020153,336
7,0,-1,1,0,0,2,0.303755540083425,1.97629303879551,353
7,0,-1,1,1,0,0,0.548027994630062,4.00154130372799,63
7,0,-1,1,1,0,1,0.442307879972812,3.99060582623491,120
7,0,-1,1,1,0,2,0.3492761636246,3.5814644512563,135
7,0,-3,0,1,1,0,0.307801578110222,2.95737312363941,10
7,0,-3,0,1,1,1,0.223468276937704,2.73192035733438,8
7,0,-3,0,1,1,2,0.134941805288894,2.507110410508,12
7,0,-3,1,0,1,0,0.283643289206267,2.95626405698641,15
7,0,-3,1,0,1,1,0.201625818771386,2.65754379464304,31
7,0,-3,1,0,1,2,0.126193694111569,2.15478782599908,38
7,0,-4,1,1,1,0,0.255135231791087,3.4126156027748,7
7,0,-4,1,1,1,1,0.172937211522807,2.98428251570979,12
7,0,-4,1,1,1,2,0.100621101454882,2.60845349125189,14
7,0,-3,0,0,1,0,0.212212300422905,2.03974066810152,3
7,0,-3,0,0,1,1,0.159358147931014,1.69355937280727,12
7,0,-3,0,0,1,2,0.101541840038097,1.24860599026434,22
7,0,-3,0,1,0,0,0.192608966082544,2.01371982844839,39
7,0,-3,0,1,0,1,0.139114840468437,1.56004016593803,39
7,0,-3,0,1,0,2,0.0990933938882976,1.1701474574027,70
7,0,-4,1,1,0,0,0.160500231880694,2.36608071843018,35
7,0,-4,1,1,0,1,0.106452320784952,1.78305977165044,53
7,0,-4,1,1,0,2,0.0655192783868083,1.23631706400931,80
7,0,-3,0,0,0,0,0.122827279721163,1.11780158674396,711
7,0,-3,0,0,0,1,0.0953114985876947,0.718731992380155,526
7,0,-3,0,0,0,2,0.0777417770558553,0.387191783906456,384
7,0,-4,0,1,0,0,0.111511731927242,1.3771822437539,34
7,0,-4,0,1,0,1,0.0759456898379524,0.979007847076225,55
7,0,-4,0,1,0,2,0.0511652057683105,0.673663857558536,55
7,0,-4,1,0,0,0,0.100932122204482,1.42089391504326,146
7,0,-4,1,0,0,1,0.0699032345457874,0.961462638076481,155
7,0,-4,1,0,0,2,0.0475885378932702,0.548525301050339,179
7,0,-4,1,0,1,0,0.174631492195743,2.17775987580359,11
7,0,-4,1,0,1,1,0.116522235091525,1.7848813207507,20
7,0,-4,1,0,1,2,0.0679914015586083,1.29828628195475,21
7,0,-6,0,0,1,0,0.0363012401856828,0.535163203929254,4
7,0,-6,0,0,1,1,0.0234751878108137,0.347397897418426,4
7,0,-6,0,0,1,2,0.0127756487686697,0.203337214130599,13
7,0,-6,0,1,1,0,0.0613856869343188,0.932236574170196,4
7,0,-6,0,1,1,1,0.0378688459530669,0.659409640983891,8
7,0,-6,0,1,1,2,0.0190886513374127,0.453743822504928,5
7,0,-4,0,0,1,0,0.122489450981463,1.4116575862635,3
7,0,-4,0,0,1,1,0.0871973282907481,1.0614478125227,15
7,0,-4,0,0,1,2,0.0524574399988486,0.715486139255117,28
7,0,-4,0,1,1,0,0.188826733993858,2.2177328872658,8
7,0,-4,0,1,1,1,0.129279006711937,1.85315165056708,11
7,0,-4,0,1,1,2,0.072935466857574,1.51082501455756,11
7,0,-6,0,0,0,0,0.0183751862762278,0.245682162357643,289
7,0,-6,0,0,0,1,0.0123313347720672,0.135691624100964,181
7,0,-6,0,0,0,2,0.0090150003200868,0.0625825303320668,144
7,0,-6,0,1,0,0,0.0332373848706923,0.515276409343343,20
7,0,-6,0,1,0,1,0.020369154490804,0.3190159837949,26
7,0,-6,0,1,0,2,0.0124387101304726,0.192456931452991,26
7,0,-10,0,0,1,0,0.00229079909582965,0.0444210775306401,0
7,0,-10,0,0,1,1,0.00127551355674883,0.0231259741045756,0
7,0,-10,0,0,1,2,0.000613060571706194,0.0107118456419608,3
7,0,-7,1,1,0,0,0.0286773782851569,0.554548332608971,13
7,0,-7,1,1,0,1,0.0162644428365048,0.341591181035723,20
7,0,-7,1,1,0,2,0.00835429505528293,0.195499235259206,15
7,0,-7,1,1,1,0,0.0524327475868699,0.970623379996093,4
7,0,-7,1,1,1,1,0.0301139592517333,0.662105467415087,7
7,0,-7,1,1,1,2,0.0146547340337354,0.446102383242293,5
6,1,10,1,1,1,0,0.989499613287572,0.203126822594569,1
6,1,10,1,1,1,1,0.994152201828841,0.127321005950756,1
6,1,10,1,1,1,2,0.997098702722163,0.0807290362559888,3
7,0,-10,0,0,0,0,0.00105968048272418,0.0177672959656364,122
7,0,-10,0,0,0,1,0.000630431153649647,0.00839636499184542,86
7,0,-10,0,0,0,2,0.000423351352708285,0.00324662755114817,55
7,0,-10,0,1,0,0,0.00213205958179701,0.0426328054309772,11
7,0,-10,0,1,0,1,0.00110925442626051,0.0212119206195118,20
7,0,-10,0,1,0,2,0.000600142290964682,0.010178722523204,21
6,1,10,1,0,0,0,0.996826079986209,0.0560012980648317,19
6,1,10,1,0,0,1,0.998077102284236,0.0310359441833067,16
6,1,10,1,0,0,2,0.998779474223663,0.0142918806087432,18
6,1,10,1,1,0,0,0.994307457028388,0.110565163298041,5
6,1,10,1,1,0,1,0.99675555351037,0.0641280004027331,8
6,1,10,1,1,0,2,0.998258264474096,0.0349770690546672,8
6,1,8,0,1,1,0,0.977660797581676,0.341727188834351,0
6,1,8,0,1,1,1,0.986244695954138,0.232369307170048,3
6,1,8,0,1,1,2,0.992901531924762,0.158721580344432,5
6,1,8,1,0,1,0,0.979036213899824,0.326068197996717,3
6,1,8,1,0,1,1,0.987547952114754,0.222756398612286,3
6,1,8,1,0,1,2,0.993369058638717,0.137552472683934,2
6,1,8,1,1,0,0,0.980674169936726,0.347992995641652,6
6,1,8,1,1,0,1,0.988498237187065,0.220357491977941,9
6,1,8,1,1,0,2,0.993611389045491,0.13150281154554,9
6,1,10,1,0,1,0,0.993854909725866,0.104910124076053,1
6,1,10,1,0,1,1,0.996549786934092,0.0653112761540655,1
6,1,10,1,0,1,2,0.998203664775886,0.0363643832194068,0
6,1,8,0,0,1,0,0.986663273402802,0.192806604020454,1
6,1,8,0,0,1,1,0.991281629161803,0.122430957130045,1
6,1,8,0,0,1,2,0.995095013316613,0.0720856639371272,1
6,1,8,0,1,0,0,0.987767843961203,0.186272091933902,2
6,1,8,0,1,0,1,0.992419090850976,0.112643154092725,8
6,1,8,0,1,0,2,0.995217863692093,0.0680092140510292,9
6,1,8,1,0,0,0,0.988863571202662,0.186478207874625,21
6,1,8,1,0,0,1,0.992998087573347,0.110963817853292,24
6,1,8,1,0,0,2,0.995541275138043,0.0560439273509819,21
6,1,7,1,1,0,0,0.965524211059006,0.583479389700686,8
6,1,7,1,1,0,1,0.978720525141296,0.38612704193215,9
6,1,7,1,1,0,2,0.987654957710276,0.240365736262118,8
6,1,8,0,0,0,0,0.993103450022411,0.0877316924795304,89
6,1,8,0,0,0,1,0.995254234678329,0.0479495037723831,66
6,1,8,0,0,0,2,0.996429981306721,0.0221774415480707,46
6,1,7,0,1,0,2,0.99052440410997,0.12726632096658,16
6,1,7,1,0,0,0,0.979477641024604,0.321931037031179,25
6,1,7,1,0,0,1,0.98659159036823,0.198383705764491,36
6,1,7,1,0,0,2,0.991160576320305,0.104232160456676,40
6,1,7,1,0,1,0,0.96257973369397,0.543319411489351,3
6,1,7,1,0,1,1,0.976872389906822,0.388951136826948,6
6,1,7,1,0,1,2,0.98718851132267,0.251953636759185,10
6,1,7,1,1,1,0,0.941139000909768,0.961931029620746,1
6,1,7,1,1,1,1,0.96367995318207,0.705762986739928,4
6,1,7,1,1,1,2,0.980486598450999,0.524465515565634,8
6,1,5,0,1,1,0,0.883335737909689,1.33979997995379,3
6,1,5,0,1,1,1,0.919278016546156,1.08374253564039,11
6,1,5,0,1,1,2,0.95274223256769,0.877034993261458,7
6,1,7,0,0,1,0,0.975342419237348,0.328992995037306,0
6,1,7,0,0,1,1,0.983328435944157,0.218865239260006,1
6,1,7,0,0,1,2,0.990283850385063,0.135091867821823,6
6,1,7,0,1,1,0,0.959970251495383,0.565742048573085,1
6,1,7,0,1,1,1,0.974442176084299,0.405461033152715,3
6,1,7,0,1,1,2,0.986304890590791,0.291406642584969,1
6,1,5,0,0,0,0,0.955667904515321,0.426964646433351,348
6,1,5,0,0,0,1,0.966181918707647,0.25813986848438,237
6,1,5,0,0,0,2,0.972497010748512,0.13217476277974,194
6,1,5,0,1,0,0,0.929257770296316,0.821416533803955,19
6,1,5,0,1,0,1,0.950591447107724,0.575704846386499,21
6,1,5,0,1,0,2,0.965233726917999,0.400101662015906,30
6,1,7,0,1,0,0,0.977434540838711,0.318608839940128,11
6,1,7,0,1,0,1,0.985476805721932,0.201665296667044,10
6,1,4,1,1,0,0,0.839671508826599,2.0452971037017,35
6,1,4,1,1,0,1,0.887202488730253,1.58856645445392,53
6,1,4,1,1,0,2,0.923835954606437,1.14802242890965,47
6,1,4,1,1,1,0,0.759623322277706,2.84853171345766,5
6,1,4,1,1,1,1,0.830203208494216,2.55924387214151,17
6,1,4,1,1,1,2,0.893954124036077,2.32410678026451,16
6,1,5,0,0,1,0,0.922476565239657,0.839658554486747,2
6,1,5,0,0,1,1,0.943600159016936,0.624784538333818,8
6,1,5,0,0,1,2,0.964408010079755,0.426589410674381,14
6,1,1,0,0,0,0,0.662660007858801,1.47580975393873,1213
6,1,1,0,0,0,1,0.699427605397762,1.0663798832281,876
6,1,1,0,0,0,2,0.725870229344079,0.677615847986765,679
6,1,4,1,0,1,0,0.825394342623173,1.85166225574182,5
6,1,4,1,0,1,1,0.876466759844782,1.57345610791036,20
6,1,4,1,0,1,2,0.921238978156491,1.21313985013922,27
6,1,0,1,0,0,0,0.446177886450501,2.22274892925246,377
6,1,0,1,0,0,1,0.495769119220998,1.83400051876185,425
6,1,0,1,0,0,2,0.539484471576642,1.34964498187117,382
6,1,0,1,1,0,0,0.369288327637682,2.78918481220059,89
6,1,0,1,1,0,1,0.443111444009357,2.77382692087229,138
6,1,0,1,1,0,2,0.507526746267089,2.47457905978997,172
6,1,0,1,1,1,0,0.270690450378182,2.73676371023927,20
6,1,0,1,1,1,1,0.356373431995951,3.67799984475779,47
6,1,0,1,1,1,2,0.463417016203062,4.35203294903785,68
6,1,-2,1,0,1,0,0.128614191222132,0.973490035219847,24
6,1,-2,1,0,1,1,0.166259317769286,1.48397255473076,47
6,1,-2,1,0,1,2,0.215797995668462,1.36058110221161,62
6,1,-2,1,1,0,0,0.153618260400926,1.32958082822035,48
6,1,-2,1,1,0,1,0.189397478057217,1.35539827315057,113
6,1,-2,1,1,0,2,0.220868960623573,1.23046649174472,159
6,1,0,1,0,1,0,0.321472993404684,2.09701563868711,32
6,1,0,1,0,1,1,0.399389446388073,2.9676497330193,70
6,1,0,1,0,1,2,0.49785900985671,2.72152126313044,92
6,1,-2,0,1,0,0,0.170481493438578,0.911402350591787,53
6,1,-2,0,1,0,1,0.200944359955871,0.936604989648977,93
6,1,-2,0,1,1,2,0.211578964022443,1.54365315648497,24
6,1,-2,1,0,0,0,0.190564007706256,1.08623625342008,218
6,1,-2,1,0,0,1,0.214885054038583,0.909029062808963,283
6,1,-2,1,0,0,2,0.236625525970542,0.679942736586268,286
6,1,-2,0,0,0,0,0.216776574397948,0.666804109518852,921
6,1,-2,0,0,0,1,0.233498373668041,0.502720489874103,683
6,1,-2,0,0,0,2,0.246047609408269,0.339324224304404,548
6,1,-2,0,0,1,0,0.147053117072509,0.852651771920738,6
6,1,-2,0,0,1,1,0.175475299614118,1.25553777395845,31
6,1,-2,0,0,1,2,0.223666291424215,1.08223974112344,48
6,1,-2,0,1,0,2,0.22736807088302,0.967415603705392,122
6,1,-2,0,1,1,0,0.11850635997166,0.993462088835221,9
6,1,-2,0,1,1,1,0.153558714562343,1.43816595773423,26
6,1,-3,1,0,1,0,0.0762929627104276,0.609591676024333,17
6,1,-3,1,0,1,1,0.100176266335837,0.95327759896916,35
6,1,-3,1,0,1,2,0.132066611872889,0.873581629609264,52
6,1,-3,1,1,0,0,0.0926087823135822,0.840042408172707,46
6,1,-3,1,1,0,1,0.115335259541123,0.863326515957555,80
6,1,-3,1,1,0,2,0.135377931816278,0.788441260174263,104
6,1,-3,1,1,1,0,0.0631552235331639,0.777504449921471,15
6,1,-3,1,1,1,1,0.08851126171676,1.14163283571162,33
6,1,-3,1,1,1,2,0.122020212761391,1.37050555353678,38
6,1,-3,0,0,1,0,0.0875590333857865,0.542547788193151,9
6,1,-3,0,0,1,1,0.105700011178573,0.812116379190012,22
6,1,-3,0,0,1,2,0.136938311421064,0.701388736541358,45
6,1,-3,0,1,1,0,0.0700667424375386,0.622611851206066,11
6,1,-3,0,1,1,1,0.0921682108384735,0.922541572800718,23
6,1,-3,0,1,1,2,0.129479666452019,0.987495668680483,23
6,1,-3,1,0,0,0,0.116006711848378,0.691800050166414,173
6,1,-3,1,0,0,1,0.13151755133207,0.581744195513979,193
6,1,-3,1,0,0,2,0.145448127121174,0.437534236431558,216
6,1,-5,0,1,0,0,0.0336792631477316,0.202669936732168,22
6,1,-5,0,1,0,1,0.0406083234088264,0.2135361169967,29
6,1,-5,0,1,0,2,0.0466851540823828,0.226091904602783,54
6,1,-5,0,1,1,0,0.0222430009139237,0.214371060244803,3
6,1,-5,0,1,1,1,0.0299182624923195,0.329014370761263,13
6,1,-5,0,1,1,2,0.0432740200701132,0.350994916444532,23
6,1,-3,0,1,0,0,0.102891352748997,0.578036009117305,51
6,1,-3,0,1,0,1,0.122389073179842,0.59990492850542,86
6,1,-3,0,1,0,2,0.139373692568192,0.625905170432064,94
6,1,-6,1,1,1,0,0.0110140881237147,0.143745883531092,5
6,1,-6,1,1,1,1,0.0158301744275371,0.2249214088907,10
6,1,-5,0,0,0,0,0.0443455823686414,0.152004277426724,311
6,1,-5,0,0,0,1,0.0481645531611763,0.116043302189116,233
6,1,-5,0,0,0,2,0.0510664435715843,0.079591033182134,207
6,1,-5,0,0,1,0,0.0280530041528258,0.191282762079849,5
6,1,-5,0,0,1,1,0.034473476695448,0.293195975960308,8
6,1,-5,0,0,1,2,0.0457850520419308,0.253961826934006,22
6,1,-6,1,0,1,0,0.0132496289579365,0.115812835551892,7
6,1,-6,1,0,1,1,0.0179115475665333,0.191959723490071,13
6,1,-6,1,0,1,2,0.024362541624216,0.176063269464689,21
6,1,-6,1,1,0,0,0.0166475703541738,0.162314117002363,19
6,1,-6,1,1,0,1,0.0210956243894859,0.170538380731973,20
6,1,-6,1,1,0,2,0.0250535954816668,0.158218125792352,29
6,1,-6,1,1,1,2,0.0224605123753038,0.272838606204293,16
6,1,-10,1,1,0,0,0.00234444634991943,0,8
6,1,-10,1,1,0,1,0.00234444634991943,2.74391840607216e-21,14
6,1,-10,1,1,0,2,0.00234444634991943,5.69912894105711e-21,25
6,1,-10,1,1,1,0,0.00234444634991943,0,2
6,1,-10,1,1,1,1,0.00234444634991943,0,1
6,1,-10,1,1,1,2,0.00234444634991943,1.19661261589358e-21,4
6,1,-6,0,1,1,0,0.0121015981176248,0.118228707826774,2
6,1,-6,0,1,1,1,0.0163553833693131,0.18524169802201,15
6,1,-6,0,1,1,2,0.0238894565606768,0.197566118630238,19
6,1,-6,1,0,0,0,0.0211987980119626,0.136561734220951,62
6,1,-6,1,0,0,1,0.0242695083418521,0.116322847813924,73
6,1,-6,1,0,0,2,0.0270624891276592,0.0886592936073376,86
6,1,-10,1,0,1,0,0.00234444634991943,0,2
6,1,-10,1,0,1,1,0.00234444634991943,4.0945381335544e-21,4
6,1,-10,1,0,1,2,0.00234444634991943,7.53677843141351e-20,8
6,0,9,1,0,0,0,0.998615181878585,0.00583851649148565,17
6,0,9,1,0,0,1,0.998480436439783,0.00525167496334126,27
6,0,9,1,0,0,2,0.998351382081301,0.00427130352895169,33
6,0,9,1,0,1,0,0.999007141953723,0.00453354095607187,2
6,0,9,1,0,1,1,0.998816065826597,0.00955208682810558,1
6,0,9,1,1,0,0,0.998798773350932,0.00632986931291369,4
6,0,9,1,1,0,1,0.998612237998578,0.00734650129465869,10
6,0,9,1,1,0,2,0.998443465168313,0.00732949582754699,17
6,1,-10,1,0,0,0,0.00234444634991943,0,22
6,1,-10,1,0,0,1,0.00234444634991943,3.81919302702295e-20,24
6,1,-10,1,0,0,2,0.00234444634991943,8.95689706470369e-18,27
6,0,9,0,0,0,0,0.998483374004387,0.00397102403175751,56
6,0,9,0,0,0,1,0.99838219854143,0.00325017550483552,44
6,0,9,0,0,0,2,0.998299883578487,0.0024560443181604,37
6,0,9,0,1,0,0,0.998784516779718,0.00486218219527117,3
6,0,9,0,1,0,1,0.998602431982091,0.00553662763417827,5
6,0,9,0,1,0,2,0.998435063877897,0.006836100472494,9
6,0,9,0,1,1,0,0.999001652064099,0.00403934787793269,1
6,0,9,0,1,1,1,0.998851680188619,0.00900442598089131,2
6,0,9,0,1,1,2,0.99847679064784,0.00856846260189364,5
6,0,9,1,0,1,2,0.998485517632612,0.00847327306530217,5
6,0,8,1,1,1,0,0.998524405510034,0.0150797650775085,1
6,0,8,1,1,1,1,0.997985950910038,0.0272648767990607,3
6,0,8,1,1,1,2,0.997176847498449,0.0335816991828047,10
6,0,9,0,0,1,0,0.998988571060046,0.004563721634166,3
6,0,9,0,0,1,1,0.998828973608167,0.00907884400657085,1
6,0,9,0,0,1,2,0.998470117973451,0.0079152041686576,3
6,0,8,0,1,1,0,0.99847532356616,0.0131414237056465,2
6,0,8,0,1,1,1,0.997990502162715,0.0235073374604059,6
6,0,8,0,1,1,2,0.997025642278403,0.0248212586392003,6
6,0,8,1,0,0,0,0.997358758175889,0.0165667202434028,19
6,0,8,1,0,0,1,0.996983550196146,0.0145415860363315,30
6,0,8,1,0,0,2,0.996632005966851,0.0114878580948154,34
6,0,8,1,0,1,0,0.998349705577688,0.0130423976366586,3
6,0,8,1,0,1,1,0.997798390631331,0.0243278162383181,5
6,0,8,1,0,1,2,0.996971072723613,0.022241082240411,15
6,0,8,1,1,0,0,0.997883569022076,0.0187353445328688,4
6,0,8,1,1,0,1,0.997353375469459,0.0205600422046804,13
6,0,8,1,1,0,2,0.996875414845839,0.0197851754970089,22
6,0,6,0,1,0,2,0.98687909222118,0.0703632556193162,49
6,0,8,0,1,0,0,0.997735073995289,0.0135067783834906,10
6,0,8,0,1,0,1,0.997250014187391,0.0150670525732722,12
6,0,8,0,1,0,2,0.996811484139422,0.0169935863490731,19
6,0,6,0,0,1,0,0.992644301562864,0.0576272768503364,1
6,0,6,0,0,1,1,0.990699848236363,0.0911941074642201,6
6,0,6,0,0,1,2,0.987167713351668,0.0792880965506351,14
6,0,6,0,1,0,0,0.990856767459312,0.0606902897432154,17
6,0,6,0,1,0,1,0.98874632628042,0.0651558845803121,34
6,0,6,0,1,1,0,0.994243972651844,0.0626387608962009,5
6,0,6,0,1,1,1,0.991980081214131,0.10073427711861,11
6,0,6,0,1,1,2,0.987873155338862,0.10686885750215,15
6,0,8,0,0,1,0,0.998180462959483,0.0129413539338245,2
6,0,8,0,0,1,1,0.997738322493566,0.0218721378218953,3
6,0,8,0,0,1,2,0.996884297213423,0.0192416729058996,6
6,0,5,1,0,1,0,0.987412717526585,0.119995124807283,13
6,0,5,1,0,1,1,0.982559404497469,0.200793813967378,12
6,0,5,1,0,1,2,0.975802612157626,0.183759078573058,38
6,0,5,1,1,1,0,0.989696448566701,0.148936016935656,10
6,0,5,1,1,1,1,0.984687318514564,0.234709172745259,17
6,0,5,1,1,1,2,0.977761471388245,0.284347140244474,29
6,0,6,0,0,0,0,0.987574359064971,0.0463791477271543,229
6,0,6,0,0,0,1,0.986407339360767,0.0357629274152593,175
6,0,6,0,0,0,2,0.985511746955968,0.0248399531770762,140
6,0,5,1,0,0,0,0.979095991893043,0.14217481306573,81
6,0,5,1,0,0,1,0.975895649679433,0.12123054588799,96
6,0,5,1,0,0,2,0.972982324684818,0.0925931675861228,113
6,0,5,1,1,0,0,0.983826550916732,0.168658752001395,22
6,0,5,1,1,0,1,0.979192344980322,0.17750500197336,31
6,0,5,1,1,0,2,0.97507350566462,0.164906690382853,43
6,0,1,1,0,1,0,0.852085646190053,1.18983091628936,24
6,0,1,1,0,1,1,0.805613936413502,1.84984776711503,52
6,0,1,1,0,1,2,0.743762750627027,1.69620984218561,80
6,0,1,1,1,0,0,0.820549837825888,1.63595033447124,84
6,0,1,1,1,0,1,0.776342920317886,1.67883724871236,126
6,0,5,0,1,0,0,0.981985169931712,0.117539098810802,20
6,0,5,0,1,0,1,0.977920586090999,0.125320374661307,54
6,0,5,0,1,0,2,0.97433707821365,0.134456521408745,57
6,0,5,0,1,1,0,0.988565649149836,0.122434749600359,4
6,0,5,0,1,1,1,0.98415628005395,0.193621160164336,18
6,0,5,0,1,1,2,0.976273999555841,0.205554038574861,7
6,0,-1,1,0,0,0,0.457617937632072,2.67509837117777,295
6,0,-1,1,0,0,1,0.398243332704744,2.18996438415417,353
6,0,-1,1,0,0,2,0.346273897279853,1.59513581440145,365
6,0,-1,1,1,0,0,0.550501059958221,3.40761166995381,68
6,0,-1,1,1,0,1,0.461625024486384,3.32841447146887,113
6,0,-1,1,1,0,2,0.384151477002155,2.93794934249418,151
6,0,1,1,0,0,0,0.775014439699198,1.34552151907332,310
6,0,1,1,0,0,1,0.744858902072096,1.13063314928442,344
6,0,1,1,0,0,2,0.717794207312612,0.849568133757135,331
6,0,1,1,1,0,2,0.73736149025831,1.53179312429637,160
6,0,-1,0,1,1,0,0.634834908810826,2.66307403715855,13
6,0,-1,0,1,1,1,0.543941325819023,3.40077031769159,20
6,0,-1,0,1,1,2,0.408721822407545,3.75407817971361,28
6,0,-1,1,0,1,0,0.603295497486403,2.64606779293932,18
6,0,-1,1,0,1,1,0.50917296419724,3.47150238346265,46
6,0,-1,1,0,1,2,0.394870217522153,3.20620585785419,69
6,0,-2,1,1,1,0,0.530867369519491,3.90729699092145,10
6,0,-2,1,1,1,1,0.421452239693502,4.33689187802316,28
6,0,-2,1,1,1,2,0.303911564065501,4.72538833206333,37
6,0,-1,0,0,1,0,0.548205739485093,2.1576837664441,10
6,0,-1,0,0,1,1,0.479082702507479,2.81885132355144,42
6,0,-1,0,0,1,2,0.372375854560156,2.41189889432033,67
6,0,-1,0,1,0,0,0.499779700694558,2.30831792737791,62
6,0,-1,0,1,0,1,0.426980818712365,2.24213101336257,127
6,0,-1,0,1,0,2,0.365048896173983,2.18319320477522,144
6,0,-2,1,0,1,0,0.446058746232006,2.94345089107594,16
6,0,-2,1,0,1,1,0.354742675082453,3.07870238908029,42
6,0,-2,1,0,1,2,0.257885289516844,2.78841855227725,51
6,0,-2,1,1,0,0,0.408529695712955,3.45677042250617,54
6,0,-2,1,1,0,1,0.323145349753736,3.12735247473783,92
6,0,-2,1,1,0,2,0.250412326887058,2.60306237927948,103
6,0,-1,0,0,0,0,0.392129355232066,1.59346138144469,1256
6,0,-1,0,0,0,1,0.352355897153455,1.16998989875241,904
6,0,-1,0,0,0,2,0.323288189375376,0.758558602980713,721
6,0,-2,0,1,0,0,0.345950115005176,2.27157289716474,54
6,0,-2,0,1,0,1,0.280692308245379,1.98785345546585,79
6,0,-2,0,1,0,2,0.227722309636949,1.72973591680065,89
6,0,-2,0,1,1,0,0.479783565071804,2.88216620670239,9
6,0,-2,0,1,1,1,0.387711540507864,3.11758922489566,13
6,0,-2,1,0,0,0,0.316320678277426,2.50468984451937,231
6,0,-2,1,0,0,1,0.261355531422478,1.95422811578009,269
6,0,-2,1,0,0,2,0.215526683227633,1.33696561364419,265
6,0,-4,0,0,1,0,0.154438344756165,1.4133733709889,2
6,0,-4,0,0,1,1,0.117749049713461,1.14622806276464,12
6,0,-4,0,0,1,2,0.0782151402402268,0.838890823833618,15
6,0,-4,0,1,1,0,0.220067057707779,2.12060532618323,9
6,0,-4,0,1,1,1,0.160552289013818,1.87662328166611,19
6,0,-4,0,1,1,2,0.0997558470871065,1.66065857644531,15
6,0,-2,0,0,1,0,0.378903935505901,2.21857792787076,7
6,0,-2,0,0,1,1,0.315426199327459,2.26144950026577,29
6,0,-2,0,0,1,2,0.232279462644641,1.8737634177864,34
6,0,-2,0,1,1,2,0.272383279031473,3.33517727937413,25
6,0,-5,1,1,1,0,0.183901743657885,2.43609556352777,4
6,0,-5,1,1,1,1,0.124844556891863,2.06014196114205,11
6,0,-5,1,1,1,2,0.0744010591658386,1.75632040813103,12
6,0,-4,0,0,0,0,0.0928596882875097,0.765264668725953,545
6,0,-4,0,0,0,1,0.0739961757930856,0.484838340839832,390
6,0,-4,0,0,0,2,0.0621275908345282,0.26069126962418,298
6,0,-4,0,1,0,0,0.140769851938048,1.39736351706166,24
6,0,-4,0,1,0,1,0.103560944054836,1.05220569910173,43
6,0,-4,0,1,0,2,0.0764803559175404,0.783423922823306,64
6,0,-5,1,0,0,0,0.0763919455651598,0.989979912748404,91
6,0,-5,1,0,0,1,0.0546738260133193,0.665274625482114,105
6,0,-5,1,0,0,2,0.039224433619993,0.383104804417111,101
6,0,-5,1,1,0,0,0.117645218740263,1.65384752819621,19
6,0,-5,1,1,0,1,0.0796039635242,1.22464364206053,36
6,0,-5,1,1,0,2,0.0513574710524737,0.845676205008988,43
6,0,-5,0,1,0,0,0.0840781152092765,0.956372913358067,27
6,0,-5,0,1,0,1,0.0591592852548433,0.677583347205236,32
6,0,-5,0,1,0,2,0.0418981493505468,0.475385546868243,43
6,0,-5,0,1,1,0,0.137660370780605,1.54432951537638,5
6,0,-5,0,1,1,1,0.0959896444216192,1.2664568619381,5
6,0,-5,0,1,1,2,0.0566514227716076,1.03762378940235,10
6,0,-5,1,0,1,0,0.127974154147501,1.51331035440587,9
6,0,-5,1,0,1,1,0.0870540224309204,1.21994119983913,17
6,0,-5,1,0,1,2,0.0531834733015634,0.89105432124819,14
5,1,10,1,1,0,0,0.991031689599877,0.153363756891335,0
5,1,10,1,1,0,1,0.994458147176377,0.0948599131902388,2
5,1,10,1,1,0,2,0.996667886528209,0.0555021208626405,2
6,0,-9,1,0,0,0,0.00718162021578746,0.12496142401887,19
6,0,-9,1,0,0,1,0.00440355482801758,0.0722495565649807,29
6,0,-9,1,0,0,2,0.00275511630606708,0.0352194597863964,11
6,0,-5,0,0,1,0,0.0921592073675762,0.976403799699842,2
6,0,-5,0,0,1,1,0.0674954016966254,0.735390588032596,12
6,0,-5,0,0,1,2,0.0428871394944425,0.507084049960538,11
5,1,10,0,1,1,0,0.989764654590717,0.151753459495704,0
5,1,10,0,1,1,1,0.993539875499713,0.100384984038924,0
5,1,10,0,1,1,2,0.99636905384648,0.0669593778034779,0
5,1,10,1,0,1,0,0.99034161230095,0.144436627817026,0
5,1,10,1,0,1,1,0.994088196027233,0.0961488220219452,0
5,1,10,1,0,1,2,0.996572021422786,0.0579093671557698,0
5,1,9,1,1,1,2,0.991092195226094,0.227199513638827,1
5,1,10,0,0,1,0,0.993712582274134,0.0843928366865652,0
5,1,10,0,0,1,1,0.995716196158718,0.0521718395704597,0
5,1,10,0,0,1,2,0.99731290705669,0.0297315911061362,1
5,1,10,0,1,0,0,0.994159164168015,0.0813954573085865,0
5,1,10,0,1,0,1,0.996174162318331,0.04799474686829,3
5,1,10,0,1,0,2,0.99735951431348,0.0281344393150069,5
5,1,10,1,0,0,0,0.994606807208878,0.0809583908626622,10
5,1,10,1,0,0,1,0.996405317027324,0.0473644500265537,8
5,1,10,1,0,0,2,0.99748615349777,0.0234064534489452,9
5,1,9,1,1,0,0,0.984349753627469,0.262671317699655,2
5,1,9,1,1,0,1,0.990271295615203,0.169619030195374,3
5,1,9,1,1,0,2,0.99421055168765,0.103828171356267,4
5,1,10,0,0,0,0,0.996443772534246,0.0376371914441135,38
5,1,10,0,0,0,1,0.997363493550433,0.0202235915221333,27
5,1,10,0,0,0,2,0.997859257352018,0.00913544190762726,25
5,1,9,0,1,0,0,0.989686452436014,0.142118197697899,1
5,1,9,0,1,0,1,0.993259104706582,0.0879685097273539,5
5,1,9,0,1,0,2,0.995455067643822,0.0547306537071617,4
5,1,9,1,0,0,0,0.990570455160431,0.142941191398972,8
5,1,9,1,0,0,1,0.993737218689222,0.0866853583851033,9
5,1,9,1,0,0,2,0.995726594365802,0.0448894423548265,14
5,1,9,1,0,1,0,0.983047438486954,0.245340669982239,0
5,1,9,1,0,1,1,0.989490411810241,0.170978292577598,0
5,1,9,1,0,1,2,0.994013238228088,0.108767355473101,1
5,1,9,1,1,1,0,0.973297745783469,0.443049485988631,0
5,1,9,1,1,1,1,0.98365371167397,0.313243043776205,0
5,1,7,0,1,1,0,0.946886495879475,0.649170273950696,2
5,1,7,0,1,1,1,0.963977592173616,0.49552525708259,2
5,1,7,0,1,1,2,0.979068056000765,0.384275685640269,0
5,1,9,0,0,1,0,0.988785615400874,0.146681557046424,0
5,1,9,0,0,1,1,0.992330811763954,0.0954321888043922,1
5,1,9,0,0,1,2,0.99535324364756,0.0581064181273694,3
5,1,9,0,1,1,0,0.981944707924015,0.256253692532001,0
5,1,9,0,1,1,1,0.988445323393031,0.178178537138342,1
5,1,9,0,1,1,2,0.993626386581267,0.1258622903067,1
5,1,7,0,0,0,0,0.980116355124708,0.194175037323128,110
5,1,7,0,0,0,1,0.984894283564525,0.114352030146406,83
5,1,7,0,0,0,2,0.98769639412827,0.0574550519769331,62
5,1,7,0,1,0,0,0.968141396576244,0.383621283809793,4
5,1,7,0,1,0,1,0.978017749167165,0.257691774481083,5
5,1,7,0,1,0,2,0.984543938364615,0.174070834739742,11
5,1,6,1,0,0,0,0.950663076356913,0.614021425062464,40
5,1,6,1,0,0,1,0.964170494827438,0.408811684795583,51
5,1,6,1,0,0,2,0.973655631461749,0.234921428204146,52
5,1,6,1,1,0,0,0.925055233081311,1.03432324336148,9
5,1,6,1,1,0,1,0.948879336104073,0.752831622101801,15
5,1,6,1,1,0,2,0.966279614104533,0.515866681922978,19
5,1,6,1,1,1,0,0.883400063942468,1.55294545287751,2
5,1,6,1,1,1,1,0.921021223799848,1.27445867805549,3
5,1,6,1,1,1,2,0.952314238461513,1.06862877272592,2
5,1,7,0,0,1,0,0.965178854436226,0.393099994275727,1
5,1,7,0,0,1,1,0.9749567415795,0.279655921202731,4
5,1,7,0,0,1,2,0.984185459837426,0.185628535012326,1
5,1,6,0,1,1,0,0.912705751530878,0.967262436586412,2
5,1,6,0,1,1,1,0.938747771423724,0.777043856866993,3
5,1,6,0,1,1,2,0.963031090079194,0.633434075800985,3
5,1,6,1,0,1,0,0.918553159117882,0.945189336173567,2
5,1,6,1,0,1,1,0.944222233061259,0.748773466200266,4
5,1,6,1,0,1,2,0.965140219115568,0.544238627653383,5
5,1,5,1,1,1,0,0.822291740437481,2.12438455355643,3
5,1,5,1,1,1,1,0.87477551683402,1.84885886354469,4
5,1,5,1,1,1,2,0.920897865257807,1.63960592608961,9
5,1,6,0,0,1,0,0.940797782056749,0.60510935150434,1
5,1,6,0,0,1,1,0.956108953048814,0.452037956756347,1
5,1,6,0,0,1,2,0.971344049024113,0.312959666943717,8
5,1,6,0,1,0,0,0.945866829103239,0.593516861468609,7
5,1,6,0,1,0,1,0.961357874384651,0.416113061802735,13
5,1,6,0,1,0,2,0.971973535082478,0.292796933050105,18
5,1,0,0,1,1,0,0.318778277558534,1.99003766269632,16
5,1,0,0,1,1,1,0.386723784218545,2.57339205999799,45
5,1,0,1,0,1,0,0.339801685869116,1.97087184822064,32
5,1,0,1,0,1,1,0.410869994554652,2.63822470160418,73
5,1,0,1,0,1,2,0.498001442818676,2.41794048259345,96
5,1,0,1,1,0,0,0.380854360290165,2.56989434192401,84
5,1,0,1,1,0,1,0.448041663179023,2.50762332665067,163
5,1,0,1,1,0,2,0.506279984011952,2.20729586709521,189
5,1,6,0,0,0,0,0.965081169351067,0.309615047100415,177
5,1,6,0,0,0,1,0.972709034871682,0.187597454050245,125
5,1,6,0,0,0,2,0.977305548844119,0.0970632277664212,100
5,1,0,0,1,0,0,0.418415131492259,1.72583106248662,96
5,1,0,0,1,0,1,0.473503737425012,1.68386983647959,155
5,1,0,0,1,0,2,0.520208688621357,1.65383933109242,197
5,1,0,0,1,1,2,0.489165475800853,2.78331814004889,36
5,1,0,1,0,0,0,0.451234786302064,2.00961292558572,415
5,1,0,1,0,0,1,0.495959172572746,1.64024995733287,506
5,1,0,1,0,0,2,0.534960793790513,1.19209159096006,495
5,1,-1,1,1,0,0,0.26667592868589,1.9741832272362,66
5,1,-1,1,1,0,1,0.31887684069335,1.95990655886077,154
5,1,-1,1,1,0,2,0.36439399572382,1.7464802924347,180
5,1,0,0,0,0,0,0.500000753913751,1.19941010643543,1893
5,1,0,0,0,0,1,0.529971455252432,0.881558049563796,1373
5,1,0,0,0,0,2,0.551899746640828,0.575627732976579,1044
5,1,0,0,0,1,0,0.380539835245961,1.60755423974116,11
5,1,0,0,0,1,1,0.432596642471401,2.15419966932731,49
5,1,0,0,0,1,2,0.514385539987739,1.83515630804896,75
5,1,-1,1,0,0,0,0.321054647773493,1.57080266438261,314
5,1,-1,1,0,0,1,0.356092599471596,1.29490614188136,409
5,1,-1,1,0,0,2,0.386951468754812,0.952050836781329,418
5,1,-1,1,0,1,0,0.233037338489393,1.48688542150075,35
5,1,-1,1,0,1,1,0.288142640133252,2.09384328674461,76
5,1,-1,1,0,1,2,0.357592933599935,1.92006187386451,91
5,1,-1,1,1,1,0,0.196844629076256,1.94293420570728,22
5,1,-1,1,1,1,1,0.257557345894859,2.59972769737114,43
5,1,-1,1,1,1,2,0.333181718113117,3.07343224287918,62
5,1,-1,0,0,1,0,0.262877704073733,1.24183406955409,5
5,1,-1,0,0,1,1,0.303724483677327,1.73427931268778,50
5,1,-1,0,0,1,2,0.369857945949438,1.4847763598105,75
5,1,-1,0,1,1,0,0.217242422101084,1.5086670024792,15
5,1,-1,0,1,1,1,0.269415405246605,2.03736569195326,38
5,1,-1,0,1,1,2,0.350959768044554,2.19871601378202,39
5,1,-3,0,0,0,0,0.158853882753821,0.475749452488343,658
5,1,-3,0,0,0,1,0.170781750543741,0.358042460199114,473
5,1,-3,0,1,0,0,0.125866920023856,0.652615504523948,39
5,1,-3,0,1,0,1,0.147612040367977,0.668196454475485,72
5,1,-3,0,1,0,2,0.166442185240286,0.687857944610423,111
5,1,-3,0,1,1,0,0.0886260534625122,0.714354945296115,15
5,1,-3,0,1,1,1,0.113769571355544,1.02583342161418,32
5,1,-3,0,1,1,2,0.155116985545335,1.10121111127896,36
5,1,-1,0,1,0,0,0.294110352840733,1.33677825618982,92
5,1,-1,0,1,0,1,0.337546407284047,1.33114204773325,128
5,1,-1,0,1,0,2,0.374713743437934,1.33381228278876,150
5,1,-4,1,1,0,2,0.101047805395923,0.571246627978441,65
5,1,-4,1,1,1,0,0.0484758133686472,0.570369070061308,13
5,1,-4,1,1,1,1,0.0669896436705907,0.82931790364759,34
5,1,-4,1,1,1,2,0.0913108313150194,0.99433568930282,31
5,1,-3,0,0,0,2,0.179717398811187,0.241149585389214,408
5,1,-3,0,0,1,0,0.109260834223018,0.609891552567495,6
5,1,-3,0,0,1,1,0.129566123820482,0.893107979472951,18
5,1,-3,0,0,1,2,0.163822277563679,0.769140480974594,37
5,1,-4,0,1,1,0,0.0536542906373798,0.455292951381027,9
5,1,-4,0,1,1,1,0.0697740820987912,0.668068031123743,18
5,1,-4,0,1,1,2,0.0967632679932711,0.715810516483548,20
5,1,-4,1,0,1,0,0.0582347047258699,0.445983075825622,6
5,1,-4,1,0,1,1,0.0756086988212526,0.689943188092037,20
5,1,-4,1,0,1,2,0.0986681851857097,0.632390797618217,43
5,1,-4,1,1,0,0,0.0699640167021971,0.612229578315487,40
5,1,-4,1,1,0,1,0.0864884585672142,0.627132363164764,61
5,1,-4,0,0,1,0,0.0665678636543034,0.394125874467713,4
5,1,-4,0,0,1,1,0.0797314679274342,0.586014667399277,24
5,1,-4,0,0,1,2,0.102251922650564,0.505649124529137,29
5,1,-4,0,1,0,0,0.0775772399835957,0.420561190977528,29
5,1,-4,0,1,0,1,0.0917089003360399,0.434680327579607,65
5,1,-4,0,1,0,2,0.103996895187058,0.451547246171249,60
5,1,-4,1,0,0,0,0.0870030861668377,0.502463122462073,89
5,1,-4,1,0,0,1,0.0982619628342147,0.421660591078594,105
5,1,-4,1,0,0,2,0.108353882643878,0.316353451002111,138
5,1,-4,0,0,0,0,0.0991162911830664,0.309457002093728,377
5,1,-4,0,0,0,1,0.106880090211792,0.233971748687518,298
5,1,-4,0,0,0,2,0.112723043613119,0.158516021122591,241
5,1,-10,1,0,0,0,0.00430186325590373,4.85142346536047e-20,10
5,1,-10,1,0,0,1,0.00430186325590373,1.31791842279652e-19,12
5,1,-10,1,0,0,2,0.00430186325590373,3.88543414584262e-22,16
5,1,-5,1,1,1,0,0.0285992236124876,0.345118103691766,3
5,1,-5,1,1,1,1,0.03991053197554,0.513237335211442,13
5,1,-5,1,1,1,2,0.0549852670458979,0.617712460863201,20
5,1,-10,0,0,0,0,0.00430186325590373,0,35
5,1,-10,0,0,0,1,0.00430186325590373,1.51990938812001e-17,24
5,1,-10,0,0,0,2,0.00430186325590373,3.21619865834148e-17,26
5,1,-10,0,0,1,0,0.00430186325590373,1.11160786755606e-17,0
5,1,-10,0,0,1,1,0.00430186325590373,4.71519955447374e-20,2
5,1,-10,0,0,1,2,0.00430186325590373,1.34881884119529e-19,1
5,1,-10,0,1,0,0,0.00430186325590373,8.10983191110283e-20,4
5,1,-10,0,1,0,1,0.00430186325590373,4.19575561011956e-20,6
5,1,-10,0,1,0,2,0.00430186325590373,9.29345076715842e-21,10
5,1,-10,0,1,1,0,0.00430186325590373,0,1
5,1,-10,0,1,1,1,0.00430186325590373,0,3
5,1,-10,0,1,1,2,0.00430186325590373,2.9096134983482e-21,6
5,0,10,1,0,1,0,0.998078225827805,6.75340142994564e-16,1
5,0,10,1,0,1,1,0.998078225827805,3.30393195442265e-15,4
5,0,10,1,0,1,2,0.998078225827805,4.75056672083024e-15,7
5,0,10,1,1,1,0,0.998078225827805,2.99157437373393e-17,2
5,0,10,1,1,1,1,0.998078225827805,9.30233941387612e-16,3
5,0,10,1,1,1,2,0.998078225827805,4.68229730148694e-15,3
5,0,10,0,0,1,0,0.998078225827805,2.59728060482939e-15,1
5,0,10,0,0,1,1,0.998078225827805,3.28673658544528e-15,2
5,0,10,0,1,1,0,0.998078225827805,7.90550113343331e-16,0
5,0,10,0,1,1,1,0.998078225827805,2.713366295758e-16,3
5,0,10,0,1,1,2,0.998078225827805,2.14110310425649e-15,3
5,0,10,1,0,0,0,0.998078225827805,2.5315374498713e-15,9
5,0,10,1,0,0,1,0.998078225827805,5.75584446647508e-15,14
5,0,10,1,0,0,2,0.998078225827805,7.19545103642253e-16,26
5,0,10,1,1,0,0,0.998078225827805,2.56230211511436e-17,4
5,0,10,1,1,0,1,0.998078225827805,6.94856726345364e-16,11
5,0,10,1,1,0,2,0.998078225827805,1.03789379833888e-15,13
5,0,8,0,1,0,0,0.995570155869188,0.0237933144984535,4
5,0,8,0,1,0,1,0.994718397597664,0.0264866365850125,8
5,0,8,0,1,0,2,0.99394900724902,0.0297321877392779,11
5,0,8,0,1,1,0,0.996884653821624,0.0232968202963776,2
5,0,8,0,1,1,1,0.996025601470685,0.0412351824879106,4
5,0,10,0,0,1,2,0.998078225827805,4.73533153755285e-15,5
5,0,10,0,1,0,0,0.998078225827805,2.09399464314413e-15,5
5,0,10,0,1,0,1,0.998078225827805,5.56135018652403e-15,5
5,0,10,0,1,0,2,0.998078225827805,3.83881473022091e-15,12
5,0,8,0,0,1,0,0.996343374777385,0.02279743079433,1
5,0,8,0,0,1,1,0.995565446635724,0.0382101739988673,2
5,0,8,0,0,1,2,0.994075006405646,0.0336243522271449,4
5,0,8,0,1,1,2,0.994334378332612,0.0437662018047216,4
5,0,7,1,0,1,0,0.994072238596629,0.0500184787664322,2
5,0,7,1,0,1,1,0.992029087684041,0.0858708059187736,10
5,0,7,1,0,1,2,0.989135180024491,0.0789588921675104,11
5,0,7,1,1,0,0,0.992521240859015,0.0706059826105482,9
5,0,7,1,1,0,1,0.990568966686538,0.075349095273364,15
5,0,7,1,1,0,2,0.988818997340384,0.0707826854569093,30
5,0,7,1,1,1,0,0.994934799825065,0.0604812223576451,2
5,0,7,1,1,1,1,0.992865511193878,0.0990382208803114,8
5,0,7,1,1,1,2,0.989938665517192,0.120835802664513,13
5,0,8,0,0,0,0,0.994216722558928,0.0188602098451553,61
5,0,8,0,0,0,1,0.993740824584582,0.0148551120907186,50
5,0,8,0,0,0,2,0.993367933135789,0.0105596041561503,42
5,0,7,0,1,0,0,0.991785052978923,0.0497422336004301,9
5,0,7,0,1,0,1,0.990052584160679,0.0536979830464537,15
5,0,7,0,1,0,2,0.988513056228532,0.058151262811261,19
5,0,7,0,1,1,0,0.994569844928619,0.050921870198836,2
5,0,7,0,1,1,1,0.992720865469684,0.0827903964205478,1
5,0,7,0,1,1,2,0.98934147383243,0.0883903651347147,4
5,0,7,1,0,0,0,0.9905340843489,0.0603972544907235,22
5,0,7,1,0,0,1,0.989173629483529,0.0519413583389984,28
5,0,7,1,0,0,2,0.98792474488197,0.0399909011005242,45
5,0,7,0,0,0,0,0.989082847798289,0.0381754464127384,101
5,0,7,0,0,0,1,0.988122249400023,0.0295183902698556,84
5,0,7,0,0,0,2,0.987382965005805,0.020530142247051,81
5,0,7,0,0,1,0,0.993257310862806,0.0472614890208281,1
5,0,7,0,0,1,1,0.991660959471956,0.0751220287989956,5
5,0,7,0,0,1,2,0.988750556454663,0.0654954813241771,8
5,0,4,1,1,1,0,0.969839416228603,0.388640422566723,12
5,0,4,1,1,1,1,0.957039141803112,0.583510176030321,23
5,0,4,1,1,1,2,0.939881872081125,0.702623970351111,28
5,0,5,0,0,0,0,0.962971982818024,0.127462316043055,252
5,0,5,0,0,0,1,0.959769377983662,0.0973496502619879,204
5,0,6,1,1,1,0,0.990876649723608,0.11968135912919,4
5,0,6,1,1,1,1,0.986863825688654,0.187577673645343,8
5,0,6,1,1,1,2,0.981333568614576,0.22757064970594,21
5,0,1,0,1,0,0,0.76895616229885,1.17241980362727,65
5,0,1,0,1,0,1,0.730182938863845,1.1911180071433,148
5,0,1,0,1,0,2,0.696708016473939,1.21676896328272,181
5,0,1,0,1,1,0,0.836055338359851,1.29432070829545,12
5,0,1,0,1,1,1,0.790721301254866,1.8261660193821,37
5,0,1,0,1,1,2,0.717253180686602,1.9655895981652,43
5,0,5,0,0,0,2,0.957334793208842,0.0668084275514085,184
5,0,0,1,1,1,0,0.767542601121176,2.38941738509775,25
5,0,0,1,1,1,1,0.692453259126668,3.2364771264773,51
5,0,0,1,1,1,2,0.598179485165722,3.83526102724754,63
5,0,1,0,0,0,0,0.71035924645397,0.847969646484265,1251
5,0,1,0,0,0,1,0.689111866874222,0.635825948726366,905
5,0,1,0,0,0,2,0.673252755265848,0.42606839307678,726
5,0,1,0,0,1,0,0.798051214813271,1.09286125743729,13
5,0,1,0,0,1,1,0.761766710327372,1.57970486315281,36
5,0,1,0,0,1,2,0.701277791597248,1.35864164574337,84
5,0,0,0,1,1,2,0.576160492971966,2.74624259014965,38
5,0,0,1,0,0,0,0.613523409855633,1.95681141405288,385
5,0,0,1,0,0,1,0.569846951043468,1.61742758016508,455
5,0,0,1,0,1,0,0.723520915617884,1.83446734062715,21
5,0,0,1,0,1,1,0.65502411262638,2.61986103439946,73
5,0,0,1,0,1,2,0.568028531631106,2.40263533934,88
5,0,0,1,1,0,0,0.68107103348509,2.44795380088319,77
5,0,0,1,1,0,1,0.616148415446074,2.44188280531536,142
5,0,0,1,1,0,2,0.559441938996166,2.18319586347112,155
5,0,0,0,1,0,0,0.647544363451975,1.66120681872283,82
5,0,0,0,1,0,1,0.593301129770232,1.66339053702652,181
5,0,0,0,1,0,2,0.546772946157864,1.67569092741416,189
5,0,0,0,1,1,0,0.742922200562861,1.86360186312676,22
5,0,0,0,1,1,1,0.678254955206582,2.54716404434726,42
5,0,0,1,0,0,2,0.531278141872845,1.19271595086229,441
5,0,-2,0,0,1,0,0.398147723020112,1.95088839658666,6
5,0,-2,0,0,1,1,0.341117647003367,2.07499653531857,30
5,0,-2,0,0,1,2,0.264276685153821,1.72231744678324,46
5,0,-2,0,1,1,0,0.484655648485193,2.54625560354383,9
5,0,-2,0,1,1,1,0.402904444199953,2.78119296624527,26
5,0,-2,0,1,1,2,0.298188461928314,2.97050261668387,23
5,0,0,0,0,1,0,0.687027490424918,1.54355191500018,7
5,0,0,0,0,1,1,0.636088764535715,2.17819540738665,46
5,0,0,0,0,1,2,0.552930416075888,1.86704144371523,97
5,0,-3,1,1,1,0,0.408062805188898,3.41143102533331,11
5,0,-3,1,1,1,1,0.317146845722564,3.48082597898942,18
5,0,-3,1,1,1,2,0.22511511255564,3.57194489244141,18
5,0,-2,0,0,0,0,0.283547866757493,1.27180801276001,1011
5,0,-2,0,0,0,1,0.251988251827436,0.889662982113052,724
5,0,-2,0,0,0,2,0.230021099775136,0.540660618596568,560
5,0,-2,0,1,0,0,0.366633998220851,2.01848430028782,64
5,0,-2,0,1,0,1,0.307689639230487,1.78555818329438,81
5,0,-2,0,1,0,2,0.259796256738159,1.58128729996701,118
5,0,-3,1,0,0,0,0.231994491513054,1.90486741987447,169
5,0,-3,1,0,0,1,0.190188124117311,1.42867992305746,225
5,0,-3,1,0,0,2,0.156744834460357,0.933549834205592,221
5,0,-3,1,0,1,0,0.331777040030439,2.41871443200269,18
5,0,-3,1,0,1,1,0.259798252156104,2.33672049405596,20
5,0,-3,1,0,1,2,0.18795905777944,2.02266683379486,38
5,0,-3,1,1,0,0,0.30532344720183,2.78523538606448,37
5,0,-3,1,1,0,1,0.238119828355529,2.38716642877959,67
5,0,-3,1,1,0,2,0.182856655848296,1.89368340007523,89
5,0,-3,0,0,0,0,0.185717648040671,1.04364177229744,780
5,0,-3,0,0,0,1,0.159897195480039,0.702488467701376,555
5,0,-3,0,0,0,2,0.142613173090544,0.407498030420101,419
5,0,-3,0,0,1,0,0.275547825656397,1.73359959217845,6
5,0,-3,0,0,1,1,0.227490567733553,1.63154226216762,12
5,0,-3,0,1,0,0,0.252700211274296,1.75671001873807,46
5,0,-3,0,1,0,1,0.203435192953802,1.45596656229041,74
5,0,-3,0,1,0,2,0.165058745789052,1.20509194044981,93
5,0,-3,0,1,1,0,0.354063018159345,2.39383059035872,8
5,0,-3,0,1,1,1,0.28144901009147,2.37820047181778,13
5,0,-3,0,1,1,2,0.196807320063597,2.37334883352176,16
5,0,-4,1,1,1,0,0.29713838290255,2.99461050758281,5
5,0,-4,1,1,1,1,0.220588207711311,2.83274112580186,16
5,0,-4,1,1,1,2,0.148043929862685,2.71574308098249,11
5,0,-3,0,0,1,2,0.168190765969805,1.30414841695362,28
5,0,-6,1,1,0,0,0.0880392269869064,1.19462128779757,12
5,0,-6,1,1,0,1,0.0604768230995137,0.877418524552444,18
5,0,-6,1,1,0,2,0.0402018110641464,0.605962378840783,23
5,0,-5,0,0,0,0,0.0707255143653846,0.546600491143251,327
5,0,-5,0,0,0,1,0.0572435319628805,0.343581023865583,241
5,0,-5,0,0,0,2,0.0488209198218773,0.184646191007569,188
5,0,-10,1,1,1,0,0.0184971158437528,0.316859389545807,0
5,0,-10,1,1,1,1,0.0111582818105988,0.214889519244016,0
5,0,-10,1,1,1,2,0.00611803515802151,0.148688260663322,0
5,0,-9,0,0,1,0,0.0134475783046419,0.173746312988004,1
5,0,-9,0,0,1,1,0.00924093246843599,0.113781827342134,2
5,0,-9,0,0,1,2,0.00562854811992085,0.0697147339010828,1
5,0,-9,0,1,0,0,0.0123661881053841,0.168388811273411,2
5,0,-9,0,1,0,1,0.00812663032330131,0.104893904868429,3
5,0,-9,0,1,0,2,0.00550556024711153,0.0656521512896905,3
5,0,-6,1,1,1,0,0.135971476824249,1.77603846759474,3
5,0,-6,1,1,1,1,0.0928045204830492,1.47532753540584,5
5,0,-6,1,1,1,2,0.0564845631070685,1.25038302876341,5
5,0,-10,1,1,0,0,0.0107476560008866,0.182097226740793,4
5,0,-10,1,1,0,1,0.00667546089144367,0.113279851625625,10
5,0,-10,1,1,0,2,0.00403835496679269,0.066628039682412,12
5,0,-9,0,0,0,0,0.00742191546152846,0.0809052481320782,46
5,0,-9,0,0,0,1,0.00543793228167262,0.0452451047992745,30
5,0,-9,0,0,0,2,0.00432883009818203,0.0214946859814996,29
5,0,-10,0,1,0,0,0.00703132442441031,0.0968811901006786,7
5,0,-10,0,1,0,1,0.00463001784976414,0.0574531959908905,5
5,0,-10,0,1,0,2,0.00320986986046781,0.0338630620191026,5
5,0,-10,1,0,0,0,0.0064931825732314,0.0964765327402754,12
5,0,-10,1,0,0,1,0.00435143790553259,0.0566918475260084,15
5,0,-10,1,0,0,2,0.00305681622943202,0.0281542826846714,15
5,0,-10,1,0,1,0,0.0115723635201649,0.171388526632697,0
5,0,-10,1,0,1,1,0.00712354540545618,0.114789463426654,1
5,0,-10,1,0,1,2,0.00415428051868705,0.0695313409917301,5
4,1,9,0,0,1,0,0.983824105027436,0.183179738430211,1
4,1,9,0,0,1,1,0.988330204617825,0.125666244503005,1
4,1,9,0,0,1,2,0.992421946698975,0.0810092443084372,3
4,1,9,0,1,1,0,0.975293767951133,0.309734119944741,2
4,1,9,0,1,1,1,0.983326418402626,0.227087019217789,1
4,1,9,0,1,1,2,0.990126983961909,0.170303297869501,0
5,0,-10,0,0,1,0,0.00756847997389534,0.100441401655068,0
5,0,-10,0,0,1,1,0.00518095211903545,0.0624560574470446,1
5,0,-10,0,0,1,2,0.00326637924323312,0.0357894239268025,4
5,0,-10,0,1,1,0,0.0122692870935842,0.179948309730921,2
5,0,-10,0,1,1,1,0.00778376558777386,0.119839609813269,2
5,0,-10,0,1,1,2,0.00439887161017199,0.0804285289976467,1
4,1,9,0,0,0,0,0.990531364514907,0.0882494676878554,26
4,1,9,0,0,0,1,0.992698513646375,0.0508905092464586,16
4,1,9,0,0,0,2,0.993946036218416,0.0250421687677697,13
4,1,9,0,1,0,0,0.985104444724842,0.178332099957259,5
4,1,9,0,1,0,1,0.989652863487478,0.115915786114173,4
4,1,9,0,1,0,2,0.992572967303013,0.0760758686186303,2
4,1,8,1,0,0,0,0.977045768208077,0.292491598539913,6
4,1,8,1,0,0,1,0.983498193834398,0.189374861919666,8
4,1,8,1,0,0,2,0.987877857708598,0.105966213854864,10
4,1,8,1,1,0,0,0.964697474020896,0.506303771381828,1
4,1,8,1,1,0,1,0.976291294317125,0.354389014897741,1
4,1,8,1,1,0,2,0.984499312776262,0.235270955164132,7
4,1,8,1,1,1,0,0.944005220692864,0.792135216712012,1
4,1,8,1,1,1,1,0.962978531865019,0.61577005214865,1
4,1,8,1,1,1,2,0.977968872635954,0.493878150099954,1
4,1,8,0,1,0,2,0.987141084594435,0.131582212830274,2
4,1,8,0,1,1,0,0.959089903375096,0.479786452255216,0
4,1,8,0,1,1,1,0.971772362019601,0.367315308788919,1
4,1,8,0,1,1,2,0.983054110899838,0.288037080958197,0
4,1,8,1,0,1,0,0.96170417170574,0.465572398466022,1
4,1,8,1,0,1,1,0.974240452319374,0.353590119739343,1
4,1,8,1,0,1,2,0.98399480398283,0.247865090097207,1
4,1,7,1,1,1,0,0.912213751823756,1.15146051471996,0
4,1,7,1,1,1,1,0.940157614757752,0.936402934179164,1
4,1,7,1,1,1,2,0.96322145520031,0.784125949648299,2
4,1,8,0,0,1,0,0.972623626048023,0.291464200405333,1
4,1,8,0,0,1,1,0.979907596668404,0.208990782653594,2
4,1,8,0,0,1,2,0.986864477987526,0.140515290774581,3
4,1,8,0,1,0,0,0.974887568237719,0.285040811898238,2
4,1,8,0,1,0,1,0.982253505452755,0.192569296403903,1
4,1,5,1,1,0,0,0.86362047556606,1.51624578119286,10
4,1,5,1,1,0,1,0.899259863421093,1.18753094190172,18
4,1,5,1,1,0,2,0.926726044385238,0.872562452188843,19
4,1,6,0,0,0,0,0.954004234684337,0.346666616137373,112
4,1,6,0,0,0,1,0.962553945623961,0.215623416274973,74
4,1,6,0,0,0,2,0.967843745841135,0.115189472246005,59
4,1,8,0,0,0,0,0.983856870467444,0.145016211207056,31
4,1,8,0,0,0,1,0.987424353388007,0.0858530111203563,22
4,1,8,0,0,0,2,0.989529411997723,0.0435213734250694,18
4,1,5,1,0,1,0,0.851987630918795,1.35575262045735,3
4,1,5,1,0,1,1,0.890265136968855,1.16784539872745,8
4,1,5,1,0,1,2,0.924576307658809,0.92639528060555,4
4,1,5,1,1,1,0,0.804553925633942,2.09443209708838,1
4,1,5,1,1,1,1,0.85725844626778,1.88300050437143,6
4,1,5,1,1,1,2,0.905044241851334,1.732533873721,8
4,1,1,1,1,0,0,0.505106941965782,2.6664910651182,74
4,1,1,1,1,0,1,0.572877472251329,2.48733299703773,123
4,1,1,1,1,0,2,0.630647463030624,2.11790637876464,140
4,1,2,0,0,0,0,0.733536767421498,1.06810433675922,1030
4,1,2,0,0,0,1,0.760045614689988,0.742115825362267,740
4,1,2,0,0,0,2,0.778372863207201,0.44952735126226,585
4,1,1,1,0,0,0,0.577018040352415,1.99390025940476,320
4,1,1,1,0,0,1,0.621141071652166,1.58428545611804,398
4,1,1,1,0,0,2,0.658592178712761,1.11551592073781,372
4,1,1,1,0,1,0,0.469374076440621,2.15080168407235,25
4,1,1,1,0,1,1,0.541414603733611,2.52113023178336,60
4,1,1,1,0,1,2,0.623500660853202,2.29794026542513,65
4,1,1,1,1,1,0,0.409269616156399,2.8969335606251,15
4,1,1,1,1,1,1,0.493666983954105,3.37977121425344,36
4,1,1,1,1,1,2,0.589128522257763,3.82020171243355,32
4,1,-1,0,1,1,2,0.366359755185506,2.11003503105243,57
4,1,1,0,0,1,0,0.516311673411848,1.66253200059959,11
4,1,1,0,0,1,1,0.567455857407263,1.97306087192563,33
4,1,1,0,0,1,2,0.64144359138611,1.65632394507852,48
4,1,1,0,1,1,0,0.446537936447861,2.14065264151614,14
4,1,1,0,1,1,1,0.517041547948934,2.48377123121528,25
4,1,1,0,1,1,2,0.613884467017517,2.68197510717822,27
4,1,-1,0,0,0,0,0.374403827530913,0.910035923388316,1454
4,1,-1,0,0,0,1,0.397154484655056,0.670941066964551,1098
4,1,-1,0,0,0,2,0.413851822658601,0.440026520091101,864
4,1,-1,0,1,0,0,0.312334505020798,1.30098069370551,96
4,1,-1,0,1,0,1,0.354114355746126,1.2775017256519,154
4,1,-1,0,1,0,2,0.389626745823206,1.26289865711497,197
4,1,-1,0,1,1,0,0.23733901791725,1.49101956970725,21
4,1,-1,0,1,1,1,0.288442234157478,1.95401394019027,60
4,1,1,0,1,0,0,0.548629617094031,1.75789485059664,82
4,1,1,0,1,0,1,0.602076986635324,1.62067203490707,122
4,1,1,0,1,0,2,0.646239905734582,1.50625736123411,151
4,1,-2,1,1,0,0,0.198204002536228,1.45689183795972,53
4,1,-2,1,1,0,1,0.236784601956918,1.44903035132092,91
4,1,-2,1,1,0,2,0.270433150207235,1.29282041515798,129
4,1,-2,1,1,1,0,0.146650073794093,1.42951174968326,13
4,1,-2,1,1,1,1,0.191430173418413,1.92251236751845,37
4,1,-2,1,1,1,2,0.24739767571102,2.27414385216214,44
4,1,-1,0,0,1,0,0.283174146870038,1.21047363260511,18
4,1,-1,0,0,1,1,0.32258908858558,1.64467590853163,44
4,1,-1,0,0,1,2,0.385125095286416,1.402987304422,70
4,1,-2,0,1,1,0,0.161616024070739,1.11101739302467,8
4,1,-2,0,1,1,1,0.200093506094609,1.50916165808012,33
4,1,-2,0,1,1,2,0.260537743788279,1.62618677656649,40
4,1,-2,1,0,1,0,0.173149223297731,1.09418314265143,21
4,1,-2,1,0,1,1,0.213862803601219,1.55177980566297,47
4,1,-2,1,0,1,2,0.265367643076061,1.42223820026021,93
4,1,-3,1,1,1,0,0.0960102906116291,0.996481011434152,8
4,1,-3,1,1,1,1,0.127630588014639,1.37828252003564,22
4,1,-3,1,1,1,2,0.167873357011174,1.63902794084394,27
4,1,-2,0,0,1,0,0.195006404243126,0.916969244260428,3
4,1,-2,0,0,1,1,0.225222070933271,1.28781688057931,29
4,1,-2,0,0,1,2,0.274363877984333,1.1029100645957,72
4,1,-2,0,1,0,0,0.218291986272955,0.986967190650987,60
4,1,-2,0,1,0,1,0.250450611478002,0.98533907644479,130
4,1,-2,0,1,0,2,0.277991571218651,0.990160645260393,152
4,1,-2,1,0,0,0,0.23836554495823,1.16124968240059,205
4,1,-2,1,0,0,1,0.264279521872532,0.95821572042026,272
4,1,-2,1,0,0,2,0.287123741247279,0.705403105967039,333
4,1,-4,0,0,0,0,0.118625608653896,0.347956424222917,337
4,1,-4,0,0,0,1,0.127348393222989,0.261668021890226,254
4,1,-4,0,0,0,2,0.133877975388906,0.176049641710739,218
4,1,-2,0,0,0,0,0.266470984224428,0.701748003701193,927
4,1,-2,0,0,0,1,0.284034631740272,0.52168810198253,715
4,1,-2,0,0,0,2,0.29703241294849,0.345869510686364,594
4,1,-5,1,0,1,0,0.044918571291802,0.329229790041625,12
4,1,-5,1,0,1,1,0.057720622409472,0.508067198526963,19
4,1,-5,1,0,1,2,0.074694021304906,0.466072373782093,18
4,1,-5,1,1,1,0,0.0377091904585901,0.420238527401764,4
4,1,-5,1,1,1,1,0.0513394060477785,0.610977001649043,12
4,1,-5,1,1,1,2,0.0692504580266035,0.73320119440699,11
4,1,-5,0,1,1,0,0.0415112020569585,0.335989009411213,3
4,1,-5,0,1,1,1,0.0534034289249456,0.492054814598538,9
4,1,-5,0,1,1,2,0.0732754305057704,0.52797785377834,7
4,1,-5,1,0,0,0,0.066096920805674,0.370396982898633,41
4,1,-5,1,0,0,1,0.0743936410812462,0.310831473816971,66
4,1,-5,1,0,0,2,0.0818312632784416,0.233074269898075,76
4,1,-5,1,1,0,0,0.0535315311955229,0.451367269342537,13
4,1,-5,1,1,0,1,0.0657053251149934,0.462455260959523,20
4,1,-5,1,1,0,2,0.0764414031603887,0.421183110369727,38
4,1,-9,1,1,0,0,0.00862286714548618,0.0304173024747661,0
4,1,-9,1,1,0,1,0.00951923671558733,0.0353025854033141,5
4,1,-9,1,1,0,2,0.0103302509678445,0.0352208680073685,4
4,1,-9,1,0,1,0,0.00762158094130212,0.0217852975670901,2
4,1,-9,1,0,1,1,0.00853977057005365,0.0459012184853422,0
4,1,-9,1,0,1,2,0.0101281737268842,0.0407171296969477,2
4,1,-9,1,1,1,0,0.00758199875662538,0.0224726784750578,0
4,1,-9,1,1,1,1,0.00840290638735267,0.0482659623519327,1
4,1,-9,1,1,1,2,0.00986528385673875,0.0592798802003476,1
4,1,-9,0,0,1,0,0.00771082077584604,0.0219303265983472,0
4,1,-9,0,0,1,1,0.00847774402939975,0.0436271162353598,1
4,1,-9,0,0,1,2,0.0102021746370975,0.0380354075962394,1
4,1,-9,0,1,1,0,0.00764796183875644,0.0194105217864824,0
4,1,-9,0,1,1,1,0.00836863072995352,0.0432695108118018,0
4,1,-9,0,1,1,2,0.0101701100327307,0.0411745497136602,1
4,1,-9,1,0,0,0,0.00950509031157854,0.0280561751508905,4
4,1,-9,1,0,0,1,0.010152590688998,0.0252361901901038,4
4,1,-9,1,0,0,2,0.0107727433751863,0.0205251522549737,9
4,0,10,0,1,0,0,0.996443772534246,1.28219446155984e-15,1
4,0,10,0,1,0,1,0.996443772534246,3.61937866802085e-15,2
4,0,10,0,1,0,2,0.996443772534246,4.20321713043503e-15,9
4,0,10,0,1,1,0,0.996443772534246,2.67373046464086e-15,0
4,0,10,0,1,1,1,0.996443772534246,2.04088259378689e-15,0
4,0,10,0,1,1,2,0.996443772534246,2.41521197270888e-15,2
4,1,-9,0,1,0,0,0.00869137510630347,0.023364537119151,3
4,1,-9,0,1,0,1,0.00956635815756449,0.0266054904317567,4
4,1,-9,0,1,0,2,0.0103706221949759,0.0328499255735886,5
4,0,9,1,1,1,0,0.996084831392237,0.0134943189331844,0
4,0,9,1,1,1,1,0.995591895519194,0.0289825839103651,1
4,0,9,1,1,1,2,0.994713771979337,0.0355961845239005,4
4,0,10,0,0,0,0,0.996443772534246,2.48775545071361e-15,21
4,0,10,0,0,0,1,0.996443772534246,2.94802494986859e-15,19
4,0,10,0,0,0,2,0.996443772534246,6.10640082631434e-15,24
4,0,10,0,0,1,0,0.996443772534246,1.99790815756107e-15,0
4,0,10,0,0,1,1,0.996443772534246,1.06008463583551e-15,1
4,0,10,0,0,1,2,0.996443772534245,4.32522805591221e-15,0
4,0,9,0,1,1,0,0.996045222100933,0.0116555653095373,0
4,0,9,0,1,1,1,0.995612477251501,0.0259823313729752,1
4,0,9,0,1,1,2,0.994530730975008,0.0247243561279551,1
4,0,9,1,0,1,0,0.99606106321415,0.0130815627407689,0
4,0,9,1,0,1,1,0.995509711771763,0.0275626104093681,1
4,0,9,1,0,1,2,0.994555912747915,0.0244496860836695,3
4,0,9,1,1,0,0,0.995459814217611,0.0182648802249877,2
4,0,9,1,1,0,1,0.994921565211185,0.0211983786056938,4
4,0,9,1,1,0,2,0.994434570081011,0.021149309216635,6
4,0,9,0,1,0,0,0.995418676786051,0.0140298592338239,1
4,0,9,0,1,0,1,0.994893269885047,0.015975976057253,3
4,0,9,0,1,0,2,0.994410328101345,0.0197256136207073,4
4,0,9,1,0,0,0,0.994930059796628,0.0168470783734856,6
4,0,9,1,0,0,1,0.994541250932035,0.015153743220316,12
4,0,9,1,0,0,2,0.994168863717757,0.0123248748914445,12
4,0,9,0,0,0,0,0.994549727294341,0.0114584163945703,21
4,0,9,0,0,0,1,0.994257784819502,0.00937840315042473,17
4,0,9,0,0,0,2,0.99402026444356,0.00708693230157806,21
4,0,9,0,0,1,0,0.996007476776279,0.0131686492892009,0
4,0,9,0,0,1,1,0.995546957261785,0.0261970650836486,0
4,0,9,0,0,1,2,0.994511476928444,0.0228393745510562,3
4,0,6,1,1,1,0,0.986068297823967,0.167064294650998,0
4,0,6,1,1,1,1,0.980521422057734,0.256215534795739,9
4,0,6,1,1,1,2,0.972981006019812,0.310234396407364,10
4,0,7,0,0,0,0,0.983285067894942,0.0548580870340549,52
4,0,7,0,0,0,1,0.981905548773662,0.0422830177613774,52
4,0,7,0,0,0,2,0.980847186577271,0.0292708161850228,54
4,0,8,1,1,1,0,0.994747475715007,0.0407072324410889,0
4,0,8,1,1,1,1,0.993302735549386,0.072269574336676,2
4,0,8,1,1,1,2,0.991162190529553,0.0890309076740534,4
4,0,6,1,0,0,0,0.974384128193359,0.155683203423125,27
4,0,6,1,0,0,1,0.970888162655473,0.132105584387115,45
4,0,6,1,0,0,2,0.967719888953123,0.100232242324987,40
4,0,6,1,0,1,0,0.98338976210828,0.133548276156529,4
4,0,6,1,0,1,1,0.978060036639612,0.217177137726225,11
4,0,6,1,0,1,2,0.97077552210395,0.199398855616511,16
4,0,6,1,1,0,0,0.979597157438136,0.186260718440343,5
4,0,6,1,1,0,1,0.974517557232001,0.194423893332953,14
4,0,6,1,1,0,2,0.970004483355113,0.179523355443572,18
4,0,2,1,0,1,0,0.869506769369688,0.908621005582963,31
4,0,2,1,0,1,1,0.834962479950714,1.34104239158253,47
4,0,6,0,1,0,0,0.977437499901393,0.129295626629859,9
4,0,6,0,1,0,1,0.973020910663897,0.136352671482944,15
4,0,6,0,1,0,2,0.969142620889749,0.144273333272949,34
4,0,6,0,1,1,0,0.984747592016575,0.136499475779939,2
4,0,6,0,1,1,1,0.979855046699621,0.209788698281962,13
4,0,6,0,1,1,2,0.97133838134069,0.224551583655183,8
4,0,2,0,1,1,0,0.879027208482905,0.925858087222867,16
4,0,2,0,1,1,1,0.846638499149415,1.30172486624818,41
4,0,2,0,1,1,2,0.794291720399055,1.3999970550512,36
4,0,2,1,0,0,0,0.813355965205633,0.991588574457924,231
4,0,2,1,0,0,1,0.791188348825296,0.824584017840201,281
4,0,2,1,0,0,2,0.77149605233869,0.612387875268087,321
4,0,2,1,0,1,2,0.790310231892507,1.2295057267036,77
4,0,2,1,1,0,0,0.847338362486887,1.22729142319388,54
4,0,2,1,1,0,1,0.814551348045254,1.23730869586,89
4,0,2,1,1,0,2,0.785820262502505,1.11452389545909,120
4,0,2,0,1,0,0,0.831141754902669,0.836917342514054,77
4,0,2,0,1,0,1,0.803493447878371,0.848824733780992,134
4,0,2,0,1,0,2,0.779647233871062,0.865963321995202,159
4,0,0,0,0,1,0,0.667938171683827,1.43951317629983,14
4,0,0,0,0,1,1,0.621119651114169,1.95040406044336,60
4,0,0,0,0,1,2,0.546983130698931,1.66365477082734,94
4,0,0,0,1,0,0,0.633425893392503,1.54665054653322,126
4,0,0,0,1,0,1,0.583818039410783,1.51728433007152,176
4,0,0,0,1,0,2,0.541660888172576,1.49800426972938,241
4,0,0,0,1,1,0,0.722644016770621,1.77413430247777,28
4,0,0,0,1,1,1,0.661870819652072,2.31975014311444,51
4,0,0,0,1,1,2,0.56939541068531,2.50734511220488,45
4,0,2,0,0,1,0,0.851838711828756,0.779841636669422,4
4,0,2,0,0,1,1,0.82595944201789,1.12486323531419,31
4,0,2,0,0,1,2,0.782897083269269,0.966860475693611,64
4,0,-1,1,0,1,0,0.587361213494183,2.15080995776008,24
4,0,-1,1,0,1,1,0.513445220445659,2.64335124763301,45
4,0,-1,1,0,1,2,0.426927505697016,2.42058973240662,78
4,0,-1,1,1,0,0,0.548656634415862,2.71195894123245,94
4,0,-1,1,1,0,1,0.479010069746416,2.57631202887937,156
4,0,-1,1,1,0,2,0.419147885757045,2.22446038787203,150
4,0,-1,1,1,1,0,0.645413578876858,2.86363870877187,18
4,0,-1,1,1,1,1,0.560374539734394,3.46247561792236,43
4,0,-1,1,1,1,2,0.461643723638429,3.97893259093765,49
4,0,0,0,0,0,0,0.559763212049149,1.08068803139047,2127
4,0,0,0,0,0,1,0.532749387785556,0.796375107309905,1487
4,0,0,0,0,0,2,0.512932761216264,0.52181556097428,1142
4,0,-1,0,1,0,0,0.505944543236629,1.8043243576125,72
4,0,-1,0,1,0,1,0.450177465088361,1.69977667994234,129
4,0,-1,1,0,0,0,0.475118325858782,2.06580682611836,353
4,0,-1,1,0,0,1,0.429332551661309,1.66029037095276,433
4,0,-1,1,0,0,2,0.390012518545675,1.18446906554848,412
4,0,-1,0,0,0,0,0.424758823873995,1.21085269341193,1520
4,0,-1,0,0,0,1,0.394576670616215,0.875010354709101,1081
4,0,-1,0,0,0,2,0.372866781261282,0.557822426140938,803
4,0,-1,0,0,1,0,0.541198489649155,1.69541830077466,12
4,0,-1,0,0,1,1,0.488038213822328,2.10214282735879,26
4,0,-1,0,0,1,2,0.408869674612696,1.77711199332127,53
4,0,-1,0,1,0,2,0.403579328244681,1.61183039241957,160
4,0,-1,0,1,1,0,0.610833935931011,2.15181212746723,17
4,0,-1,0,1,1,1,0.538970702297856,2.5933680321492,32
4,0,-1,0,1,1,2,0.436897537781421,2.82001917496919,27
4,0,-4,1,1,1,0,0.312611656927262,2.81496425079123,4
4,0,-4,1,1,1,1,0.239328294555365,2.72619303775822,20
4,0,-4,1,1,1,2,0.168311209531795,2.68220320090846,17
4,0,-2,1,1,1,0,0.531142730799316,3.1623318591498,14
4,0,-2,1,1,1,1,0.441779937798171,3.51691307840873,27
4,0,-2,1,1,1,2,0.344562009400963,3.86513437447823,27
4,0,-4,1,1,0,0,0.229804974092846,2.18446826586222,18
4,0,-4,1,1,0,1,0.177595180710221,1.80609506692881,43
4,0,-4,1,1,0,2,0.13580555366079,1.39052994398889,41
4,0,-3,0,0,0,0,0.209776988552453,0.991818668230631,725
4,0,-3,0,0,0,1,0.185206612372786,0.674632179589464,497
4,0,-3,0,0,0,2,0.16858159343579,0.397906185283009,383
4,0,-4,0,1,0,0,0.188104882651006,1.34693943847308,22
4,0,-4,0,1,0,1,0.150800458168028,1.08040170568708,22
4,0,-4,0,1,0,2,0.122460091957355,0.871135994486269,33
4,0,-4,0,1,1,0,0.265220694468465,1.90945693470241,4
4,0,-4,0,1,1,1,0.208793170176935,1.80744130106628,8
4,0,-4,0,1,1,2,0.145771735026214,1.73646663031986,8
4,0,-4,1,0,0,0,0.173135934806279,1.44760092556981,98
4,0,-4,1,0,0,1,0.141338984346023,1.05993922196062,119
4,0,-4,1,0,0,2,0.116548742877476,0.676976957380988,109
4,0,-4,1,0,1,0,0.249108723676792,1.91656952389697,10
4,0,-4,1,0,1,1,0.193161547360354,1.77004904123725,15
4,0,-4,1,0,1,2,0.139477930940817,1.48282068849455,24
4,0,-4,0,0,1,0,0.20452875828945,1.33699865287855,7
4,0,-4,0,0,1,1,0.168068684293171,1.20105795008036,17
4,0,-4,0,0,1,2,0.124689523655023,0.941727323771991,16
4,0,-8,0,1,0,0,0.029737758642335,0.332446714166918,2
4,0,-8,0,1,0,1,0.0211289121719959,0.226139406405205,5
4,0,-8,0,1,0,2,0.0153828637185978,0.155488988922958,5
4,0,-8,0,1,1,0,0.0481901663631885,0.556312858722734,0
4,0,-8,0,1,1,1,0.0334332421812161,0.42947472197184,1
4,0,-8,0,1,1,2,0.0201912968908437,0.339361972491519,0
4,0,-8,1,0,0,0,0.0271862444233243,0.341679447193743,15
4,0,-8,1,0,0,1,0.0196519502520831,0.222349034674864,14
4,0,-8,1,0,0,2,0.0145066298174671,0.125088942212287,18
4,0,-10,0,0,1,0,0.011442074389194,0.129851066096077,0
4,0,-10,0,0,1,1,0.00830984238374642,0.0849106714517002,1
4,0,-10,0,0,1,2,0.005641053720508,0.0515522093679279,0
4,0,-10,0,1,1,0,0.017524258122116,0.225327653450099,2
4,0,-10,0,1,1,1,0.0117950590235233,0.158323449465273,0
4,0,-10,0,1,1,2,0.00720811045080633,0.112802774635879,2
4,0,-8,0,0,1,0,0.0324186595816256,0.339715528583885,0
4,0,-8,0,0,1,1,0.0239074973319327,0.245459840177933,0
4,0,-8,0,0,1,2,0.0157118913775217,0.166095975660286,2
3,1,10,1,1,1,2,0.988629008617825,0.217668880379319,1
4,0,-10,0,0,0,0,0.00698423840163701,0.060238276757432,42
4,0,-10,0,0,0,1,0.00550831184234624,0.0336691935059183,25
4,0,-10,0,0,0,2,0.00468363459829666,0.0158958203824479,21
4,0,-10,0,1,0,0,0.0106582301376762,0.12565791191051,2
4,0,-10,0,1,0,1,0.00750560564155295,0.0782588566992717,3
4,0,-10,0,1,0,2,0.00555448398123058,0.0486679493992495,4
3,1,10,1,0,0,0,0.988203085923734,0.132936894435667,3
3,1,10,1,0,0,1,0.991139523033631,0.0831114848254973,3
3,1,10,1,0,0,2,0.993051526817832,0.0445176967512785,4
3,1,10,1,0,1,0,0.981249791133968,0.221582829600867,1
3,1,10,1,0,1,1,0.987101332900385,0.160425831488527,0
3,1,10,1,1,0,0,0.982490873134309,0.23802178626998,1
3,1,10,1,1,0,1,0.987878481846193,0.159499541729288,0
3,1,10,1,1,0,2,0.991578292552384,0.101426960903306,1
3,1,10,1,1,1,0,0.97262767595492,0.388109047197993,1
3,1,10,1,1,1,1,0.981783449049481,0.286479493499587,1
3,1,10,0,1,0,0,0.987339468761253,0.131311530132206,0
3,1,10,0,1,0,1,0.990662876936267,0.0843668370879671,0
3,1,10,0,1,0,2,0.99277833505001,0.0542894052061844,1
3,1,10,0,1,1,0,0.98011724217743,0.229847781122283,0
3,1,10,0,1,1,1,0.98604471092228,0.167127658065927,0
3,1,10,0,1,1,2,0.990975407473436,0.123757953047206,0
3,1,10,1,0,1,2,0.991382066722768,0.106324221656336,0
3,1,9,1,1,1,0,0.956860256178606,0.591364541281126,0
3,1,9,1,1,1,1,0.97102627445514,0.457615517382905,1
3,1,9,1,1,1,2,0.982160704929706,0.366529557971087,1
3,1,10,0,0,0,0,0.991276923221335,0.0643041954447886,8
3,1,10,0,0,0,1,0.992854219144258,0.0367562383332858,5
3,1,10,0,0,0,2,0.993754389595011,0.0177986440626416,4
3,1,10,0,0,1,0,0.986453506876438,0.135313014940809,0
3,1,10,0,0,1,1,0.989752712162915,0.0914027323947798,0
3,1,10,0,0,1,2,0.992677699262929,0.0576085357673997,0
3,1,7,1,1,0,0,0.931756543655082,0.827117175575161,3
3,1,7,1,1,0,1,0.950992288184963,0.617409750373998,4
3,1,7,1,1,0,2,0.965283980536542,0.435848924167192,3
3,1,8,0,0,0,0,0.978101437771549,0.170459049849866,15
3,1,8,0,0,0,1,0.982299454165925,0.10336819550986,12
3,1,8,0,0,0,2,0.984835401697197,0.0538696957893739,9
3,1,7,1,0,0,0,0.952407788500117,0.503201547324018,9
3,1,7,1,0,0,1,0.963486359527917,0.342591187423005,9
3,1,7,1,0,0,2,0.971449797198138,0.202943664614814,5
3,1,7,1,0,1,0,0.926017871929205,0.748147252867448,0
3,1,7,1,0,1,1,0.946735302019208,0.610347033625281,0
3,1,7,1,0,1,2,0.964257218127061,0.46152595826409,2
3,1,7,1,1,1,0,0.898828264447048,1.20909477978761,0
3,1,7,1,1,1,1,0.92859219858448,1.0172520961089,1
3,1,7,1,1,1,2,0.953984834486921,0.883997062810833,1
3,1,7,0,0,1,0,0.943531267831918,0.487350076590764,1
3,1,7,0,0,1,1,0.956117684290011,0.380458025690366,2
3,1,7,0,0,1,2,0.969290124918754,0.274861051567894,2
3,1,7,0,1,0,0,0.94812256817695,0.481713205667867,3
3,1,7,0,1,0,1,0.960905132042551,0.348778982839716,2
3,1,7,0,1,1,0,0.921079980492222,0.761304397423466,0
3,1,7,0,1,1,1,0.942028749150046,0.63101341419767,1
3,1,7,0,1,1,2,0.962422302126959,0.537959858253893,2
3,1,3,0,1,0,0,0.743935038478213,1.4181640689097,24
3,1,3,0,1,0,1,0.784417691525736,1.19364084850614,42
3,1,3,0,1,0,2,0.816142319975588,1.01394621186497,43
3,1,6,1,1,1,0,0.851467746810767,1.61660713095748,0
3,1,6,1,1,1,1,0.89192995935607,1.42122297957825,1
3,1,6,1,1,1,2,0.927903435763104,1.28667798836997,1
3,1,7,0,0,0,0,0.964285701444433,0.258043478858948,32
3,1,7,0,0,0,1,0.970648629822962,0.160000638764376,17
3,1,7,0,0,0,2,0.974575763929663,0.0854276250018398,13
3,1,7,0,1,0,2,0.969880659518914,0.256003191693186,6
3,1,1,0,1,1,0,0.450488701379702,1.97931905782235,18
3,1,1,0,1,1,1,0.515383468103112,2.27262372932766,33
3,1,1,0,1,1,2,0.603769158464959,2.44094531994939,32
3,1,3,0,0,1,0,0.723893492187878,1.38580598734808,2
3,1,3,0,0,1,1,0.763192004240115,1.3652645874094,8
3,1,3,0,0,1,2,0.81332211663983,1.10281392093623,14
3,1,3,0,1,1,0,0.662259686811005,1.90491418621065,4
3,1,3,0,1,1,1,0.720813744169873,1.92221143109854,10
3,1,3,0,1,1,2,0.790927516748043,1.94181636098768,8
3,1,1,0,0,0,0,0.614279482261502,1.05585276900328,1556
3,1,1,0,0,0,1,0.64056302676141,0.752221249218245,1108
3,1,1,0,0,0,2,0.659200855997974,0.471769387703249,854
3,1,1,0,1,0,0,0.544039755060657,1.61409962898189,73
3,1,1,0,1,0,1,0.592966766975172,1.47905662376475,132
3,1,1,0,1,0,2,0.63322584679946,1.36821138589825,156
3,1,0,1,0,0,0,0.458383010081319,1.71374750510444,744
3,1,0,1,0,0,1,0.496427705120842,1.3787165174121,948
3,1,0,1,0,0,2,0.529123028313854,0.985808081816464,898
3,1,0,1,1,0,0,0.39737808685581,2.24489298641043,141
3,1,0,1,1,0,1,0.455238654617124,2.13841566362033,278
3,1,0,1,1,0,2,0.504891393843224,1.8492761607968,334
3,1,0,1,1,1,0,0.316944342494045,2.36275557617875,26
3,1,0,1,1,1,1,0.387424743780034,2.87534473913273,67
3,1,0,1,1,1,2,0.469789348653899,3.30881842874511,103
3,1,1,0,0,1,0,0.514697346981521,1.52838182198456,7
3,1,1,0,0,1,1,0.561536175838775,1.79711916663429,43
3,1,1,0,0,1,2,0.628873932664022,1.50437825445834,58
3,1,0,0,1,1,0,0.345917322334834,1.76947299159193,27
3,1,0,0,1,1,1,0.405209674882583,2.16145008242497,58
3,1,0,0,1,1,2,0.49053511344124,2.33325082050981,67
3,1,0,1,0,1,0,0.364420713924682,1.7636231793029,56
3,1,0,1,0,1,1,0.425769952737366,2.20903808514863,99
3,1,0,1,0,1,2,0.498277272137218,2.01706110182273,153
3,1,-1,1,1,1,0,0.231856007680892,1.9198507361673,27
3,1,-1,1,1,1,1,0.290353168493984,2.43564805938212,60
3,1,-1,1,1,1,2,0.360705444501702,2.84087505377566,85
3,1,0,0,0,1,0,0.401976419149478,1.39579335363179,29
3,1,0,0,0,1,1,0.446162368775203,1.76813382158745,79
3,1,0,0,0,1,2,0.512913944674113,1.49444547814517,142
3,1,0,0,1,0,0,0.432114463348066,1.49028901744218,160
3,1,0,0,1,0,1,0.47860484025697,1.41334385467407,265
3,1,0,0,1,0,2,0.517481301612922,1.35195673278977,348
3,1,-3,1,1,0,2,0.203525525075019,0.970142172868442,79
3,1,-2,0,0,0,0,0.284026379499677,0.69812395748126,820
3,1,-2,0,0,0,1,0.30148658634007,0.516085256313442,634
3,1,-2,0,0,0,2,0.314335475470281,0.339748762172754,565
3,1,0,0,0,0,0,0.500003668192702,1.00786995396416,3507
3,1,0,0,0,0,1,0.5251460274525,0.730441557050565,2552
3,1,0,0,0,0,2,0.543284531768568,0.468670101663633,1967
3,1,-3,1,0,1,0,0.130524917925308,0.816841919600866,17
3,1,-3,1,0,1,1,0.161013884169271,1.16522178490096,35
3,1,-3,1,0,1,2,0.199707430419424,1.06775437220012,42
3,1,-3,1,1,1,0,0.110840837921719,1.06619180271078,13
3,1,-3,1,1,1,1,0.144312667207691,1.44086778471333,18
3,1,-3,1,1,1,2,0.186282507813849,1.70576143073454,32
3,1,-3,0,0,1,0,0.146782083373188,0.686568182694979,12
3,1,-3,0,0,1,1,0.169437538799334,0.968497012861485,27
3,1,-3,0,0,1,2,0.206412811664982,0.829737283510316,50
3,1,-3,0,1,1,0,0.121949886910831,0.829846576364517,11
3,1,-3,0,1,1,1,0.150727027332799,1.13281250762944,19
3,1,-3,0,1,1,2,0.196122352807949,1.21965599030647,33
3,1,-3,1,0,0,0,0.179476651902586,0.870282243585684,124
3,1,-3,1,0,0,1,0.198903240233726,0.718818428009557,157
3,1,-3,1,0,0,2,0.21604522132979,0.529751547617385,183
3,1,-3,1,1,0,0,0.149407338632722,1.08999536736119,34
3,1,-3,1,1,0,1,0.178306929760103,1.08609467009918,59
3,1,-3,0,0,0,0,0.200530814173651,0.526546713872103,417
3,1,-3,0,0,0,1,0.213711749692631,0.391858346895368,321
3,1,-3,0,0,0,2,0.223476426770603,0.260183017990359,321
3,1,-3,0,1,0,0,0.164344815915716,0.738908537182074,34
3,1,-3,0,1,0,1,0.188471923197292,0.739324645607867,66
3,1,-3,0,1,0,2,0.209152824799117,0.744595353472212,88
3,1,-7,0,0,1,0,0.0249115206839567,0.129961406100489,2
3,1,-7,0,0,1,1,0.0292800996593245,0.200417104138477,3
3,1,-7,0,0,1,2,0.0370134993868941,0.174425387285593,1
3,1,-4,1,1,0,0,0.100182258394168,0.767770306558915,20
3,1,-4,1,1,0,1,0.120667361971794,0.772939599307474,40
3,1,-4,1,1,0,2,0.138613634592562,0.69532792375932,53
3,1,-4,1,1,1,0,0.0731025270666223,0.738013117041941,6
3,1,-4,1,1,1,1,0.096541569350504,1.02361921077161,12
3,1,-4,1,1,1,2,0.126432553945198,1.21812111224014,19
3,1,-9,0,0,0,0,0.0144662529395719,0.0245966606542656,9
3,1,-9,0,0,0,1,0.0150929372680948,0.0201316998637937,9
3,1,-9,0,0,0,2,0.0156027990050359,0.0152128237357698,9
3,1,-9,0,1,0,0,0.0126009641389807,0.030116525243834,1
3,1,-9,0,1,0,1,0.0137288036941512,0.034294063696893,1
3,1,-9,0,1,0,2,0.0147654875394971,0.042343043551423,1
3,1,-9,0,1,1,0,0.0112560206525516,0.0250198609284423,0
3,1,-9,0,1,1,1,0.0121849516535597,0.0557737269951671,1
3,1,-9,0,1,1,2,0.0145070304784752,0.0530733546969582,0
3,1,-7,0,1,0,0,0.0287502319151717,0.137596702883494,3
3,1,-7,0,1,0,1,0.0334624810059399,0.146279402894006,3
3,1,-7,0,1,0,2,0.0376262033317708,0.155449775811113,10
3,1,-10,1,1,1,0,0.0104004914568738,5.66586055631427e-20,0
3,1,-10,1,1,1,1,0.0104004914568738,6.34740021210394e-19,1
3,1,-10,1,1,1,2,0.0104004914568738,0,3
3,1,-9,0,0,1,0,0.0113370448455842,0.0282678501712448,0
3,1,-9,0,0,1,1,0.0123255970008419,0.056234674828672,0
3,1,-9,0,0,1,2,0.0145483612551956,0.0490270492922687,1
3,1,-10,0,1,1,0,0.0104004914568738,3.36425670693618e-18,0
3,1,-10,0,1,1,1,0.0104004914568738,2.43833920684212e-18,0
3,1,-10,0,1,1,2,0.0104004914568738,1.92034490890981e-19,2
3,1,-10,1,0,1,0,0.0104004914568738,2.08495516155018e-18,0
3,1,-10,1,0,1,1,0.0104004914568738,6.05991643766051e-19,1
3,1,-10,1,0,1,2,0.0104004914568738,4.01806915758845e-17,1
3,1,-10,1,1,0,0,0.0104004914568738,8.08418636078749e-20,0
3,1,-10,1,1,0,1,0.0104004914568738,6.14637722960164e-19,1
3,1,-10,1,1,0,2,0.0104004914568738,1.06407121274876e-17,6
3,1,-10,0,0,1,0,0.0104004914568738,2.71454912712102e-20,0
3,1,-10,0,0,1,1,0.0104004914568738,2.24982378742033e-18,1
3,1,-10,0,0,1,2,0.0104004914568738,2.9494171994137e-17,0
3,1,-10,0,1,0,0,0.0104004914568738,1.83071946289525e-17,0
3,1,-10,0,1,0,1,0.0104004914568738,3.65829929625186e-17,1
3,1,-10,0,1,0,2,0.0104004914568738,4.89036868452488e-17,7
3,1,-10,1,0,0,0,0.0104004914568738,2.69523525853359e-18,0
3,1,-10,1,0,0,1,0.0104004914568738,1.79062766129146e-17,3
3,1,-10,1,0,0,2,0.0104004914568738,9.43305701927671e-17,8
3,1,-10,0,0,0,0,0.0104004914568738,0,6
3,1,-10,0,0,0,1,0.0104004914568738,1.66908454752264e-18,7
3,1,-10,0,0,0,2,0.0104004914568738,6.30003869884963e-17,10
3,0,8,1,0,1,0,0.991140133991888,0.0478889786046922,0
3,0,8,1,0,1,1,0.989132304158043,0.0872955813953287,2
3,0,8,1,0,1,2,0.98617049902502,0.0801108912070735,2
3,0,8,1,1,1,0,0.991837498672169,0.0559043489220248,0
3,0,8,1,1,1,1,0.989858057056073,0.098608049120936,1
3,0,8,1,1,1,2,0.986939318142246,0.121486052918143,3
3,0,9,0,0,0,0,0.991526091570227,0.0160702628139843,19
3,0,9,0,0,0,1,0.991116646483256,0.0131530744051353,15
3,0,9,0,0,0,2,0.990783527600714,0.00993931977242972,15
3,0,10,1,1,1,0,0.994182462550188,1.60366517185919e-15,0
3,0,10,1,1,1,1,0.994182462550188,2.92159932187022e-16,2
3,0,10,1,1,1,2,0.994182462550188,4.65472734681675e-15,3
3,0,8,0,1,1,0,0.991654910124343,0.0484889106786037,0
3,0,8,0,1,1,1,0.989868140618881,0.0846095508458603,0
3,0,8,0,1,1,2,0.986401533192133,0.0904362658527389,1
3,0,8,1,0,0,0,0.987587900742086,0.0602366369841148,4
3,0,8,1,0,0,1,0.986226931351149,0.0527122017178331,5
3,0,8,1,0,0,2,0.984955076206966,0.0414988936935218,5
3,0,8,1,1,0,0,0.989497217598928,0.0685118583061432,1
3,0,8,1,1,0,1,0.987569557551261,0.0746195152265768,2
3,0,8,1,1,0,2,0.985832522101434,0.0715036421405625,4
3,0,8,0,0,0,0,0.986139440906042,0.0387932958508064,17
3,0,8,0,0,0,1,0.985161197776208,0.0304768363552898,13
3,0,8,0,0,0,2,0.984396638745532,0.0215708115694355,19
3,0,8,0,1,0,0,0.988912934945447,0.0491554325855276,1
3,0,8,0,1,0,1,0.987162725241544,0.0545066591656449,5
3,0,8,0,1,0,2,0.985583619199457,0.0607913431013082,8
3,0,7,1,1,0,0,0.983215981526297,0.13533607149856,1
3,0,7,1,1,0,1,0.979500103841358,0.143178113541017,6
3,0,7,1,1,0,2,0.976172896917638,0.133686845664553,8
3,0,7,1,1,1,0,0.98783599519373,0.1180218987812,0
3,0,7,1,1,1,1,0.983850133548162,0.187626469909873,3
3,0,7,1,1,1,2,0.978317962441647,0.228556630640581,3
3,0,8,0,0,1,0,0.990476929671766,0.0470476480233169,0
3,0,8,0,0,1,1,0.988874132533193,0.0779640401791531,0
3,0,8,0,0,1,2,0.985837323649105,0.0686339668992376,1
3,0,2,0,1,0,0,0.810677842123712,0.868213821710444,58
3,0,2,0,1,0,1,0.782314806468472,0.869305659610027,99
3,0,2,0,1,0,2,0.757993461569512,0.87606668436961,168
3,0,2,0,1,1,0,0.860496661176561,0.974276807917165,10
3,0,2,0,1,1,1,0.82669394053932,1.3318227940944,34
3,0,2,0,1,1,2,0.773311753400846,1.43439245936631,45
3,0,7,1,0,1,0,0.986067241802315,0.0965731653789039,1
3,0,7,1,0,1,1,0.982171152337975,0.161191255837269,1
3,0,7,1,0,1,2,0.976754251934689,0.148668758757151,2
3,0,1,1,1,1,0,0.812222402436339,1.72127748169327,32
3,0,1,1,1,1,1,0.758978926848948,2.25429395322242,50
3,0,1,1,1,1,2,0.693569257062544,2.65148882430316,64
3,0,2,0,0,1,0,0.831347273908095,0.806799195127373,9
3,0,2,0,0,1,1,0.804717372631464,1.13922248410027,27
3,0,2,0,0,1,2,0.761218686516727,0.976285502288771,55
3,0,1,1,0,1,0,0.779563254376288,1.30881922629104,24
3,0,1,1,0,1,1,0.731681665531664,1.79858562621032,69
3,0,1,1,0,1,2,0.672140270852908,1.64798652683094,95
3,0,1,1,1,0,0,0.751082113058657,1.72327115203551,81
3,0,1,1,1,0,1,0.705766328684992,1.69558512298925,153
3,0,1,1,1,0,2,0.666390631877196,1.5013891964544,184
3,0,2,0,0,0,0,0.76812327075586,0.619097792460615,825
3,0,2,0,0,0,1,0.752625051639385,0.460906140930896,653
3,0,2,0,0,0,2,0.741139308171569,0.306150886753985,570
3,0,1,0,1,0,0,0.726543504253628,1.1612753104458,75
3,0,1,0,1,0,1,0.689115386918026,1.14499183890543,144
3,0,1,0,1,0,2,0.657242774769426,1.13657915745287,210
3,0,1,0,1,1,2,0.677951366513267,1.89074085238615,55
3,0,1,1,0,0,0,0.703751990810614,1.35888792217291,320
3,0,1,1,0,0,1,0.673470545654788,1.11443464524501,460
3,0,1,1,0,0,2,0.6469388877534,0.81464582701551,454
3,0,1,0,0,0,0,0.670822701429799,0.815603446702528,1367
3,0,1,0,0,0,1,0.65042696467351,0.602564709263193,1025
3,0,1,0,0,0,2,0.635426933751664,0.396268047333596,819
3,0,1,0,0,1,0,0.752911286838844,1.07949862089697,13
3,0,1,0,0,1,1,0.717637598932276,1.47971481128608,53
3,0,1,0,0,1,2,0.661322982875379,1.2635111964899,89
3,0,1,0,1,1,0,0.793420299570275,1.32493232584391,22
3,0,1,0,1,1,1,0.747888626487272,1.75194979215837,48
3,0,-2,1,1,1,0,0.530407141179605,2.91295975266266,11
3,0,-2,1,1,1,1,0.448000728464448,3.23425958971873,11
3,0,-2,1,1,1,2,0.358277841547638,3.5546312447154,32
3,0,-1,0,0,0,0,0.433619928229302,1.09657205340182,1561
3,0,-1,0,0,0,1,0.406296705046337,0.78850186955325,1127
3,0,-1,0,0,0,2,0.386740531753184,0.500118476121931,853
3,0,0,1,1,1,0,0.732406237917247,2.2290616818605,36
3,0,0,1,1,1,1,0.664771035235612,2.80547520855618,54
3,0,0,1,1,1,2,0.583873053825047,3.26575420473194,72
3,0,-2,1,0,0,0,0.368321009498755,1.87045262066852,213
3,0,-2,1,0,0,1,0.327036906407718,1.46030101755253,290
3,0,-2,1,0,0,2,0.292622034519087,1.00659781677974,257
3,0,-2,1,1,0,0,0.437128156824614,2.5731389156636,50
3,0,-2,1,1,0,1,0.372801453360301,2.33482974853549,95
3,0,-2,1,1,0,2,0.318608424604636,1.94584993596563,106
3,0,-2,0,0,0,0,0.322761935112552,1.06566514972837,1019
3,0,-2,0,0,0,1,0.296280897382146,0.748373140751562,754
3,0,-2,0,1,0,0,0.392928057822814,1.67312262755114,56
3,0,-2,0,1,0,1,0.343357344497666,1.4918199873813,70
3,0,-2,0,1,0,2,0.30310815830261,1.34090248137456,97
3,0,-2,0,1,1,0,0.489992354666551,2.10507301301431,9
3,0,-2,0,1,1,1,0.422204499861469,2.31653296220035,19
3,0,-2,0,1,1,2,0.333820465439739,2.45999788555542,20
3,0,-2,1,0,1,0,0.468232123486727,2.12880232846956,20
3,0,-2,1,0,1,1,0.399679731187875,2.32490152959318,37
3,0,-2,1,0,1,2,0.324776238300513,2.10103409542783,52
3,0,-3,1,1,1,0,0.424204230966946,2.89922770649714,11
3,0,-3,1,1,1,1,0.345202326235269,3.02527810957612,15
3,0,-3,1,1,1,2,0.263425304542293,3.17984854542642,13
3,0,-2,0,0,0,2,0.277773788406566,0.46009769870615,566
3,0,-2,0,0,1,0,0.420709870215957,1.60177811544919,4
3,0,-2,0,0,1,1,0.372980583260339,1.76903034946695,23
3,0,-2,0,0,1,2,0.307146333000981,1.46760145789146,47
3,0,-3,1,0,1,0,0.360515470192905,2.0580621574129,11
3,0,-3,1,0,1,1,0.297168161756013,2.07472275698557,19
3,0,-3,1,0,1,2,0.231667947118862,1.82994686988234,28
3,0,-3,1,1,0,0,0.334891891218322,2.42003112526138,39
3,0,-3,1,1,0,1,0.275607109795688,2.11147874543318,54
3,0,-3,1,1,0,2,0.226666203886257,1.70394808805542,51
3,0,-8,0,0,1,0,0.0415554261920641,0.383391607982956,1
3,0,-8,0,0,1,1,0.0317882219089223,0.289100737494248,3
3,0,-8,0,0,1,2,0.0219302342971487,0.203239307608769,2
3,0,-8,0,1,0,0,0.0382099586128015,0.377257621069633,3
3,0,-8,0,1,0,1,0.0283084858863616,0.265709504823371,2
3,0,-8,0,1,0,2,0.0215082795767646,0.189707598096122,3
3,0,-5,1,1,0,0,0.174520645508071,1.70049469730694,12
3,0,-5,1,1,0,1,0.134101284059227,1.3725246615878,12
3,0,-5,1,1,0,2,0.102335676867636,1.03703638575489,25
3,0,-3,1,0,0,0,0.270956115200364,1.69066566013867,138
3,0,-3,1,0,0,1,0.233727438479862,1.28566533113643,153
3,0,-3,1,0,0,2,0.20353069485631,0.859031205568261,177
3,0,-9,1,1,0,0,0.0325792754136289,0.437316239092583,0
3,0,-9,1,1,0,1,0.0225594766655133,0.307239981641833,1
3,0,-9,1,1,1,0,0.0504099166140323,0.681659946222743,0
3,0,-9,1,1,1,1,0.0340510756696469,0.531591291145638,1
3,0,-9,1,1,1,2,0.0210955678680773,0.428707571706434,0
3,0,-8,0,0,0,0,0.0258758998627332,0.197928460806121,31
3,0,-8,0,0,0,1,0.0210000552231327,0.120536171787477,21
3,0,-8,0,0,0,2,0.018042871089126,0.0630879219209873,17
3,0,-9,1,0,0,0,0.0219014128466121,0.253506498887702,3
3,0,-9,1,0,0,1,0.0163098387949502,0.164727265822675,1
3,0,-9,1,0,0,2,0.0125004511722537,0.092584562833557,5
3,0,-9,1,0,1,0,0.0351862937492086,0.401981492599523,0
3,0,-9,1,0,1,1,0.0243482758006686,0.306414857697542,0
3,0,-9,1,0,1,2,0.0158806648597922,0.21596534758262,2
3,0,-9,1,1,0,2,0.0154405516154118,0.204977804249613,0
3,0,-9,0,0,0,0,0.0159887522357274,0.125938220814991,12
3,0,-9,0,0,0,1,0.0128912159380383,0.0747954911903662,8
3,0,-9,0,0,0,2,0.0110573018595808,0.038034351437841,8
3,0,-9,0,0,1,0,0.0257588173043482,0.252311506111127,0
3,0,-9,0,0,1,1,0.0194446590197953,0.181709260411802,0
3,0,-9,0,0,1,2,0.0133861493320201,0.122746381363087,2
3,0,-9,0,1,0,0,0.0237832514969536,0.246866541440606,0
3,0,-9,0,1,0,1,0.017397771137458,0.167463436798461,1
3,0,-9,0,1,0,2,0.0131450006253804,0.114948304440255,0
3,0,-9,0,1,1,0,0.0374809216947469,0.413809827015525,0
3,0,-9,0,1,1,1,0.0265139625668607,0.318282809501091,0
3,0,-9,0,1,1,2,0.016714615074859,0.251318995078112,1
3,0,-10,1,1,1,0,0.0321537564794134,0.450306328439936,0
3,0,-10,1,1,1,1,0.0215178486788145,0.334645206567228,0
3,0,-10,1,1,1,2,0.0135117398994329,0.255795256619869,0
2,1,9,1,1,0,0,0.96554524254898,0.425914526955407,0
2,1,9,1,1,0,1,0.975351763710465,0.305363263283705,1
2,1,9,1,1,0,2,0.982427375550942,0.207974325075068,1
2,1,9,1,1,1,0,0.948323457779357,0.650255719485911,0
2,1,9,1,1,1,1,0.964065158886325,0.51924956958935,0
2,1,9,1,1,1,2,0.976822474639492,0.429782449756614,1
2,1,10,0,0,0,0,0.987739512607719,0.07727023031566,1
2,1,10,0,0,0,1,0.989636814579815,0.0450462602494149,0
2,1,10,0,0,0,2,0.990740006491305,0.0222955541123753,0
2,1,9,0,1,0,2,0.984707742104578,0.118643706747516,1
2,1,9,0,1,1,0,0.960521085028491,0.399365985898089,0
2,1,9,0,1,1,1,0.971241300168825,0.31489829924807,0
2,1,9,1,0,0,0,0.976020060428052,0.251021843296677,0
2,1,9,1,0,0,1,0.981553802688813,0.165830234427305,2
2,1,9,1,0,0,2,0.985394817955764,0.095049512101406,1
2,1,9,1,0,1,0,0.962867421971972,0.389510413496298,0
2,1,9,1,0,1,1,0.973463813800888,0.303539610790887,0
2,1,9,1,0,1,2,0.981966056028674,0.219498702703723,0
2,1,9,0,0,1,0,0.971995283416684,0.247565124778376,0
2,1,9,0,0,1,1,0.978256645196208,0.183183719626384,0
2,1,9,0,0,1,2,0.984450598319802,0.126928571013408,0
2,1,9,0,1,0,0,0.974064196799831,0.243060204261251,1
2,1,9,0,1,0,1,0.980405098831553,0.168640337221324,1
2,1,9,0,1,1,2,0.981102158819134,0.255760829651749,0
2,1,8,1,0,1,0,0.943074872736463,0.565084295827015,0
2,1,8,1,0,1,1,0.958695603896035,0.456954460137002,0
2,1,8,1,0,1,2,0.971786884920325,0.343399141802394,0
2,1,8,1,1,0,0,0.947355796981202,0.623865549042168,0
2,1,8,1,1,0,1,0.961846530802813,0.46201734225579,0
2,1,8,1,1,0,2,0.972547586206585,0.324370245553699,0
2,1,8,1,1,1,0,0.922444029408981,0.920237204004611,0
2,1,8,1,1,1,1,0.945044162252379,0.764935365944474,0
2,1,8,1,1,1,2,0.964106396558884,0.659132754787318,0
2,1,9,0,0,0,0,0.981901518589701,0.126089234742979,4
2,1,9,0,0,0,1,0.985004912281461,0.0760593154451635,3
2,1,9,0,0,0,2,0.986870535661327,0.0393805587670513,1
2,1,6,1,1,0,0,0.883534815355454,1.17913626993749,0
2,1,6,1,1,0,1,0.911392810150552,0.927920237768456,0
2,1,6,1,1,0,2,0.93287666082543,0.68729441397531,2
2,1,8,1,0,0,0,0.962882323170671,0.377513125246413,0
2,1,8,1,0,0,1,0.971198702122996,0.255704608939448,1
2,1,8,1,0,0,2,0.977138568118685,0.150828873016325,2
2,1,3,0,0,0,0,0.782952755809082,0.822630487302339,323
2,1,3,0,0,0,1,0.803353398039559,0.562234123565873,223
2,1,3,0,0,0,2,0.817227233924072,0.335250841398506,169
2,1,6,1,0,1,0,0.874082989901691,1.04787222350375,0
2,1,6,1,0,1,1,0.904001372378124,0.910932965919399,1
2,1,6,1,0,1,2,0.931121574676978,0.731297421686844,1
2,1,2,1,0,0,0,0.661683727287316,1.64561757666397,137
2,1,2,1,0,0,1,0.698009297007826,1.27353703776834,182
2,1,2,1,0,0,2,0.728009045660831,0.870328189707533,156
2,1,2,1,1,0,0,0.600626872636445,2.29346526504879,36
2,1,2,1,1,0,1,0.657679646856737,2.0530141790564,64
2,1,2,1,1,0,2,0.7053078209002,1.69308409940517,70
2,1,2,1,1,1,0,0.516670755879085,2.65201011822496,4
2,1,2,1,1,1,1,0.590839042369997,2.87585935244749,11
2,1,2,1,1,1,2,0.670211144321446,3.11595564884309,22
2,1,2,0,1,1,0,0.554999164480694,1.88958732262759,10
2,1,2,0,1,1,1,0.615184263083903,2.0343370034537,20
2,1,2,0,1,1,2,0.692314286590248,2.13427513465702,19
2,1,2,1,0,1,0,0.573694119521155,1.90827630150259,5
2,1,2,1,0,1,1,0.634523316312712,2.03761219629205,14
2,1,2,1,0,1,2,0.699994078878929,1.82698939734491,29
2,1,1,1,1,1,0,0.419566380479317,2.53691812710486,17
2,1,1,1,1,1,1,0.492724970598959,2.89750642778258,25
2,1,1,1,1,1,2,0.574296790604897,3.24069032043216,37
2,1,2,0,0,0,0,0.70164313012015,0.931674199063772,648
2,1,2,0,0,0,1,0.724787720209263,0.649803452175787,470
2,1,2,0,0,0,2,0.740852693019116,0.39707530052926,339
2,1,2,0,0,1,0,0.616458790533145,1.41886089743858,0
2,1,2,0,0,1,1,0.658410484106286,1.53689987880788,6
2,1,2,0,0,1,2,0.715513812106704,1.26752952351738,21
2,1,2,0,1,0,0,0.640424726321095,1.47783468413911,30
2,1,2,0,1,0,1,0.683957482095486,1.30124058777203,47
2,1,2,0,1,0,2,0.71899025321301,1.15843235977829,60
2,1,-1,1,1,0,0,0.310702960339775,1.82222637122331,82
2,1,-1,1,1,0,1,0.357981960945341,1.7535860833379,174
2,1,-1,1,1,0,2,0.398697699536245,1.52796531538465,235
2,1,0,0,0,0,0,0.500006850466794,0.940332110798335,5304
2,1,0,0,0,0,1,0.523453405128431,0.678421773803315,3779
2,1,0,0,0,0,2,0.540292115476556,0.432973806681765,2846
2,1,-1,1,0,1,0,0.282832010067893,1.41381297138487,38
2,1,-1,1,0,1,1,0.332901394249194,1.8280351028041,80
2,1,-1,1,0,1,2,0.393094273400303,1.67043455834561,119
2,1,-1,1,1,1,0,0.245559052184118,1.88692965954095,33
2,1,-1,1,1,1,1,0.302512516832077,2.34828993036723,69
2,1,-1,1,1,1,2,0.370138257492551,2.72297492778691,90
2,1,-1,0,0,1,0,0.312544392211433,1.133858673232,5
2,1,-1,0,0,1,1,0.348864075486049,1.47741859438554,45
2,1,-1,0,0,1,2,0.40480282258605,1.25283272227076,90
2,1,-1,0,1,1,0,0.268018406667091,1.42341519494112,26
2,1,-1,0,1,1,1,0.316132151838862,1.78518491060861,51
2,1,-1,0,1,1,2,0.386902741663232,1.92568996385665,56
2,1,-1,1,0,0,0,0.360391323705156,1.40533174656999,314
2,1,-1,1,0,0,1,0.391632977104005,1.13751140108847,427
2,1,-1,1,0,0,2,0.418646398256896,0.81931467166893,455
2,1,-2,1,1,1,0,0.177763568024603,1.48855603155873,12
2,1,-2,1,1,1,1,0.223429588691866,1.9154199332693,32
2,1,-2,1,1,1,2,0.278889694978907,2.24213734952096,48
2,1,-1,0,0,0,0,0.394481439906934,0.832118631846219,1245
2,1,-1,0,0,0,1,0.415257677315903,0.606968002454957,992
2,1,-1,0,0,0,2,0.430343628296854,0.392868391706285,845
2,1,-1,0,1,0,0,0.338146341439821,1.21476124683529,83
2,1,-1,0,1,0,1,0.376475764591429,1.16709510833178,160
2,1,-1,0,1,0,2,0.408714326085475,1.13093940911659,232
2,1,-2,1,0,0,0,0.270477337024208,1.15160454499595,154
2,1,-2,1,0,0,1,0.296121839516618,0.940154543138401,206
2,1,-2,1,0,0,2,0.318487721162264,0.68382757014104,246
2,1,-2,1,0,1,0,0.206419734368182,1.12514215551071,13
2,1,-2,1,0,1,1,0.247159575064577,1.51585202178479,48
2,1,-2,1,0,1,2,0.297264817929565,1.38731746243069,83
2,1,-2,1,1,0,0,0.230150744734528,1.47176636402574,45
2,1,-2,1,1,0,1,0.26868050752484,1.43706984213165,70
2,1,-2,1,1,0,2,0.302048241030955,1.26541145117037,100
2,1,-4,0,1,1,0,0.0931426969649825,0.623753524703494,2
2,1,-4,0,1,1,1,0.114812467527389,0.857023393209947,7
2,1,-4,0,1,1,2,0.149179027515783,0.92269312881799,13
2,1,-4,1,0,1,0,0.0995851374447185,0.613677012332453,4
2,1,-4,1,0,1,1,0.122573220236622,0.881853088463808,15
2,1,-4,1,0,1,2,0.151871264008546,0.808364361734472,21
2,1,-4,1,1,0,0,0.113929302632284,0.820868100322391,17
2,1,-4,1,1,0,1,0.135725466558564,0.82036118129989,25
2,1,-4,1,1,0,2,0.154772845318433,0.734147279580758,38
2,1,-8,1,1,0,0,0.023013887004567,0.123171600775215,0
2,1,-8,1,1,0,1,0.026471099852568,0.133732690262814,1
2,1,-8,1,1,0,2,0.0295859118035328,0.127928079876271,2
2,1,-8,1,1,1,0,0.0188091488515556,0.101084177074475,0
2,1,-8,1,1,1,1,0.0223749886255766,0.176474281946271,0
2,1,-8,1,1,1,2,0.0275930317790873,0.217440952892385,1
2,1,-4,1,0,0,0,0.136599540513016,0.657179122302881,33
2,1,-4,1,0,0,1,0.151272508700323,0.543677306019923,45
2,1,-4,1,0,0,2,0.164241583669563,0.401288772207047,75
2,1,-8,0,1,1,0,0.0191396156378332,0.0874799880893158,0
2,1,-8,0,1,1,1,0.0223615877651809,0.151123766069814,1
2,1,-8,0,1,1,2,0.0285488684963217,0.162334410095711,0
2,1,-8,1,0,1,0,0.0201049250124729,0.0862486364870661,0
2,1,-8,1,0,1,1,0.0237083677727963,0.155726702134059,0
2,1,-8,1,0,1,2,0.028986868746743,0.143131719442946,1
2,1,-9,1,1,1,2,0.0190556412094374,0.0932109565501818,0
2,1,-8,0,0,1,0,0.0213290596028955,0.0843758799708665,0
2,1,-8,0,0,1,1,0.0242002164971152,0.138697740828011,0
2,1,-8,0,0,1,2,0.0295972221793267,0.122133806887794,1
2,1,-8,0,1,0,0,0.0240939497669747,0.0882222848594444,0
2,1,-8,0,1,0,1,0.0272232325630052,0.0975581305153655,1
2,1,-8,0,1,0,2,0.0300442447769651,0.108308019907962,2
2,1,-8,1,0,0,0,0.026439090939024,0.10803581985826,1
2,1,-8,1,0,0,1,0.0288776391833307,0.0944240009298672,3
2,1,-8,1,0,0,2,0.0311541324661733,0.0742328869328776,3
2,1,-10,0,0,0,0,0.0145255206723009,3.88711789174001e-17,1
2,1,-10,0,0,0,1,0.0145255206723009,9.85100571963791e-17,0
2,1,-10,0,0,0,2,0.0145255206723009,7.53358918442898e-17,3
2,1,-9,1,1,1,0,0.015465431722862,0.0353357640033243,0
2,1,-9,1,1,1,1,0.0167562168128593,0.0758928072127301,0
2,1,-8,0,0,0,0,0.029043226335851,0.0694097219278048,6
2,1,-8,0,0,0,1,0.0307927277151373,0.0544305108972592,6
2,1,-8,0,0,0,2,0.0321576092972787,0.0384062762150117,8
2,0,10,1,0,1,0,0.991276923221335,1.96671503772182e-15,0
2,0,10,1,0,1,1,0.991276923221335,6.03065413846604e-16,1
2,0,10,1,0,1,2,0.991276923221335,4.77505545321047e-15,1
2,0,10,1,1,1,0,0.991276923221335,2.65252927804409e-15,1
2,0,10,1,1,1,1,0.991276923221335,3.73816991885362e-16,1
2,0,10,1,1,1,2,0.991276923221335,3.09733124078079e-15,0
2,0,10,0,1,1,0,0.991276923221335,3.45249731071214e-15,0
2,0,10,0,1,1,1,0.991276923221335,2.00292358343173e-15,0
2,0,10,0,1,1,2,0.991276923221335,5.60209999899567e-15,0
2,0,10,1,0,0,0,0.991276923221335,4.08518474281369e-15,0
2,0,10,1,0,0,1,0.991276923221335,4.25411718814215e-15,0
2,0,10,1,0,0,2,0.991276923221335,4.93396672948166e-15,2
2,0,10,1,1,0,0,0.991276923221335,2.1956958124903e-15,2
2,0,10,1,1,0,1,0.991276923221335,4.94533999678188e-15,0
2,0,10,1,1,0,2,0.991276923221335,3.07945154980758e-15,0
2,0,10,0,0,0,0,0.991276923221335,4.14804348443326e-15,1
2,0,10,0,0,0,1,0.991276923221335,3.43429345620225e-15,1
2,0,10,0,0,0,2,0.991276923221335,3.17974378873774e-15,3
2,0,10,0,1,0,0,0.991276923221335,2.50287434625325e-15,0
2,0,10,0,1,0,1,0.991276923221335,6.15965694461163e-15,0
2,0,10,0,1,0,2,0.991276923221335,5.44452476250285e-15,1
2,0,9,1,0,0,0,0.988516702528476,0.0307202636174487,2
2,0,9,1,0,0,1,0.987807718421421,0.0276325055418457,1
2,0,9,1,0,0,2,0.987128678819612,0.022474128589156,8
2,0,9,1,1,0,0,0.989482697646699,0.0333055929944455,1
2,0,9,1,1,0,1,0.988501212845437,0.0386547604630571,0
2,0,9,1,1,0,2,0.987613188319896,0.0385652835499692,0
2,0,9,1,1,1,0,0.990622402225991,0.0246065831579318,0
2,0,9,1,1,1,1,0.989723544891166,0.0528490815026179,0
2,0,9,1,1,1,2,0.98812230662094,0.0649088315556647,0
2,0,10,0,0,1,0,0.991276923221335,1.53404600271863e-15,0
2,0,10,0,0,1,1,0.991276923221335,7.45378745571208e-16,0
2,0,10,0,0,1,2,0.991276923221335,3.7387225275622e-15,1
2,0,7,1,1,1,0,0.983254083083062,0.147385638927953,1
2,0,7,1,1,1,1,0.978300981452815,0.231734345254928,2
2,0,7,1,1,1,2,0.971474992854282,0.282077978751744,1
2,0,9,1,0,1,0,0.990579061494716,0.0238539316441449,1
2,0,9,1,0,1,1,0.989573684699969,0.0502597921722404,0
2,0,9,1,0,1,2,0.987834453908666,0.0445834455804767,0
2,0,7,1,0,0,0,0.972817973714097,0.141936957856719,2
2,0,7,1,0,0,1,0.969630546548743,0.121238547434385,6
2,0,7,1,0,0,2,0.966723267426519,0.0925572034235808,14
2,0,7,1,0,1,0,0.981006594106749,0.120136633765843,1
2,0,7,1,0,1,1,0.976183280333355,0.198362032227641,1
2,0,7,1,0,1,2,0.969524523405928,0.183163893276424,0
2,0,7,1,1,0,0,0.977526300428163,0.167881189842185,0
2,0,7,1,1,0,1,0.972929317142836,0.177017453279467,1
2,0,7,1,1,0,2,0.968814879219644,0.164899692623466,6
2,0,3,1,0,1,0,0.887096465320739,0.715758253377638,5
2,0,3,1,0,1,1,0.860291624475264,1.0273171029945,29
2,0,3,1,1,1,0,0.904238721413384,0.933088155030898,4
2,0,3,1,1,1,1,0.874873125728898,1.26758927581723,15
2,0,3,1,1,1,2,0.837929148139171,1.5020992233415,23
2,0,3,0,1,1,0,0.894599112094935,0.727552883766859,5
2,0,3,0,1,1,1,0.869331068373954,0.998429843995934,18
2,0,3,0,1,1,2,0.829295643776135,1.07455405601422,21
2,0,3,1,0,0,0,0.843961391426861,0.76583813149506,78
2,0,3,1,0,0,1,0.826861282385527,0.633289845077544,127
2,0,3,1,0,0,2,0.811754795227354,0.467347985478429,144
2,0,3,1,0,1,2,0.826160238345036,0.941389333924983,51
2,0,3,1,1,0,0,0.870386156257217,0.957233530724695,17
2,0,3,1,1,0,1,0.844972293189669,0.955751221230164,34
2,0,3,1,1,0,2,0.822780500517419,0.854948153586814,68
2,0,1,0,1,0,2,0.644502291876368,1.08763987676469,222
2,0,3,0,0,0,0,0.825439103118827,0.463967887319765,303
2,0,3,0,0,0,1,0.81382272371509,0.34569921952412,239
2,0,3,0,0,0,2,0.805206832745792,0.229893884419593,224
2,0,3,0,1,0,0,0.857355453977824,0.649528413223041,20
2,0,3,0,1,0,1,0.836100916351153,0.651469904073169,54
2,0,3,0,1,0,2,0.817862896368899,0.657673834923777,97
2,0,1,0,0,1,0,0.736461042627352,1.05806286006702,14
2,0,1,0,0,1,1,0.702191486936921,1.41810128254999,48
2,0,1,0,0,1,2,0.648343820703941,1.20723635099545,99
2,0,1,0,1,0,0,0.711498158444415,1.13604514940951,87
2,0,1,0,1,0,1,0.67522380417912,1.10742975804882,154
2,0,3,0,0,1,0,0.872909180060206,0.60378637168992,5
2,0,3,0,0,1,1,0.852963160098896,0.855303135237052,19
2,0,3,0,0,1,2,0.820292613540441,0.733160462669607,47
2,0,0,1,0,1,0,0.676387722786501,1.6093284565521,64
2,0,0,1,0,1,1,0.619905284171857,2.04828993274082,118
2,0,0,1,0,1,2,0.552567566566572,1.87141873276776,164
2,0,0,1,1,0,0,0.645496889172467,2.06111670566399,224
2,0,0,1,1,0,1,0.592195057907401,1.97389774295585,336
2,0,0,1,1,0,2,0.546361770768473,1.71383422931664,386
2,0,0,1,1,1,0,0.719236298479295,2.15084846300066,67
2,0,0,1,1,1,1,0.654689096175169,2.6476802951617,100
2,0,0,1,1,1,2,0.578633883442451,3.05974629092881,123
2,0,1,0,0,0,0,0.657801490961255,0.789159402558001,1280
2,0,1,0,0,0,1,0.638080803485913,0.57974259967512,989
2,0,1,0,0,0,2,0.623658945493577,0.378598250569517,837
2,0,0,0,1,0,0,0.614026788674506,1.37150289201924,218
2,0,0,0,1,0,1,0.57099991983915,1.3093657656819,328
2,0,0,1,0,0,0,0.58938759219926,1.58189642739602,1043
2,0,0,1,0,0,1,0.554246513646395,1.27677102152653,1174
2,0,0,1,0,0,2,0.523947926580689,0.916402522354087,1154
2,0,0,0,0,0,0,0.550985683486762,0.933568939456991,4327
2,0,0,0,0,0,1,0.527686890254157,0.678847730182474,2958
2,0,0,0,0,0,2,0.510822147388333,0.437485103417044,2239
2,0,0,0,0,1,0,0.642339409916943,1.28239717255938,14
2,0,0,0,0,1,1,0.601505394550938,1.64755127341054,78
2,0,0,0,0,1,2,0.539215931060375,1.39501225539951,159
2,0,0,0,1,0,2,0.534908191884697,1.26069454669204,352
2,0,0,0,1,1,0,0.693294283972347,1.61737869633156,54
2,0,0,0,1,1,1,0.63885569462318,2.00221077565404,71
2,0,0,0,1,1,2,0.559642395924098,2.1615073861418,83
2,0,-3,1,1,1,0,0.429909382779232,2.70945577307475,4
2,0,-3,1,1,1,1,0.355614974493114,2.84570772160679,8
2,0,-3,1,1,1,2,0.278219552055701,3.01018372349824,13
2,0,-1,1,1,0,0,0.544869918324642,2.31733054823523,84
2,0,-1,1,1,0,1,0.485815035278301,2.16671855042234,129
2,0,-1,1,1,0,2,0.435508426878,1.84783485038994,155
2,0,-1,1,1,1,0,0.628350423583472,2.51061156956277,16
2,0,-1,1,1,1,1,0.554958254944672,2.94214703788082,37
2,0,-1,1,1,1,2,0.471556209979641,3.33225295922108,43
2,0,-3,1,1,0,0,0.345899482205503,2.27557465928316,21
2,0,-3,1,1,0,1,0.289914939890471,1.99522718966676,43
2,0,-3,1,1,0,2,0.243657299207244,1.61754040057819,30
2,0,-3,0,1,0,0,0.305232115336767,1.44985398307936,15
2,0,-3,0,1,0,1,0.263240743245619,1.24594029111892,25
2,0,-3,0,1,0,2,0.229925962910749,1.08201388601461,32
2,0,-3,0,1,1,0,0.38886265728551,1.90377274234532,11
2,0,-3,0,1,1,1,0.329370958001046,1.97693349042845,17
2,0,-3,0,1,1,2,0.255870641239583,2.03434065560026,10
2,0,-3,1,0,0,0,0.285709436907511,1.59889894458209,102
2,0,-3,1,0,0,1,0.250466190134421,1.22027653716687,106
2,0,-3,1,0,0,2,0.221777585105326,0.820063363256114,102
2,0,-3,1,0,1,0,0.370727936013657,1.92297660208493,9
2,0,-3,1,0,1,1,0.310947073946181,1.96587783949969,7
2,0,-3,1,0,1,2,0.248516030703571,1.73996341392343,17
2,0,-7,1,0,1,0,0.0989259993582561,0.888581555476626,0
2,0,-7,1,0,1,1,0.0739006140858829,0.750094955495783,0
2,0,-7,1,0,1,2,0.0518929163114764,0.587603423016784,0
2,0,-7,1,1,0,0,0.0914539975438541,0.991939434359264,2
2,0,-7,1,1,0,1,0.0681820256492918,0.762593864375943,1
2,0,-7,1,1,0,2,0.0505263345040442,0.553379318884693,4
2,0,-7,0,1,0,0,0.0720752984673678,0.58708583027938,2
2,0,-7,0,1,0,1,0.0562694741830654,0.438983153649164,2
2,0,-7,0,1,0,2,0.044893155858079,0.333217495308003,4
2,0,-7,0,1,1,0,0.105215729032045,0.898594764068268,2
2,0,-7,0,1,1,1,0.0799518595654556,0.773118967711719,2
2,0,-7,0,1,1,2,0.054271628782301,0.685684555228752,1
2,0,-7,1,0,0,0,0.066423715466219,0.618943580693939,13
2,0,-7,1,0,0,1,0.0528005272796205,0.430977241160024,11
2,0,-7,1,0,0,2,0.0427605696898557,0.261947169820637,6
2,0,-9,0,0,1,0,0.0328446087180825,0.285377449240256,0
2,0,-9,0,0,1,1,0.0256102257197519,0.212609780781092,0
2,0,-9,0,0,1,2,0.0184038391868185,0.148076655635608,0
2,0,-7,0,0,0,0,0.051729932276476,0.322539101924574,36
2,0,-7,0,0,0,1,0.0437680422784775,0.204214337764224,19
2,0,-7,0,0,0,2,0.0387512100787588,0.111696790340728,17
2,0,-7,0,0,1,0,0.078189119675922,0.590171368877542,0
2,0,-7,0,0,1,1,0.0626683869879577,0.481247254733803,0
2,0,-7,0,0,1,2,0.0456980368486186,0.358823706749002,1
2,0,-10,1,1,1,0,0.0396541537251909,0.50627942559444,0
2,0,-10,1,1,1,1,0.0275951449513263,0.38815847579231,1
2,0,-10,1,1,1,2,0.018236668854158,0.306503925174203,1
2,0,-9,0,0,0,0,0.0213424474745047,0.146043662302697,7
2,0,-9,0,0,0,1,0.0177470295030814,0.0884218051524795,6
2,0,-9,0,0,0,2,0.0155781516104747,0.0459539393479287,4
2,0,-9,0,1,0,0,0.0304268322273056,0.280367191821795,1
2,0,-9,0,1,0,1,0.0230987517310162,0.195646978747943,1
2,0,-9,0,1,0,2,0.0181021945401991,0.138370841305552,1
2,0,-10,1,0,0,0,0.0187874024469885,0.182977533169571,1
2,0,-10,1,0,0,1,0.0147533559100223,0.11732242883489,1
2,0,-10,1,0,0,2,0.0120469628509073,0.0646988188324293,0
2,0,-10,1,0,1,0,0.028335725522658,0.296286151224221,0
2,0,-10,1,0,1,1,0.0204406069035363,0.221801659913969,0
2,0,-10,1,1,0,0,0.0265566771033213,0.320004413190346,0
2,0,-10,1,1,0,1,0.0192703006627666,0.221300022729211,1
2,0,-10,1,1,0,2,0.0141422440816019,0.145160403686261,0
2,0,-10,0,1,0,0,0.0200537623466465,0.179401830217253,1
2,0,-10,0,1,0,1,0.0154683659309282,0.119156909131039,2
2,0,-10,0,1,0,2,0.0124628799910589,0.0793605891880483,1
2,0,-10,0,1,1,0,0.0299922078528062,0.30562361585194,0
2,0,-10,0,1,1,1,0.0219819820488292,0.230836345405188,0
2,0,-10,0,1,1,2,0.0150372051292144,0.177889342668768,0
2,0,-10,1,0,1,2,0.0144350754979014,0.152452570105618,0
1,1,10,1,1,1,0,0.959104090590979,0.485372851917547,0
1,1,10,1,1,1,1,0.97073380311723,0.379115230226787,0
1,1,10,1,1,1,2,0.979922577891878,0.305374276988888,0
2,0,-10,0,0,0,0,0.0145255206723009,0.0899073960286854,6
2,0,-10,0,0,0,1,0.0123173702222381,0.0525880099926703,4
2,0,-10,0,0,0,2,0.0110295297583274,0.0261166128591532,3
2,0,-10,0,0,1,0,0.0213657713962387,0.18428876710101,0
2,0,-10,0,0,1,1,0.0168187066324388,0.129105767340496,1
2,0,-10,0,0,1,2,0.0126161908444427,0.0843669980199935,1
1,1,8,1,1,0,0,0.938551511270614,0.668070494987877,0
1,1,8,1,1,0,1,0.954158338199968,0.504578330412893,0
1,1,8,1,1,0,2,0.965846408039425,0.360932528840943,0
1,1,10,1,1,0,0,0.971776215359011,0.311659586721033,0
1,1,10,1,1,0,1,0.978896278187817,0.218954056442759,0
1,1,10,1,1,0,2,0.983969228030804,0.145940445759127,0
1,1,8,1,0,0,0,0.95529530854452,0.411105173111439,0
1,1,8,1,0,0,1,0.964349807884345,0.282723999717708,0
1,1,8,1,0,0,2,0.970927205128356,0.169718850818652,0
1,1,8,1,0,1,0,0.933708687355143,0.601331533230613,0
1,1,8,1,0,1,1,0.950514831346088,0.497396754513979,0
1,1,8,1,0,1,2,0.964972332398756,0.382815476713576,0
1,1,8,1,1,1,0,0.912097249906925,0.964168897524247,0
1,1,8,1,1,1,1,0.936019673083891,0.820931748129712,0
1,1,8,1,1,1,2,0.956670194032658,0.725218893750923,0
1,1,8,0,0,1,0,0.947745990281086,0.394945469407651,0
1,1,8,0,0,1,1,0.958043885133672,0.314870723404547,0
1,1,8,0,0,1,2,0.969063317577005,0.231445964989499,0
1,1,8,0,1,0,0,0.951661319036952,0.391792804814992,0
1,1,8,0,1,0,1,0.962137221664836,0.287855537515796,0
1,1,8,0,1,1,0,0.929618570272711,0.610249208851822,0
1,1,8,0,1,1,1,0.946585320696452,0.513357178851249,0
1,1,8,0,1,1,2,0.963430944096052,0.446580432278197,0
1,1,4,0,1,0,0,0.78989007281673,1.11795205526213,0
1,1,4,0,1,0,1,0.821622340737285,0.926147919641341,0
1,1,4,0,1,0,2,0.846187808089008,0.778062045435613,0
1,1,4,1,0,0,0,0.803726492463135,1.21763669083041,0
1,1,4,1,0,0,1,0.830550102290023,0.90756787679201,0
1,1,4,1,0,0,2,0.851839214705086,0.594871726274829,0
1,1,4,1,0,1,0,0.739208294063154,1.54082175819328,0
1,1,4,1,0,1,1,0.785706387076069,1.48468869442628,0
1,1,4,1,0,1,2,0.832107385519366,1.28015403223633,0
1,1,8,0,1,0,2,0.969573611022382,0.215167567739738,0
1,1,4,0,0,1,0,0.774509997246342,1.09531719015368,0
1,1,4,0,0,1,1,0.805336009872128,1.05578779485304,0
1,1,4,0,0,1,2,0.844028391254983,0.846125980595572,0
1,1,4,0,1,1,0,0.725778873178464,1.53168202865546,0
1,1,4,0,1,1,1,0.772259875093759,1.50656098685538,0
1,1,4,0,1,1,2,0.82676248115544,1.49580004246852,0
1,1,2,0,0,0,0,0.689698445011051,0.878888301792415,0
1,1,2,0,0,0,1,0.711537259278694,0.613568363386384,0
1,1,2,0,0,0,2,0.726710977060016,0.375803603421607,0
1,1,2,0,1,0,0,0.631866628187162,1.39099355120887,0
1,1,2,0,1,0,1,0.672951691469232,1.22691130618027,0
1,1,2,0,1,0,2,0.706020515366943,1.09561074215248,0
1,1,4,0,0,0,0,0.83308744246519,0.668204176671903,0
1,1,4,0,0,0,1,0.849644158331765,0.450294682637301,0
1,1,4,0,0,0,2,0.860746231315645,0.264480378779653,0
1,1,1,1,0,0,0,0.559956037916292,1.58923571983078,0
1,1,1,1,0,0,1,0.59512647789771,1.25053969610429,0
1,1,1,1,0,0,2,0.624672985198174,0.871997806750551,0
1,1,1,1,1,0,0,0.502017717758332,2.157721189183,0
1,1,1,1,1,0,1,0.556517839581406,1.9825096167057,0
1,1,1,1,1,0,2,0.602528259850958,1.66870637036645,0
1,1,1,1,1,1,0,0.423648981350189,2.40098623861132,0
1,1,1,1,1,1,1,0.492652353424107,2.7225669470958,0
1,1,1,1,1,1,2,0.569217267798156,3.03404512204872,0
1,1,2,0,0,1,0,0.609053836269449,1.33316658360264,0
1,1,2,0,0,1,1,0.648613254044464,1.45433569388951,0
1,1,2,0,0,1,2,0.702699437776755,1.19977910580537,0
1,1,1,0,1,1,0,0.456387755627401,1.74181614950062,0
1,1,1,0,1,1,1,0.51316804406978,1.97295611548257,0
1,1,1,0,1,1,2,0.589659877585575,2.1042944894214,0
1,1,1,1,0,1,0,0.474024532307384,1.75223800952536,0
1,1,1,1,0,1,1,0.53199408474716,1.99924222875741,0
1,1,1,1,0,1,2,0.596961079921794,1.80942848551588,0
1,1,0,1,1,1,0,0.336071211266343,2.16850154035148,103
1,1,0,1,1,1,1,0.399828312687323,2.56373448505943,193
1,1,0,1,1,1,2,0.472828140544116,2.91526143456184,206
1,1,1,0,0,1,0,0.512527321194493,1.3348048547783,0
1,1,1,0,0,1,1,0.553243658874641,1.55127410105671,0
1,1,1,0,0,1,2,0.611316233516917,1.29390266517624,0
1,1,1,0,1,0,0,0.53776087468767,1.40760148203592,0
1,1,1,0,1,0,1,0.580270877415513,1.27963993616267,0
1,1,1,0,1,0,2,0.615056068788186,1.17688278778391,0
1,1,-2,1,1,0,0,0.242950387149032,1.4598622919791,23
1,1,-2,1,1,0,1,0.28100371721379,1.41517131442662,53
1,1,-2,1,1,0,2,0.313860767733506,1.23959997502024,82
1,1,0,1,1,0,0,0.408712214371587,2.01408821903338,477
1,1,0,1,1,0,1,0.46024208022268,1.89190089941289,713
1,1,0,1,1,0,2,0.50415939945599,1.61891192640126,825
1,1,1,0,0,0,0,0.598540602602176,0.914752461232695,0
1,1,1,0,0,0,1,0.621307477134929,0.648943580342346,0
1,1,1,0,0,0,2,0.637383782109987,0.405539974553098,0
1,1,-2,1,0,1,0,0.219988529800291,1.1237060032588,14
1,1,-2,1,0,1,1,0.260253562652293,1.48451960512153,29
1,1,-2,1,0,1,2,0.3092386767178,1.35729675252579,56
1,1,-2,1,1,1,0,0.190851335514836,1.49376829790228,12
1,1,-2,1,1,1,1,0.236321323427774,1.89079713575279,29
1,1,-2,1,1,1,2,0.290937450906074,2.20298261203229,38
1,1,-2,0,0,1,0,0.243357438283237,0.909688888073608,5
1,1,-2,0,0,1,1,0.272713388149363,1.2076313998417,15
1,1,-2,0,0,1,2,0.318525880784746,1.02631726906727,55
1,1,-2,0,1,1,0,0.208233364073545,1.13360270249699,4
1,1,-2,0,1,1,1,0.246771425610211,1.44824578292735,40
1,1,-2,0,1,1,2,0.304330215970538,1.56103017223673,35
1,1,-2,1,0,0,0,0.282857334504131,1.13404306685213,33
1,1,-2,1,0,0,1,0.308091844231025,0.921861211048177,92
1,1,-2,1,0,0,2,0.33000521952383,0.667313744233979,184
1,1,-2,0,0,0,0,0.310344969383254,0.674652537090126,85
1,1,-2,0,0,0,1,0.327199701531355,0.494290841360183,195
1,1,-2,0,0,0,2,0.339492498750922,0.321818355319013,286
1,1,-2,0,1,0,0,0.264513128867846,0.976144548520866,17
1,1,-2,0,1,0,1,0.295557737612868,0.946400935125263,47
1,1,-2,0,1,0,2,0.321775057567589,0.92513731894426,113
1,1,-6,0,0,1,0,0.0581929223660213,0.268208031039885,0
1,1,-6,0,0,1,1,0.0671233049063648,0.393065851012463,0
1,1,-6,0,0,1,2,0.0821932146969457,0.339093233373051,1
1,1,-6,0,1,1,0,0.0490415627261056,0.312514147489822,0
1,1,-6,0,1,1,1,0.0600724752059371,0.451422329551824,0
1,1,-6,0,1,1,2,0.0782758539562702,0.48785485010354,3
1,1,-8,0,0,0,0,0.0360986554950572,0.0800175761944771,0
1,1,-8,0,0,0,1,0.0381152081136972,0.0627083886924822,0
1,1,-8,0,0,0,2,0.0396874194173003,0.0441985029406774,3
1,1,-8,0,1,0,0,0.0303983627478936,0.101817010944725,0
1,1,-8,0,1,0,1,0.0340049789227182,0.11248173864785,0
1,1,-8,0,1,0,2,0.0372553384695964,0.124671551343771,0
1,1,-6,0,0,0,0,0.0799988198619469,0.209626564110021,0
1,1,-6,0,0,0,1,0.085253309672455,0.157986657613956,6
1,1,-6,0,0,0,2,0.0891950238459273,0.106344590182682,14
1,1,-6,0,1,0,0,0.0654776291696829,0.287095491078458,0
1,1,-6,0,1,0,1,0.0750354034021163,0.294913827118163,2
1,1,-6,0,1,0,2,0.0833401688028474,0.303493719509555,2
1,1,-9,1,1,0,2,0.025465443291482,0.0647922168108636,0
1,1,-9,1,1,1,0,0.020409765700487,0.0413406806377444,0
1,1,-9,1,1,1,1,0.0219199052342614,0.0887899383012695,0
1,1,-9,1,1,1,2,0.0246100910081032,0.109051112813557,0
1,1,-8,0,0,1,0,0.02722463369834,0.0973519472501787,0
1,1,-8,0,0,1,1,0.0305359832931867,0.159567880131532,0
1,1,-8,0,0,1,2,0.0367428324520577,0.140525660097567,0
1,1,-9,0,1,1,0,0.0205311112141198,0.0357075451899325,0
1,1,-9,0,1,1,1,0.021856851824417,0.0795984790957379,0
1,1,-9,0,1,1,2,0.0251708484454373,0.0757445941303613,0
1,1,-9,1,0,1,0,0.0204825809840537,0.0400761765144681,0
1,1,-9,1,0,1,1,0.022171680227352,0.0844397616595627,0
1,1,-9,1,0,1,2,0.0250937025267143,0.0749031254621199,0
1,1,-9,1,1,0,0,0.02232454447052,0.0559555902010806,0
1,1,-9,1,1,0,1,0.0239735035909058,0.064942543919049,0
1,1,-9,0,0,1,0,0.0206467463506405,0.0403429715416409,0
1,1,-9,0,0,1,1,0.0220575763651407,0.0802563290990674,0
1,1,-9,0,0,1,2,0.0252298344078973,0.0699698364886844,0
1,1,-9,0,1,0,0,0.0224505715363383,0.0429813414704258,0
1,1,-9,0,1,0,1,0.0240601880725144,0.0489433907208958,0
1,1,-9,0,1,0,2,0.0255397100954878,0.0604306373011421,1
1,1,-9,1,0,0,0,0.023947479903033,0.0516120665419079,0
1,1,-9,1,0,0,1,0.0251386199064567,0.0464244295721309,0
1,1,-9,1,0,0,2,0.0262794511685069,0.0377580164890321,1
1,1,-10,1,1,0,0,0.019310127312437,1.69382952321262e-19,0
1,1,-10,1,1,0,1,0.019310127312437,1.1370797874763e-18,0
1,1,-10,1,1,0,2,0.019310127312437,3.30093548266028e-17,0
1,1,-9,0,0,0,0,0.0251126520462931,0.0351035672958195,0
1,1,-9,0,0,0,1,0.0260070358737875,0.0287313180793657,0
1,1,-9,0,0,0,2,0.026734694235459,0.0217112554128532,2
1,0,9,1,0,1,0,0.986881274945124,0.0293358150434059,0
1,0,9,1,0,1,1,0.985644852030042,0.061810018963758,0
1,0,9,1,0,1,2,0.983505927781721,0.0548291884565527,1
1,0,9,1,1,1,0,0.986934575830509,0.0302614337602679,0
1,0,9,1,1,1,1,0.985829151663197,0.0649943541091334,0
1,0,9,1,1,1,2,0.983859932062985,0.0798255610692105,1
1,1,-10,1,1,1,0,0.019310127312437,1.13317211126285e-19,0
1,1,-10,1,1,1,1,0.019310127312437,1.26948004242079e-18,0
1,1,-10,1,1,1,2,0.019310127312437,0,0
1,0,9,0,1,1,0,0.986845750751524,0.0261379710454107,0
1,0,9,0,1,1,1,0.985875306843903,0.0582661936236848,0
1,0,9,0,1,1,2,0.983449456865585,0.0554451446520598,0
1,0,9,1,0,0,0,0.98434496428199,0.0377801020397962,0
1,0,9,1,0,0,1,0.983473048199411,0.0339827448093011,2
1,0,9,1,0,0,2,0.982637958183098,0.0276389187907751,3
1,0,9,1,1,0,0,0.985532955198699,0.0409595671930155,0
1,0,9,1,1,0,1,0.98432591490751,0.0475380293868532,1
1,0,9,1,1,0,2,0.983233813042547,0.0474279897417268,2
1,0,9,0,0,0,0,0.983492056707934,0.0256958584155882,0
1,0,9,0,0,0,1,0.982837366544772,0.0210313634292246,1
1,0,9,0,0,0,2,0.982304719646556,0.0158926681272041,1
1,0,9,0,1,0,0,0.985440703217226,0.0314623996937098,0
1,0,9,0,1,0,1,0.984262461750528,0.035826627753947,0
1,0,9,0,1,0,2,0.983179449642251,0.0442353076816457,0
1,0,5,0,0,1,0,0.935685381987786,0.317051302132234,0
1,0,5,0,0,1,1,0.925154390985257,0.459376988835704,1
1,0,5,0,0,1,2,0.907561893234902,0.39515099504146,3
1,0,8,1,1,0,0,0.980456329608707,0.105735766003409,0
1,0,8,1,1,0,1,0.977488049247127,0.114824980323796,0
1,0,8,1,1,0,2,0.974813717362829,0.109853240195202,0
1,0,8,1,1,1,0,0.984066002811434,0.0867428809449201,0
1,0,8,1,1,1,1,0.981005329002024,0.151537437858643,0
1,0,8,1,1,1,2,0.976524321663238,0.186714007604512,0
1,0,9,0,0,1,0,0.986761105676257,0.0295311093616852,0
1,0,9,0,0,1,1,0.985728376210458,0.0587477407098203,0
1,0,9,0,0,1,2,0.983406279061827,0.0512180143010488,0
1,0,3,0,1,0,0,0.842283469714122,0.674521848252665,11
1,0,3,0,1,0,1,0.820380027809094,0.670472532724647,22
1,0,3,0,1,0,2,0.801663569164214,0.671044634699952,56
1,0,5,0,0,0,0,0.910190254554871,0.246273715329997,7
1,0,5,0,0,0,1,0.904019303980045,0.18479968809014,17
1,0,5,0,0,0,2,0.899409908346285,0.123899163466287,27
1,0,5,0,1,0,0,0.92721601143063,0.34002990261996,1
1,0,5,0,1,0,1,0.915959353549028,0.346084107712977,4
1,0,5,0,1,0,2,0.906230914457572,0.353831664962602,7
1,0,2,1,1,1,0,0.844168795826421,1.32845766064196,11
1,0,2,1,1,1,1,0.803278700830235,1.72138224336777,26
1,0,2,1,1,1,2,0.753387511213676,2.01842163655484,43
1,0,3,0,0,1,0,0.85801184955667,0.626575358412415,0
1,0,3,0,0,1,1,0.837413668350577,0.873486995275701,8
1,0,3,0,0,1,2,0.804109713707317,0.747086970368105,15
1,0,2,0,1,1,0,0.829305173132201,1.0173224240133,6
1,0,2,0,1,1,1,0.794459463586641,1.33184300771544,29
1,0,2,1,0,1,0,0.818745495994881,1.00579961173605,14
1,0,2,1,0,1,1,0.782157840810211,1.36681754814415,41
1,0,2,1,0,1,2,0.736946069016568,1.25108240265863,78
1,0,2,1,1,0,0,0.797230421118449,1.31968853033075,18
1,0,2,1,1,0,1,0.762615961233476,1.29240603752191,65
1,0,2,1,1,0,2,0.732607321722483,1.14044857302634,106
1,0,3,0,0,0,0,0.80954141351659,0.477594594761207,44
1,0,3,0,0,0,1,0.79759093298333,0.354263529909454,95
1,0,3,0,0,0,2,0.788766774491583,0.234263166393564,157
1,0,2,0,1,0,0,0.778243313478028,0.886699879525043,23
1,0,2,0,1,0,1,0.749761119815216,0.870083106705876,59
1,0,2,0,1,0,2,0.725571453359837,0.860070903243798,128
1,0,2,0,1,1,2,0.741360521767847,1.43552578797213,26
1,0,2,1,0,0,0,0.761034489575163,1.03567706171846,40
1,0,2,1,0,0,1,0.737962756293518,0.846968527,104
1,0,2,1,0,0,2,0.717806121208737,0.617276230325439,168
1,0,1,1,1,0,0,0.72376402258977,1.65778743501531,68
1,0,1,1,1,0,1,0.680644229763608,1.60169183805636,145
1,0,1,1,1,0,2,0.643455038062573,1.3996858970664,219
1,0,2,0,0,0,0,0.735945185386959,0.620003035641756,98
1,0,2,0,0,0,1,0.720444469183887,0.456928175540509,180
1,0,2,0,0,0,2,0.709072538660509,0.299689388979136,270
1,0,2,0,0,1,0,0.798137445919203,0.824912498287431,2
1,0,2,0,0,1,1,0.771272904720351,1.12100933986479,21
1,0,2,0,0,1,2,0.728644993466536,0.955704856699658,42
1,0,-1,1,1,1,0,0.621681556658419,2.37738996176845,15
1,0,-1,1,1,1,1,0.552526676364792,2.75773652956361,36
1,0,-1,1,1,1,2,0.474505515294448,3.10765602165945,40
1,0,1,1,1,1,0,0.782963802016216,1.70551141962091,33
1,0,1,1,1,1,1,0.731248291969575,2.14202955722567,62
1,0,1,1,1,1,2,0.669463305121959,2.49039348214443,94
1,0,-1,1,0,0,0,0.484370917812482,1.62184878488686,355
1,0,-1,1,0,0,1,0.44844849074864,1.28570902057054,392
1,0,-1,1,0,0,2,0.418037715066092,0.903989185153078,357
1,0,-1,1,0,1,2,0.446606739998314,1.86678382496432,50
1,0,-1,1,1,0,0,0.543035936652438,2.17598634230354,77
1,0,-1,1,1,0,1,0.487720765805023,2.02347357584954,132
1,0,-1,1,1,0,2,0.440749651647074,1.7186262729819,131
1,0,-1,0,0,0,0,0.444972752336957,0.939973569849134,1434
1,0,-1,0,0,0,1,0.421562090092158,0.671506665739349,962
1,0,-1,0,1,0,0,0.50768600254755,1.4284153586555,87
1,0,-1,0,1,0,1,0.464122943477787,1.31624828012833,114
1,0,-1,0,1,0,2,0.42821296005171,1.22572804370764,127
1,0,-1,0,1,1,0,0.590323358774072,1.74385715285045,21
1,0,-1,0,1,1,1,0.532961445111724,2.02110019419669,30
1,0,-1,0,1,1,2,0.454067910956218,2.16860751948525,28
1,0,-1,1,0,1,0,0.57238808783867,1.74971511795619,29
1,0,-1,1,0,1,1,0.513606951328155,2.05536236452819,53
1,0,-2,1,1,1,0,0.528564904819014,2.54819208780259,9
1,0,-2,1,1,1,1,0.456466995699003,2.81663560005115,20
1,0,-2,1,1,1,2,0.378076888652374,3.09077418682777,25
1,0,-1,0,0,0,2,0.404914979069143,0.423159855107193,708
1,0,-1,0,0,1,0,0.534268526350797,1.34829317848725,11
1,0,-1,0,0,1,1,0.492637845874277,1.61076569082611,47
1,0,-1,0,0,1,2,0.432179636018832,1.34973386831786,47
1,0,-5,0,0,0,0,0.133947906613359,0.596003089167742,43
1,0,-5,0,0,0,1,0.119193104733409,0.39647121034581,31
1,0,-5,0,0,0,2,0.109427210151539,0.229382104239015,26
1,0,-2,1,0,1,0,0.474329220079894,1.84514996775997,14
1,0,-2,1,0,1,1,0.414567734713559,2.02637332950943,19
1,0,-2,1,0,1,2,0.349093134562585,1.82596490252612,23
1,0,-2,1,1,0,0,0.446837101751978,2.24075891605109,43
1,0,-2,1,1,0,1,0.39072875092682,2.02902125887796,68
1,0,-2,1,1,0,2,0.3436490323114,1.68858420307413,73
1,0,-7,0,0,1,0,0.0900219697168965,0.613206264729062,0
1,0,-7,0,0,1,1,0.0736938534776752,0.514717837051427,0
1,0,-7,0,0,1,2,0.0553423757041544,0.39088283406879,0
1,0,-7,0,1,0,0,0.0832678770332578,0.612812571908603,0
1,0,-7,0,1,0,1,0.0666061473523786,0.467290023215332,0
1,0,-7,0,1,0,2,0.05444003868058,0.362234897024335,0
1,0,-5,0,0,1,0,0.185409989811799,1.0019776892913,0
1,0,-5,0,0,1,1,0.157668717168764,0.927702676883761,0
1,0,-5,0,0,1,2,0.12387412939427,0.73444573964464,0
1,0,-8,1,1,0,0,0.0709029049887245,0.757086970035973,1
1,0,-8,1,1,0,1,0.0531890996656027,0.575340724657175,1
1,0,-8,1,1,1,0,0.100801959348338,1.08490404006482,0
1,0,-8,1,1,1,1,0.0738064790621305,0.931455104405473,0
1,0,-8,1,1,1,2,0.0503199295259003,0.828892238022721,0
1,0,-7,0,0,0,0,0.0615843246732187,0.34209406187183,5
1,0,-7,0,0,0,1,0.0531338144074363,0.219335572177395,1
1,0,-7,0,0,0,2,0.0477415423653282,0.121789129917886,1
1,0,-8,1,0,0,0,0.0518842267040867,0.468192312925162,1
1,0,-8,1,0,0,1,0.0415745635661439,0.323414015916343,1
1,0,-8,1,0,0,2,0.0340471588491531,0.195040989223689,1
1,0,-8,1,0,1,0,0.0764674050141094,0.680319009274361,0
1,0,-8,1,0,1,1,0.0574007715432638,0.566705988362528,0
1,0,-8,1,0,1,2,0.0408725652485342,0.438963772194549,0
1,0,-8,1,1,0,2,0.0398635123819546,0.413701270013159,0
1,0,-8,0,0,0,0,0.0407923885092124,0.242660908037479,3
1,0,-8,0,0,0,1,0.0348050576392941,0.152593228554537,2
1,0,-8,0,0,0,2,0.0310567047837566,0.0828965085053999,1
1,0,-8,0,0,1,0,0.0605890135445865,0.448593097371966,0
1,0,-8,0,0,1,1,0.0488566550951437,0.360510371584107,0
1,0,-8,0,0,1,2,0.0362050608702903,0.266396383867556,0
1,0,-8,0,1,0,0,0.0560712657099086,0.445451647266483,0
1,0,-8,0,1,0,1,0.0441314799861739,0.329321463794617,0
1,0,-8,0,1,0,2,0.0356141344047201,0.247562697877489,0
1,0,-8,0,1,1,0,0.0811638768600321,0.68953741554735,0
1,0,-8,0,1,1,1,0.061915560623739,0.584606556924571,0
1,0,-8,0,1,1,2,0.0426462835007674,0.512212189261495,0
1,0,-9,1,1,1,0,0.0695249624911963,0.793709509095513,0
1,0,-9,1,1,1,1,0.0500916769668674,0.65480519124375,0
1,0,-9,1,1,1,2,0.0338385907015552,0.559872622168854,0
10,1,10,1,1,0,0,0.9997654894905,0.00816679681623223,0
10,1,10,1,1,0,1,0.999918626591,0.00223533498844682,0
10,1,10,1,1,0,2,0.999992633797,0.00037854905349289,0
10,1,10,1,1,1,0,0.9993576641505,0.0209940275698243,0
10,1,10,1,1,1,1,0.9998447825575,0.00580856094612391,0
10,1,10,1,1,1,2,0.9999670358635,0.00110776636672657,0
1,0,-9,1,1,0,0,0.0481444667995763,0.534637984059197,0
1,0,-9,1,1,0,1,0.035754750383842,0.393522264389568,0
1,0,-9,1,1,0,2,0.0266386422008936,0.274762112397193,0
10,1,8,1,0,1,0,0.9982259295145,0.0498334657291098,0
10,1,8,1,0,1,1,0.999512590644,0.0173244457362048,0
10,1,8,1,0,1,2,0.9999289221385,0.00325501227378946,0
10,1,8,1,1,1,0,0.9959974774435,0.123042470366864,0
10,1,8,1,1,1,1,0.9987569322805,0.0444272536736629,0
10,1,8,1,1,1,2,0.9997470693755,0.00988412276727256,0
10,1,10,1,0,1,0,0.999727983537,0.0081618292304957,0
10,1,10,1,0,1,1,0.9999325818165,0.00239420950524989,0
10,1,10,1,0,1,2,0.999995451668,0.000358113470151306,0
10,1,8,0,1,1,0,0.9983051622705,0.0550559932705338,0
10,1,8,0,1,1,1,0.9995030855645,0.0175700398200053,0
10,1,8,0,1,1,2,0.999915570396,0.00355700729626179,0
10,1,8,1,0,0,0,0.999379563205,0.0200788686823023,0
10,1,8,1,0,0,1,0.999853068068,0.00657535419269069,0
10,1,8,1,0,0,2,0.9999772170975,0.000997382140368245,0
10,1,8,1,1,0,0,0.998394545551,0.0505873807289543,0
10,1,8,1,1,0,1,0.999490733022,0.0168153325008232,0
10,1,8,1,1,0,2,0.9999221598565,0.00324164872285779,0
10,1,8,0,0,0,0,0.9997785336005,0.00704797489443411,0
10,1,8,0,0,0,1,0.999938004727,0.00196684237377466,0
10,1,8,0,0,0,2,0.9999907582425,0.000341737399777099,0
10,1,8,0,1,0,0,0.999331236118,0.0222659462261789,0
10,1,8,0,1,0,1,0.9998443125465,0.0061956425789517,0
10,1,8,0,1,0,2,0.9999776456125,0.00111604179461096,0
10,1,4,0,0,1,0,0.9743377260985,0.672923768744831,0
10,1,4,0,0,1,1,0.9891564581045,0.347133264929416,0
10,1,4,0,0,1,2,0.9975617017415,0.109009848056921,0
10,1,7,1,1,0,0,0.9959716676345,0.122058666403468,0
10,1,7,1,1,0,1,0.9986617119375,0.0446278698253134,0
10,1,7,1,1,0,2,0.999754618097,0.0101165206511181,0
10,1,7,1,1,1,0,0.990276323101,0.282905752207577,0
10,1,7,1,1,1,1,0.996584504694,0.118423739387279,0
10,1,7,1,1,1,2,0.9992414216155,0.0315403884925187,0
10,1,8,0,0,1,0,0.9993059192665,0.0227235610001977,0
10,1,8,0,0,1,1,0.999794553683,0.00662554486471571,0
10,1,8,0,0,1,2,0.9999772500755,0.0012129540830996,0
10,1,4,0,0,0,0,0.990356819657,0.255027304681525,0
10,1,4,0,0,0,1,0.996593699136,0.111980998920599,0
10,1,4,0,0,0,2,0.9992784588925,0.031417238314752,0
10,1,4,0,1,0,0,0.975624303888,0.631991301737239,0
10,1,4,0,1,0,1,0.990333207206,0.311594514811184,0
10,1,4,0,1,0,2,0.9975851642245,0.108027612624425,0
10,1,1,1,1,1,0,0.477684524676,5.44013379185156,0
10,1,1,1,1,1,1,0.6353608582075,6.39934173857521,0
10,1,1,1,1,1,2,0.8106206074925,7.22993292826085,0
10,1,2,0,0,1,0,0.8731142987965,2.53870676409715,0
10,1,2,0,0,1,1,0.930379681087,1.8138376314176,0
10,1,2,0,0,1,2,0.9756864347445,1.0028165847917,0
10,1,1,0,1,1,0,0.5340492471785,4.19403442802623,0
10,1,1,0,1,1,1,0.6716843684085,4.77258159353989,0
10,1,1,0,1,1,2,0.8515177701175,5.35079753392137,0
10,1,1,1,0,1,0,0.5932633668765,4.27738581827439,0
10,1,1,1,0,1,1,0.7293629248475,4.70509843697593,0
10,1,1,1,0,1,2,0.8787344155085,4.36501603603078,0
10,1,1,1,1,0,0,0.6525537942975,5.07008629413975,0
10,1,1,1,1,0,1,0.779968508858,4.74431250563782,0
10,1,1,1,1,0,2,0.8908523271355,4.07127257314151,0
10,1,2,0,0,0,0,0.947465979675,1.17093894894709,0
10,1,2,0,0,0,1,0.9759327212115,0.699949733101968,0
10,1,2,0,0,0,2,0.9927604771105,0.312849161134252,0
10,1,1,0,1,0,0,0.7409866429645,3.43780014477268,0
10,1,1,0,1,0,1,0.840932593853,3.10906347186814,0
10,1,1,0,1,0,2,0.9242904328065,2.78486304022066,0
10,1,1,1,0,0,0,0.787902122015,3.8270651740933,0
10,1,1,1,0,0,1,0.8718062539595,3.06533016498001,0
10,1,1,1,0,0,2,0.943743882021,2.16444554693572,0
10,1,0,1,1,0,0,0.445665670491,4.60858073632388,121
10,1,0,1,1,0,1,0.571037651961,4.78503953218864,128
10,1,0,1,1,0,2,0.6822715790645,4.41038635969721,111
10,1,1,0,0,0,0,0.883734979192,2.19821034353008,0
10,1,1,0,0,0,1,0.9382382371585,1.56123866915538,0
10,1,1,0,0,0,2,0.9767509536305,0.9527239157785,0
10,1,1,0,0,1,0,0.6887676247005,3.34598637091372,0
10,1,1,0,0,1,1,0.7860148077685,3.54873830136353,0
10,1,1,0,0,1,2,0.9171362359705,3.01148706285658,0
10,1,-2,1,0,1,2,0.1658310063585,1.35192894732314,20
10,1,-2,1,1,1,0,0.065318788034,1.05532212445883,11
10,1,-2,1,1,1,1,0.101278528485,1.71225469775823,17
10,1,-2,1,1,1,2,0.1519009126255,2.07985981998043,15
10,1,0,1,0,1,0,0.3537965631795,3.32376077725164,141
10,1,0,1,0,1,1,0.48543389617,5.31530090255334,103
10,1,0,1,0,1,2,0.6635388439095,4.88887043025964,85
10,1,0,1,1,1,0,0.2855441243645,4.17329158008723,36
10,1,0,1,1,1,1,0.4234603383095,6.30411480742062,49
10,1,0,1,1,1,2,0.6086022154105,7.62223391991363,54
10,1,-2,1,0,0,0,0.141833079118,1.03649876155977,11
10,1,-2,1,0,0,1,0.165204415975,0.888682298693869,35
10,1,-2,1,0,0,2,0.18659303173,0.683174771194311,40
10,1,-2,1,1,0,0,0.107598203189,1.21800012172352,10
10,1,-2,1,1,0,1,0.1412853544245,1.2936639360526,27
10,1,-2,1,1,0,2,0.171300083505,1.21025994347004,43
10,1,-2,0,0,0,0,0.1666291086985,0.654955374814335,26
10,1,-2,0,0,0,1,0.183117111662,0.506113600479305,44
10,1,-2,0,0,0,2,0.1957972421215,0.352719633295113,43
10,1,-2,0,1,0,0,0.120162123475,0.853427898702913,10
10,1,-2,0,1,0,1,0.1499745175585,0.91959330413519,25
10,1,-2,0,1,0,2,0.1763823279645,0.998241707788337,37
10,1,-2,0,1,1,0,0.072713663113,0.877201305455307,3
10,1,-2,0,1,1,1,0.104453526162,1.42430808253894,6
10,1,-2,0,1,1,2,0.1625791937825,1.50587369305278,11
10,1,-2,1,0,1,0,0.080718843884,0.861186007713759,7
10,1,-2,1,0,1,1,0.115945394218,1.47891409962085,21
10,1,-3,1,1,1,0,0.029540109752,0.496794164165398,3
10,1,-3,1,1,1,1,0.046616594105,0.822822807009406,8
10,1,-3,1,1,1,2,0.0709767982735,1.00088184227638,15
10,1,-2,0,0,1,0,0.09463509429,0.811700276235909,0
10,1,-2,0,0,1,1,0.1220585932005,1.29441064480036,8
10,1,-2,0,0,1,2,0.172249784946,1.12597679059941,14
10,1,-3,1,0,1,0,0.036520796579,0.409095717513655,3
10,1,-3,1,0,1,1,0.0533787542305,0.715257417890093,4
10,1,-3,1,0,1,2,0.0775455188265,0.653003924256845,12
10,1,-3,1,1,0,0,0.049682885591,0.580887524260083,4
10,1,-3,1,1,0,1,0.065822186083,0.620918339790133,10
10,1,-3,1,1,0,2,0.080223442809,0.583468322056517,20
10,1,-6,0,0,0,0,0.00607806475649996,0.025921850015293,0
10,1,-6,0,0,0,1,0.00673195310649996,0.0202608665724081,0
10,1,-6,0,0,0,2,0.00724051925549996,0.0143385686578762,5
10,1,-9,1,1,1,0,0.000223622789000032,0.0015084080588397,0
10,1,-9,1,1,1,1,0.000278723639000017,0.00323970134045723,0
10,1,-9,1,1,1,2,0.00037688113999999,0.00397897603174009,0
10,1,-8,0,0,1,0,0.000514289371499995,0.00481812975940595,0
10,1,-8,0,0,1,1,0.000679454671499995,0.00833096058417367,0
10,1,-8,0,0,1,2,0.00100563155050001,0.00732319534957024,0
10,1,-6,0,0,1,0,0.00315409503549998,0.0316588183627215,1
10,1,-6,0,0,1,1,0.00423053375249998,0.0525245261540566,0
10,1,-6,0,0,1,2,0.00627702133949996,0.0458183411847049,1
10,1,-9,1,1,0,0,0.000293487815000013,0.00204166602712826,0
10,1,-9,1,1,0,1,0.000353653810999996,0.0023695753213992,0
10,1,-9,1,1,0,2,0.000408090598999982,0.00236409029749657,0
10,1,-8,0,0,0,0,0.00097844418800001,0.00402294810949686,0
10,1,-8,0,0,0,1,0.00108013368350001,0.00319109970817656,0
10,1,-8,0,0,0,2,0.00116037010150001,0.00229507995483557,1
10,1,-9,0,1,0,0,0.000298086197000011,0.00156827127307957,0
10,1,-9,0,1,0,1,0.000356816689999996,0.00178581009919162,0
10,1,-9,0,1,0,2,0.000410800390999981,0.00220494822290462,0
10,1,-9,1,0,0,0,0.000352704277999997,0.00188318276100431,0
10,1,-9,1,0,0,1,0.000396165709999985,0.0016939001151738,0
10,1,-9,1,0,0,2,0.000437791513999974,0.00137768646958024,0
10,1,-9,1,0,1,0,0.000226279619000031,0.00146226977130883,0
10,1,-9,1,0,1,1,0.000287910218000014,0.00308097532524654,0
10,1,-9,1,0,1,2,0.000394526797999985,0.00273300962481462,0
10,1,-9,0,0,0,0,0.000395218213999985,0.00128083289839915,0
10,1,-9,0,0,0,1,0.000427851826999976,0.00104832700050985,0
10,1,-9,0,0,0,2,0.000454402084999969,0.000792184166469053,0
10,1,-9,0,0,1,0,0.000232269563000029,0.00147200439015975,0
10,1,-9,0,0,1,1,0.000283746881000015,0.00292833334426033,0
10,1,-9,0,0,1,2,0.000399493876999984,0.00255300743981622,0
10,1,-9,0,1,1,0,0.00022805035400003,0.00130287039533405,0
10,1,-9,0,1,1,1,0.000276422993000017,0.00290433020180544,0
10,1,-9,0,1,1,2,0.000397341640999985,0.00276371250877434,0
10,1,-10,1,0,1,0,0.000183500000000043,5.82773925363852e-20,0
10,1,-10,1,0,1,1,0.000183500000000043,9.97190641276061e-20,0
10,1,-10,1,0,1,2,0.000183500000000043,1.00321284697629e-18,0
10,1,-10,1,1,1,0,0.000183500000000043,8.38812949548089e-20,0
10,1,-10,1,1,1,1,0.000183500000000043,1.49568631891906e-19,0
10,1,-10,1,1,1,2,0.000183500000000043,5.15889614027119e-19,0
10,0,9,1,0,0,0,1,0,0
10,0,9,1,0,0,1,1,0.000654285520585347,0
10,0,9,1,0,0,2,1,0.0039016716122975,0
10,0,9,1,1,0,0,1,5.77089640705194e-06,0
10,0,9,1,1,0,1,1,0.000652544525778979,0
10,0,9,1,1,0,2,1,0.00388715358360802,0
10,0,9,1,1,1,0,1,0,0
10,0,9,1,1,1,1,1,0.000657483918946358,0
10,0,9,1,1,1,2,1,0.00388313512610651,0
10,1,-10,1,1,0,0,0.000183500000000043,2.74585645364545e-19,0
10,1,-10,1,1,0,1,0.000183500000000043,8.85359572699258e-19,0
10,1,-10,1,1,0,2,0.000183500000000042,1.37951799963627e-18,0
10,0,9,0,1,0,0,1,0,0
10,0,9,0,1,0,1,1,3.71397375931546e-05,0
10,0,9,0,1,0,2,1,0.00404558709357747,0
10,0,9,0,1,1,0,1,2.50910783197734e-06,0
10,0,9,0,1,1,1,1,9.93594846060396e-05,0
10,0,9,0,1,1,2,1,0.00424345955497123,0
10,0,9,1,0,1,0,1,5.20920832324652e-06,0
10,0,9,1,0,1,1,1,0.000725797539641875,0
10,0,9,1,0,1,2,1,0.00373493616726159,0
10,0,8,1,1,1,0,1,0,0
10,0,8,1,1,1,1,1,0.00169094416560961,0
10,0,8,1,1,1,2,1,0.00996925670316207,0
10,0,9,0,0,1,0,1,0,0
10,0,9,0,0,1,1,1,5.65478791323351e-05,0
10,0,9,0,0,1,2,1,0.0039888209303205,0
10,0,8,1,0,1,0,1,1.33963974368602e-05,0
10,0,8,1,0,1,1,1,0.00186661568764989,0
10,0,8,1,0,1,2,1,0.0096020017956726,0
10,0,8,1,1,0,0,1,1.48408773538231e-05,0
10,0,8,1,1,0,1,1,0.00167813327287601,0
10,0,8,1,1,0,2,1,0.00999406439941611,0
10,0,9,0,0,0,0,1,0,0
10,0,9,0,0,0,1,1,0,0
10,0,9,0,0,0,2,1,0.00390939153825218,0
10,0,3,0,0,1,0,1,0,0
10,0,3,0,0,1,1,1,0.0120527558156513,0
10,0,3,0,0,1,2,1,0.850252949038125,0
10,0,8,1,0,0,0,1,0,0
10,0,8,1,0,0,1,1,0.00168261054790791,0
10,0,8,1,0,0,2,1,0.0100338494384715,0
10,0,2,1,1,0,0,1,0.0026665763903268,0
10,0,2,1,1,0,1,1,0.301523316889365,0
10,0,3,0,0,0,0,1,0,0
10,0,3,0,0,0,1,1,0,0
10,0,3,0,0,0,2,1,0.833257450523613,0
10,0,2,1,0,0,0,1,0,0
10,0,2,1,0,0,1,1,0.302327783876621,0
10,0,2,1,0,0,2,1,1.802961483523,0
10,0,2,1,0,1,0,1,0.00240703539749713,0
10,0,2,1,0,1,1,1,0.336156282381562,0
10,0,2,1,0,1,2,1,1.72638157980088,0
10,0,2,1,1,0,2,1,1.79676337918069,0
10,0,2,1,1,1,0,1,0,0
10,0,2,1,1,1,1,1,0.304661420891903,0
10,0,2,1,1,1,2,1,1.79268789289782,0
10,0,2,0,0,1,0,1,0,0
10,0,2,0,0,1,1,1,0.0261292577064936,0
10,0,2,0,0,1,2,1,1.84332782589501,0
10,0,2,0,1,0,2,1,1.87018417778919,0
10,0,2,0,1,1,0,1,0.00115939140708866,0
10,0,2,0,1,1,1,1,0.0467383068874321,0
10,0,2,0,1,1,2,1,1.95996247997629,0
10,0,1,1,0,1,0,1,0.00518844687294727,0
10,0,1,1,0,1,1,1,0.724656762713491,0
10,0,1,1,0,1,2,1,3.72141014080497,0
10,0,1,1,1,1,0,1,0,0
10,0,1,1,1,1,1,1,0.656773985168719,0
10,0,1,1,1,1,2,1,3.86457398212497,0
10,0,2,0,0,0,0,1,0,0
10,0,2,0,0,0,1,1,0,0
10,0,2,0,0,0,2,1,1.80642493663685,0
10,0,2,0,1,0,0,1,0,0
10,0,2,0,1,0,1,1,0.0171612762425987,0
10,0,-1,1,1,0,0,0.514871,6.51776248005218,36
10,0,-1,1,1,0,1,0.3364925,6.19736511933999,41
10,0,-1,1,1,0,2,0.1760675,5.69987522889747,49
10,0,-1,1,1,1,0,0.735956,5.7242258841887,8
10,0,-1,1,1,1,1,0.5432795,8.26595618653035,10
10,0,-1,1,1,1,2,0.2832325,7.89840531856072,16
10,0,1,1,1,0,0,1,0.00574789633266397,0
10,0,1,1,1,0,1,1,0.649943790715351,0
10,0,1,1,1,0,2,1,3.87310626430816,0
10,0,-1,0,1,1,0,0.717251,4.83054492585181,1
10,0,-1,0,1,1,1,0.541387,7.36901355312577,8
10,0,-1,1,0,1,0,0.6442355,4.73225484806871,34
10,0,-1,1,0,1,1,0.456962,6.86355295844687,32
10,0,-1,1,0,1,2,0.203053,5.78572607278303,24
10,0,-1,0,0,1,0,0.5619355,4.35352505977632,2
10,0,-1,0,0,1,1,0.415683,6.47712832009092,80
10,0,-1,0,0,1,2,0.1644935,5.39745026022232,62
10,0,-1,0,1,0,0,0.441399,4.63951567468824,349
10,0,-1,0,1,0,1,0.285279,4.88864440006741,150
10,0,-1,0,1,0,2,0.145837,5.40243936582392,75
10,0,-1,0,1,1,2,0.238697,6.35241583421381,11
10,0,-1,1,0,0,0,0.3376535,5.57728872770864,15
10,0,-1,1,0,0,1,0.213113,4.41634052526519,31
10,0,-1,1,0,0,2,0.0981645,5.0000952920733,40
10,0,-2,1,1,0,0,0.331343,5.47531896383278,14
10,0,-2,1,1,0,1,0.2061825,4.36711765696333,22
10,0,-2,1,1,0,2,0.096909,2.97694114941153,13
10,0,-2,1,1,1,0,0.506912,6.59699388728545,7
10,0,-2,1,1,1,1,0.3367505,6.62544796554126,6
10,0,-2,1,1,1,2,0.179506,4.86933897819304,10
10,0,-1,0,0,0,0,0.1997835,3.49016316138099,10
10,0,-1,0,0,0,1,0.1122495,2.68207772315237,10
10,0,-1,0,0,0,2,0.0453230000000001,4.47233754281819,21
10,0,-2,0,1,0,0,0.204618,3.70132356504561,164
10,0,-2,0,1,0,1,0.1166805,2.80986680698897,73
10,0,-2,0,1,0,2,0.047729,2.45845671514816,38
10,0,-2,1,0,0,0,0.1900715,3.75175269317773,7
10,0,-2,1,0,0,1,0.1103505,2.60092871838763,12
10,0,-2,1,0,0,2,0.045965,2.37361749403064,9
10,0,-2,1,0,1,0,0.351063,5.41455832415534,19
10,0,-2,1,0,1,1,0.214334,4.51936298579433,22
10,0,-2,1,0,1,2,0.100973,3.01755876789889,20
10,0,-7,0,0,0,0,0.00113449999999993,0.0332014088464666,1
10,0,-7,0,0,0,1,0.000322999999999929,0.0103119897012765,0
10,0,-7,0,0,0,2,4.9500000000028e-05,0.0261179830408419,0
10,0,-7,0,0,1,0,0.00319300000000003,0.101582813821134,0
10,0,-7,0,0,1,1,0.00101250000000001,0.0346236345524789,1
10,0,-2,0,1,1,0,0.4367835,5.0962310707125,1
10,0,-2,0,1,1,1,0.2843085,5.1677408320323,2
10,0,-2,0,1,1,2,0.1410615,3.54772690315908,6
10,0,-8,1,1,0,0,0.00292799999999997,0.090867669890938,0
10,0,-8,1,1,0,1,0.000928499999999945,0.0293970040251085,0
10,0,-8,1,1,0,2,0.000153500000000043,0.0123341915972165,0
10,0,-8,1,1,1,0,0.00719300000000006,0.217278802616566,0
10,0,-8,1,1,1,1,0.00232949999999999,0.0808094191682991,0
10,0,-8,1,1,1,2,0.000478000000000026,0.0169933356749644,0
10,0,-7,0,0,1,2,0.000158500000000068,0.0286863107359147,0
10,0,-8,0,1,1,0,0.00310850000000004,0.0983415828327343,0
10,0,-8,0,1,1,1,0.000941999999999962,0.0323972366283382,0
10,0,-8,0,1,1,2,0.000154999999999948,0.0139952788125083,0
10,0,-8,1,0,0,0,0.00112949999999992,0.0363168166630766,0
10,0,-8,1,0,0,1,0.000274500000000091,0.0121170513068946,0
10,0,-8,1,0,0,2,4.74999999999912e-05,0.0110157620419435,0
10,0,-8,1,0,1,0,0.00321000000000002,0.089367564769178,0
10,0,-8,1,0,1,1,0.000891000000000031,0.0301641068428603,0
10,0,-8,1,0,1,2,0.000144000000000064,0.0126667185821059,0
10,0,-9,1,1,1,0,0.00291900000000006,0.0930699271491822,0
10,0,-9,1,1,1,1,0.000833499999999988,0.0295923512535824,0
10,0,-9,1,1,1,2,0.000164499999999998,0.00654328054346901,0
10,0,-8,0,0,0,0,0.000416499999999936,0.0129194450997724,0
10,0,-8,0,0,0,1,0.000117499999999945,0.00363003378541062,0
10,0,-8,0,0,0,2,1.85000000000368e-05,0.0106102087796265,0
10,0,-8,0,0,1,0,0.00125250000000006,0.0412041135940522,0
10,0,-8,0,0,1,1,0.000380500000000003,0.0124391511628987,0
10,0,-8,0,0,1,2,4.45000000000488e-05,0.0116478187086098,0
10,0,-8,0,1,0,0,0.00121800000000001,0.0400828327823869,1
10,0,-8,0,1,0,1,0.000291500000000033,0.0115702232984275,0
10,0,-8,0,1,0,2,4.24999999999912e-05,0.011321417814695,0
10,0,-9,1,1,0,0,0.00114100000000004,0.0368801398281783,0
10,0,-9,1,1,0,1,0.000355499999999961,0.0110480731525655,0
10,0,-9,1,1,0,2,4.550000000002e-05,0.00523380517258712,0
9,1,10,1,0,1,0,0.9996045484445,0.0117322879721852,2
9,1,10,1,0,1,1,0.9998979147685,0.00351710502487164,8
9,1,10,1,0,1,2,0.99999300189,0.000511532020691563,14
9,1,10,1,1,0,0,0.999657983147,0.0117266500609174,23
9,1,10,1,1,0,1,0.999881723039,0.00334058016278521,25
9,1,10,1,1,1,0,0.999075926926,0.0302977358115499,7
9,1,10,1,1,1,1,0.999769022412,0.0084926302952707,8
9,1,10,1,1,1,2,0.9999543458395,0.00162634781240704,8
10,0,-9,1,0,1,0,0.00127899999999993,0.0365295614891844,0
10,0,-9,1,0,1,1,0.000346500000000023,0.0113576459598607,0
10,0,-9,1,0,1,2,3.89999999999585e-05,0.00527116373969611,0
9,1,10,0,0,1,2,0.9999970171215,0.000167277144262683,4
9,1,10,0,1,1,0,0.9996325470895,0.0132299535931906,1
9,1,10,0,1,1,1,0.999906856337,0.00349245503411971,2
9,1,10,0,1,1,2,0.999983527306,0.00060649189235044,8
9,1,10,1,0,0,0,0.999865551131,0.00443423061725448,60
9,1,10,1,0,0,1,0.9999733985795,0.0014975803871049,61
9,1,10,1,0,0,2,0.999998544892,0.00019583942469581,76
9,1,10,1,1,0,2,0.9999892607225,0.000553710567103642,38
9,1,10,0,0,0,0,0.999957790655,0.00156482169434724,223
9,1,10,0,0,0,1,0.9999877661,0.000470348834949265,151
9,1,10,0,0,0,2,0.999999272446,5.4784832000965e-05,120
9,1,10,0,0,1,0,0.99984542075,0.00500537486915107,1
9,1,10,0,0,1,1,0.9999539957125,0.0014350360079723,3
9,1,10,0,1,0,0,0.9998537537005,0.00497701898601978,13
9,1,10,0,1,0,1,0.9999681566515,0.00128045635317729,12
9,1,10,0,1,0,2,0.9999950199675,0.000213807056113269,21
9,1,9,1,0,0,0,0.999648606654,0.0115635802694713,22
9,1,9,1,0,0,1,0.999921143161,0.0037947377210511,32
9,1,9,1,0,0,2,0.999991342479,0.000495048081666073,29
9,1,9,1,0,1,0,0.998980861321,0.029221611155559,2
9,1,9,1,0,1,1,0.9997254914445,0.00953505437405511,2
9,1,9,1,0,1,2,0.999970101453,0.00153632819375115,3
9,1,9,1,1,0,0,0.9990933593575,0.0294809444550444,8
9,1,9,1,1,0,1,0.999714843694,0.00923467518667385,9
9,1,9,1,1,0,2,0.99996449515,0.00155828677631741,11
9,1,9,1,1,1,0,0.997668123919,0.074526673404983,3
9,1,9,1,1,1,1,0.9993424347585,0.0239700772469296,2
9,1,9,1,1,1,2,0.9998698462125,0.0047627353208296,1
9,1,9,0,1,1,0,0.9990603428745,0.0324671981565099,2
9,1,9,0,1,1,1,0.999746631443,0.0094764278153663,3
9,1,9,0,1,1,2,0.9999527194495,0.00179315891756931,2
9,1,3,1,1,1,0,0.723280150624,4.78009155519612,12
9,1,3,1,1,1,1,0.8290075230595,3.97960725003405,26
9,1,3,1,1,1,2,0.918062814924,3.21545578545048,35
9,1,7,1,0,0,0,0.9976900053885,0.0711211198879259,60
9,1,7,1,0,0,1,0.999356972601,0.0249055113481538,60
9,1,7,1,0,0,2,0.9998743557135,0.00449959012320037,66
9,1,9,0,1,0,0,0.999621988782,0.0129558718695804,1
9,1,9,0,1,0,1,0.999918300705,0.00328163465748518,2
9,1,9,0,1,0,2,0.9999890102795,0.000600859956383291,6
9,1,3,0,1,1,0,0.827718262986,3.26431228030007,6
9,1,3,0,1,1,1,0.9049648993135,2.40889051844829,13
9,1,3,0,1,1,2,0.963544006893,1.54676726887207,17
9,1,3,1,0,1,0,0.8378151360615,3.08137558463463,12
9,1,3,1,0,1,1,0.911061119901,2.35438209264035,22
9,1,3,1,0,1,2,0.963353316427,1.48402594848038,41
9,1,3,1,1,0,0,0.8456498945355,3.17623517440249,40
9,1,3,1,1,0,1,0.9129311688415,2.27984202131896,68
9,1,3,1,1,0,2,0.9639758559555,1.44550099278114,65
9,1,3,0,1,0,0,0.922083714742,1.76183273274412,27
9,1,3,0,1,0,1,0.9629697262925,1.09061049805006,46
9,1,3,0,1,0,2,0.988329559823,0.516480041396339,54
9,1,3,1,0,0,0,0.92764128227,1.72029368524837,159
9,1,3,1,0,0,1,0.964668368741,1.06436437397799,191
9,1,3,1,0,0,2,0.988800735576,0.469817043120362,204
9,1,2,1,1,0,0,0.723459193061,4.73229167455142,51
9,1,2,1,1,0,1,0.830401466971,3.91828964428591,93
9,1,2,1,1,0,2,0.9215961022315,3.03348427877689,104
9,1,2,1,1,1,0,0.5659099799745,5.93422276093485,14
9,1,2,1,1,1,1,0.71531929743,5.99239716436328,30
9,1,3,0,0,0,0,0.9675573653805,0.789596685851455,690
9,1,3,0,0,0,1,0.986713720666,0.413708684875868,513
9,1,3,0,0,0,2,0.9965781626445,0.14835570777188,411
9,1,3,0,0,1,0,0.917636765979,1.87689681084375,6
9,1,3,0,0,1,1,0.959102539927,1.19995775704238,8
9,1,3,0,0,1,2,0.988227339999,0.520049317368617,26
9,1,0,1,0,1,0,0.1994249246495,2.78295674133377,20
9,1,0,1,0,1,1,0.3170574667885,5.30039730898826,43
9,1,0,1,0,1,2,0.4978477796745,4.78222990081644,44
9,1,0,1,1,1,0,0.165784475339,3.2043521143963,13
9,1,0,1,1,1,1,0.2801682363575,5.89652312259991,39
9,1,0,1,1,1,2,0.4562929175825,7.1938013723707,47
9,1,2,1,0,1,0,0.7072653959645,4.66357558492544,11
9,1,2,1,0,1,1,0.823992463709,4.07772936087748,24
9,1,2,1,0,1,2,0.9184877885155,3.10273608057269,51
9,1,2,1,1,1,2,0.8507089316075,5.56358219518328,35
9,1,0,1,0,0,0,0.4178927180795,3.50926046124011,231
9,1,0,1,0,0,1,0.49780762873,3.06792981718009,275
9,1,0,1,0,0,2,0.572282798837,2.41345629985369,252
9,1,0,1,1,0,0,0.304032321314,3.98561320314591,53
9,1,0,1,1,0,1,0.417428185743,4.39738343149709,93
9,1,0,1,1,0,2,0.5190451994885,4.2209588913384,105
9,1,0,0,0,0,0,0.500000001131,2.28537443319514,992
9,1,0,0,0,0,1,0.5578200528305,1.80887465356077,734
9,1,0,0,0,0,2,0.603350399505,1.30597914722643,565
9,1,0,0,1,0,0,0.333235317784,2.87725789502933,50
9,1,0,0,1,0,1,0.437601655756,3.19898889848356,93
9,1,0,0,1,0,2,0.5314665941,3.66713611233567,114
9,1,0,0,1,1,0,0.184483971457,2.75328400400561,14
9,1,0,0,1,1,1,0.285183366826,5.05323159901359,26
9,1,0,0,1,1,2,0.49335968602,5.11825422625082,25
9,1,-1,1,1,0,0,0.104185146189,1.19567758338682,41
9,1,-1,1,1,0,1,0.137330404653,1.27391058873883,81
9,1,-1,1,1,0,2,0.166882161712,1.19438912497716,106
9,1,-1,1,1,1,0,0.0626970194914999,1.02936926453994,16
9,1,-1,1,1,1,1,0.0979276294475,1.6872083137463,36
9,1,-1,1,1,1,2,0.147844112083,2.05077664412983,51
9,1,0,0,0,1,0,0.23241908904,2.74625355902968,5
9,1,0,0,0,1,1,0.3265394074245,4.79781505953512,22
9,1,0,0,0,1,2,0.5146622796495,4.18429783598945,39
9,1,-1,0,1,1,0,0.0697579910059999,0.858723600140654,8
9,1,-1,0,1,1,1,0.1008688792845,1.40708039669509,29
9,1,-1,0,1,1,2,0.158337318832,1.48435488449942,24
9,1,-1,1,0,0,0,0.137826847943,1.02058358853003,209
9,1,-1,1,0,0,1,0.1608545382725,0.876536975197299,271
9,1,-1,1,0,1,0,0.0774485694295,0.84366112346215,15
9,1,-1,1,0,1,1,0.112089086342,1.46189276714914,44
9,1,-1,1,0,1,2,0.1614421794005,1.33546581651609,62
9,1,-3,0,1,0,0,0.0228235100069999,0.173113922804111,40
9,1,-3,0,1,0,1,0.0289505909434999,0.188885812767599,79
9,1,-3,0,1,0,2,0.0344058900994999,0.208151422656915,97
9,1,-3,1,0,0,0,0.0274126432584999,0.211206776861194,170
9,1,-3,1,0,0,1,0.0321868143129999,0.182222357694672,213
9,1,-3,1,0,0,2,0.0365820615739999,0.14110731128805,202
9,1,-1,0,1,0,0,0.11626503272,0.83912465540648,48
9,1,-1,0,1,0,1,0.14568696279,0.907435620489341,105
9,1,-1,0,1,0,2,0.171785950806,0.989091600548364,112
9,1,-1,1,0,0,2,0.181963130087,0.675198291896273,267
9,1,-7,1,0,1,0,0.000379590366999933,0.00489654189808147,8
9,1,-7,1,0,1,1,0.000585920657999931,0.00909984244386852,7
9,1,-7,1,0,1,2,0.000895129246999927,0.00828997485309421,19
9,1,-7,1,1,0,0,0.000554008568999931,0.00702318212428809,11
9,1,-7,1,1,0,1,0.000752314247499929,0.00769371796306311,38
9,1,-7,1,1,0,2,0.000930657864999927,0.00736206329306704,33
9,1,-3,0,1,1,0,0.0133220667854999,0.174991718293773,8
9,1,-3,0,1,1,1,0.0196805102294999,0.293826332546437,21
9,1,-3,0,1,1,2,0.0317063388299999,0.30798786041671,13
9,1,-7,0,1,0,0,0.00061214180599993,0.00503632648832898,8
9,1,-7,0,1,0,1,0.000792973383499928,0.00558536585601878,11
9,1,-7,0,1,0,2,0.000955546702999927,0.00628780447656809,37
9,1,-7,1,0,0,0,0.000753119446499928,0.00616211498114207,53
9,1,-7,1,0,0,1,0.000892854329499926,0.00537800861179969,70
9,1,-7,1,0,0,2,0.00102293107299993,0.00421639425179095,84
9,1,-7,0,0,0,0,0.000899279893999927,0.00398031329278642,197
9,1,-7,0,0,0,1,0.000999781630499926,0.00313158778632311,148
9,1,-7,0,0,0,2,0.00107845826699993,0.00223313965260413,134
9,1,-7,0,0,1,0,0.000444991089499932,0.0048194073488253,4
9,1,-7,0,0,1,1,0.000609445851999931,0.00815815827916075,9
9,1,-7,0,0,1,2,0.000928043986499927,0.00713587400048185,11
9,1,-7,0,1,1,0,0.00034102445649993,0.00492630407631119,3
9,1,-7,0,1,1,1,0.000521603575499929,0.00873263341271267,9
9,1,-7,0,1,1,2,0.000880247030499925,0.00908257029075264,13
9,1,-10,1,1,1,0,5.34999999999457e-05,1.93104036538445e-20,5
9,1,-10,1,1,1,1,5.34999999999457e-05,8.01439420720194e-20,8
9,1,-10,1,1,1,2,5.34999999999457e-05,1.25251686154236e-19,40
9,1,-9,0,0,0,0,0.000120798744999921,0.000407137605161203,87
9,1,-9,0,0,0,1,0.000131171972499917,0.000333231091227323,65
9,1,-9,0,0,0,2,0.000139611487499914,0.000251811118207492,55
9,1,-8,1,1,1,0,0.000126890601999936,0.00192108326728319,1
9,1,-8,1,1,1,1,0.000196240054499934,0.0036267659115524,6
9,1,-8,1,1,1,2,0.000304390107499936,0.00446435615172191,11
9,1,-10,1,0,0,0,5.34999999999457e-05,3.4343193020846e-19,44
9,1,-10,1,0,0,1,5.34999999999457e-05,3.60164249157822e-19,63
9,1,-10,1,0,0,2,5.34999999999457e-05,7.39143136338029e-21,91
9,1,-10,1,1,0,0,5.34999999999457e-05,9.93981991160813e-20,13
9,1,-10,1,1,0,1,5.34999999999457e-05,1.66410076583257e-19,33
9,1,-10,1,1,0,2,5.34999999999457e-05,1.60370200442343e-19,42
9,1,-10,0,1,0,0,5.34999999999457e-05,7.45043874934939e-21,14
9,1,-10,0,1,0,1,5.34999999999457e-05,1.06821627670585e-19,22
9,1,-10,0,1,0,2,5.34999999999457e-05,2.72045199768063e-19,31
9,1,-10,0,1,1,0,5.34999999999457e-05,8.04189161522757e-21,7
9,1,-10,0,1,1,1,5.34999999999457e-05,1.27082642361106e-19,18
9,1,-10,0,1,1,2,5.34999999999457e-05,2.37429007736305e-19,11
9,1,-10,1,0,1,0,5.34999999999457e-05,7.07654052227534e-20,1
9,1,-10,1,0,1,1,5.34999999999457e-05,1.34885175493394e-19,9
9,1,-10,1,0,1,2,5.34999999999457e-05,6.44672353808808e-21,20
9,0,10,1,1,1,0,1,0,0
9,0,10,1,1,1,1,1,0.00026048408124117,0
9,0,10,1,1,1,2,1,0.0015165234257136,0
9,1,-10,0,0,1,0,5.34999999999457e-05,2.1493715158884e-19,0
9,1,-10,0,0,1,1,5.34999999999457e-05,3.19433719817585e-20,6
9,1,-10,0,0,1,2,5.34999999999457e-05,2.84501202362172e-19,8
9,0,8,1,1,0,0,1,1.48408773538231e-05,0
9,0,8,1,1,0,1,1,0.00167813327287601,0
9,0,8,1,1,0,2,1,0.00999406439941611,0
9,0,10,1,0,1,0,1,2.01682366916629e-06,0
9,0,10,1,0,1,1,1,0.000286440582059852,0
9,0,10,1,0,1,2,1,0.00145428531410151,0
9,0,10,1,1,0,0,1,2.23428969314005e-06,0
9,0,10,1,1,0,1,1,0.000252642467551716,0
9,0,10,1,1,0,2,1,0.00151270436465866,0
9,1,-10,0,0,0,0,5.34999999999457e-05,3.18343874145721e-19,165
9,1,-10,0,0,0,1,5.34999999999457e-05,3.04932057581109e-19,134
9,1,-10,0,0,0,2,5.34999999999457e-05,1.84100202414751e-19,130
9,0,8,1,0,0,0,1,0,0
9,0,8,1,0,0,1,1,0.00168261054790791,0
9,0,8,1,0,0,2,1,0.0100338494384715,0
9,0,8,1,0,1,0,1,1.33963974368602e-05,0
9,0,8,1,0,1,1,1,0.00186661568764989,0
9,0,8,1,0,1,2,1,0.0096020017956726,0
9,0,10,1,0,0,0,1,0,0
9,0,10,1,0,0,1,1,0.000253316519982622,0
9,0,10,1,0,0,2,1,0.00151130972156073,0
9,0,8,0,0,1,0,1,0,0
9,0,8,0,0,1,1,1,0.000145422838953804,0
9,0,8,0,0,1,2,1,0.0102579815534789,0
9,0,8,0,1,1,0,1,6.45261307348877e-06,0
9,0,8,0,1,1,1,1,0.000255625155663965,0
9,0,8,0,1,1,2,1,0.0108991427873707,0
9,0,4,0,1,0,0,1,0,0
9,0,4,0,1,0,1,1,0.00348128312968977,0
9,0,4,0,1,0,2,1,0.379293687802916,0
9,0,4,1,0,0,0,1,0,0
9,0,4,1,0,0,1,1,0.0613292740451101,0
9,0,4,1,0,0,2,1,0.365732365736683,0
9,0,4,1,0,1,0,1,0.000488283715232821,0
9,0,4,1,0,1,1,1,0.068109952952782,0
9,0,4,1,0,1,2,1,0.350088446447033,0
9,0,8,0,1,0,0,1,0,0
9,0,8,0,1,0,1,1,9.55113818885471e-05,0
9,0,8,0,1,0,2,1,0.010404045055334,0
9,0,4,0,0,1,0,1,0,0
9,0,4,0,0,1,1,1,0.0053004999604364,0
9,0,4,0,0,1,2,1,0.373910863624115,0
9,0,4,0,1,1,0,1,0.000235190535316144,0
9,0,4,0,1,1,1,1,0.0093951263923762,0
9,0,4,0,1,1,2,1,0.397413165285693,0
9,0,2,0,0,0,0,1,0,0
9,0,2,0,0,0,1,1,0,0
9,0,2,0,0,0,2,1,1.80642493663685,0
9,0,3,1,1,1,0,1,0,0
9,0,3,1,1,1,1,1,0.140417979053553,0
9,0,3,1,1,1,2,1,0.826700450342588,0
9,0,4,0,0,0,0,1,0,0
9,0,4,0,0,0,1,1,0,0
9,0,4,0,0,0,2,1,0.366445744947259,0
9,0,1,1,0,0,0,1,0,0
9,0,1,1,0,0,1,1,0.651677846736611,0
9,0,1,1,1,0,0,1,0.00574789633266397,0
9,0,1,1,1,0,1,1,0.649943790715351,0
9,0,1,1,1,0,2,1,3.87310626430816,0
9,0,1,1,1,1,0,1,0,0
9,0,1,1,1,1,1,1,0.656773985168719,0
9,0,1,1,1,1,2,1,3.86457398212497,0
9,0,1,0,1,1,0,1,0.00249910771020901,0
9,0,1,0,1,1,1,1,0.100809701345072,0
9,0,1,0,1,1,2,1,4.22510270482513,0
9,0,1,1,0,0,2,1,3.88635294174068,0
9,0,1,1,0,1,0,1,0.00518844687294727,0
9,0,1,1,0,1,1,1,0.724656762713491,0
9,0,1,1,0,1,2,1,3.72141014080497,0
9,0,0,1,1,1,0,0.9310605,2.5917664241239,25
9,0,0,1,1,1,1,0.8363855,5.558033890566,61
9,0,0,1,1,1,2,0.66773,6.79796988649505,62
9,0,1,0,0,1,0,1,0,0
9,0,1,0,0,1,1,1,0.0563225059260276,0
9,0,1,0,0,1,2,1,3.97337143800182,0
9,0,1,0,1,0,0,1,0,0
9,0,1,0,1,0,1,1,0.0369917160957754,0
9,0,1,0,1,0,2,1,4.03130944885567,0
9,0,0,1,0,1,2,0.637411,4.66405156123637,56
9,0,0,1,1,0,0,0.8110175,3.50801722845116,64
9,0,0,1,1,0,1,0.7076395,4.07143522706202,114
9,0,0,1,1,0,2,0.6141055,4.03178964983673,135
9,0,1,0,0,0,0,1,0,0
9,0,1,0,0,0,1,1,0,0
9,0,1,0,0,0,2,1,3.89381054530945,0
9,0,-2,1,0,1,0,0.351063,5.41455832415534,11
9,0,-2,1,0,1,1,0.214334,4.51936298579433,33
9,0,-2,1,0,1,2,0.100973,3.01755876789889,40
9,0,-2,1,1,0,0,0.331343,5.47531896383278,47
9,0,-2,1,1,0,1,0.2061825,4.36711765696333,74
9,0,-2,1,1,0,2,0.096909,2.97694114941153,100
9,0,0,1,0,0,0,0.709271,3.23570921134848,247
9,0,0,1,0,0,1,0.634595,2.91048126438686,260
9,0,0,1,0,0,2,0.563073,2.36414196613804,237
9,0,0,1,0,1,0,0.9264955,2.51249101573121,8
9,0,0,1,0,1,1,0.820601,5.28184448190388,38
9,0,-2,0,0,1,0,0.2160005,3.98969591413024,5
9,0,-2,0,0,1,1,0.124844,3.04557867430158,20
9,0,-2,0,1,1,0,0.4367835,5.0962310707125,11
9,0,-2,0,1,1,1,0.2843085,5.1677408320323,18
9,0,-2,0,1,1,2,0.1410615,3.54772690315908,29
9,0,-2,1,0,0,0,0.1900715,3.75175269317773,189
9,0,-2,1,0,0,1,0.1103505,2.60092871838763,232
9,0,-2,1,0,0,2,0.045965,2.37361749403064,242
9,0,-2,0,0,0,0,0.091764,1.95141562549831,802
9,0,-2,0,0,0,1,0.0442914999999999,1.25091375010435,583
9,0,-2,0,0,0,2,0.014117,1.99552699385151,458
9,0,-2,0,0,1,2,0.0470795,2.42293846910783,25
9,0,-2,0,1,0,0,0.204618,3.70132356504561,37
9,0,-2,0,1,0,1,0.1166805,2.80986680698897,49
9,0,-2,0,1,0,2,0.047729,2.45845671514816,80
9,0,-6,0,0,1,0,0.00801650000000009,0.23767392314032,1
9,0,-6,0,0,1,1,0.00279899999999993,0.0940112003713433,3
9,0,-6,0,0,1,2,0.000497500000000055,0.0717059734042709,12
9,0,-6,0,1,1,0,0.0188965,0.519130333224367,4
9,0,-6,0,1,1,1,0.00718449999999993,0.238095570713298,11
9,0,-6,0,1,1,2,0.00147799999999997,0.0920037340520018,8
9,0,-7,1,1,1,0,0.0173430000000001,0.493956398042775,2
9,0,-7,1,1,1,1,0.00635449999999998,0.213451048610427,7
9,0,-7,1,1,1,2,0.00145299999999993,0.0488235035652636,7
9,0,-6,0,0,0,0,0.00291649999999993,0.0821950769925581,316
9,0,-6,0,0,0,1,0.000864499999999995,0.0286622763510739,238
9,0,-6,0,0,0,2,0.000143500000000043,0.065522959958068,178
9,0,-6,0,1,0,0,0.00759999999999995,0.222578305087061,10
9,0,-6,0,1,0,1,0.00241250000000003,0.0836273721433044,20
9,0,-6,0,1,0,2,0.000461499999999944,0.0722664180541921,33
9,0,-9,1,1,0,2,4.550000000002e-05,0.00523380517258712,11
9,0,-9,1,1,1,0,0.00291900000000006,0.0930699271491822,0
9,0,-9,1,1,1,1,0.000833499999999988,0.0295923512535824,3
9,0,-8,0,0,0,0,0.000416499999999936,0.0129194450997724,153
9,0,-8,0,0,0,1,0.000117499999999945,0.00363003378541062,107
9,0,-8,0,0,0,2,1.85000000000368e-05,0.0106102087796265,91
9,0,-9,1,0,1,0,0.00127899999999993,0.0365295614891844,0
9,0,-9,1,0,1,1,0.000346500000000023,0.0113576459598607,1
9,0,-9,1,0,1,2,3.89999999999585e-05,0.00527116373969611,7
9,0,-9,1,1,0,0,0.00114100000000004,0.0368801398281783,4
9,0,-9,1,1,0,1,0.000355499999999961,0.0110480731525655,14
9,0,-9,1,1,1,2,0.000164499999999998,0.00654328054346901,5
9,0,-9,0,0,1,0,0.000503500000000029,0.0163262498919893,2
9,0,-9,0,0,1,1,0.000136999999999994,0.00441162701592755,2
9,0,-9,0,0,1,2,1.39999999999792e-05,0.00498389248401866,3
9,0,-9,0,1,0,0,0.000474499999999964,0.0162653329078757,2
9,0,-9,0,1,0,1,0.000102500000000089,0.00412692248864936,10
9,0,-9,0,1,0,2,1.3500000000008e-05,0.00488780486194564,10
9,0,-9,0,1,1,0,0.0011780000000001,0.0405419893097021,0
9,0,-9,0,1,1,1,0.000320000000000011,0.0118663930985822,2
9,0,-9,0,1,1,2,5.99999999999497e-05,0.00578546307064763,2
9,0,-9,1,0,0,0,0.00044149999999994,0.0145342039043245,27
9,0,-9,1,0,0,1,0.000100500000000027,0.00498227378275814,40
9,0,-9,1,0,0,2,1.1500000000004e-05,0.00474597669420088,44
9,0,-10,1,1,0,0,0.000430000000000047,0.0146347208864905,8
9,0,-10,1,1,0,1,0.000148499999999919,0.00408803858868886,29
9,0,-10,1,1,0,2,1.35000000000903e-05,0.00307591342511069,31
9,0,-9,0,0,0,0,0.000145999999999911,0.00500955743657402,112
9,0,-9,0,0,0,1,3.94999999999952e-05,0.00135926075372619,83
9,0,-9,0,0,0,2,5.50000000005751e-06,0.00449527186793771,60
9,0,-10,1,0,0,0,0.000168499999999981,0.00558816600801245,59
9,0,-10,1,0,0,1,3.45000000000695e-05,0.00219348145853729,78
9,0,-10,1,0,0,2,2e-06,0.00290092874598922,79
9,0,-10,1,0,1,0,0.00049649999999998,0.0146668727368576,6
9,0,-10,1,0,1,1,0.000130500000000043,0.00436926385354844,8
9,0,-10,1,0,1,2,9.000000000004e-06,0.00303942167128525,10
9,0,-10,1,1,1,0,0.00115450000000005,0.0379071382077756,2
9,0,-10,1,1,1,1,0.000292999999999987,0.0102048929567252,7
9,0,-10,1,1,1,2,5.60000000000032e-05,0.00356644402342432,13
8,1,9,0,1,1,0,0.996603524154758,0.0816685160734927,1
8,1,9,0,1,1,1,0.998474535848973,0.0395367881099569,3
8,1,9,0,1,1,2,0.999468206633056,0.0178563011855368,3
8,1,9,1,0,0,0,0.998602689087525,0.0353896641503205,23
8,1,9,1,0,0,1,0.999407715209611,0.0163153542579239,28
8,1,9,1,0,1,0,0.996674230679405,0.0753581273892874,2
8,1,9,1,0,1,1,0.998587416853302,0.0378953718087794,1
8,1,9,1,0,1,2,0.99951271790566,0.0157789793993045,4
8,1,9,1,1,0,0,0.996940926462003,0.0781029830741106,5
8,1,9,1,1,0,1,0.998642265353287,0.0368471423440281,6
8,1,9,1,1,0,2,0.999527522478644,0.0153415892452539,12
8,1,9,0,1,0,0,0.998482453738037,0.0373602318697519,3
8,1,9,0,1,0,1,0.99936426118587,0.0161664109672872,8
8,1,9,0,1,0,2,0.999744509275076,0.00651593760181902,9
8,1,9,1,0,0,2,0.999763352432453,0.00562680970476701,29
8,1,8,1,1,0,0,0.993368275674244,0.162010810098092,9
8,1,8,1,1,0,1,0.996937583723937,0.080921861234231,13
8,1,8,1,1,0,2,0.998847640912755,0.0360008029261295,17
8,1,8,1,1,1,0,0.986075872854935,0.327538423112739,3
8,1,8,1,1,1,1,0.993445571758396,0.178035102804987,3
8,1,8,1,1,1,2,0.997487472862436,0.0903143232062578,2
8,1,9,0,0,0,0,0.999358280513644,0.0144525633010659,85
8,1,9,0,0,0,1,0.999703206763426,0.00610824723718143,61
8,1,9,0,0,0,2,0.999854882042619,0.00206684061075504,46
8,1,9,0,0,1,0,0.998374992909603,0.0388466854431223,0
8,1,9,0,0,1,1,0.999248743263311,0.0176608611571308,0
8,1,9,0,0,1,2,0.999737038485472,0.00689939490856023,5
8,1,5,0,0,0,0,0.983881356133032,0.27201739695213,405
8,1,5,0,0,0,1,0.990561402988796,0.141694596557466,291
8,1,5,0,0,1,0,0.964896725415007,0.629128106319144,2
8,1,5,0,0,1,1,0.979558374142609,0.38087808846445,7
8,1,5,0,0,1,2,0.990529550218733,0.193770615895249,14
8,1,5,0,1,0,0,0.967648897860729,0.600229230007777,16
8,1,5,0,1,0,1,0.982290340642697,0.347820719087665,23
8,1,5,0,1,0,2,0.990789394534688,0.18528226937037,33
8,1,4,1,1,1,0,0.810329922602418,3.11743085231562,9
8,1,4,1,1,1,1,0.881724250942905,2.49468646801296,12
8,1,4,1,1,1,2,0.939408970912409,1.95061914707222,20
8,1,5,0,0,0,2,0.994012236132227,0.0591280291428029,219
8,1,2,1,0,1,0,0.659462000723505,3.7541437037625,15
8,1,2,1,0,1,1,0.763546769787336,3.50854443446352,42
8,1,2,1,0,1,2,0.860694443346139,2.94011755638583,44
8,1,2,1,1,1,0,0.54675605670219,4.91779591173305,13
8,1,2,1,1,1,1,0.67645806981995,5.13500161865553,22
8,1,2,1,1,1,2,0.804140392898395,5.15689356163286,35
8,1,3,0,0,0,0,0.931615006129186,0.919054789549449,713
8,1,3,0,0,0,1,0.954124597597844,0.552196221490179,534
8,1,3,0,0,0,2,0.967522195806309,0.266912475854409,400
8,1,2,0,1,1,0,0.613077808766394,3.62827326293077,6
8,1,2,0,1,1,1,0.722773224391587,3.67019394340185,24
8,1,2,0,1,1,2,0.840367275717932,3.66100086005781,25
8,1,2,1,0,0,0,0.795166522300852,2.80713634060641,204
8,1,2,1,0,0,1,0.855933311170047,2.11876979740132,247
8,1,2,1,0,0,2,0.904938832495748,1.37595737297567,258
8,1,2,1,1,0,0,0.688230895560649,4.08410398689962,52
8,1,2,1,1,0,1,0.784615989229126,3.51030208591703,88
8,1,2,1,1,0,2,0.866334856266757,2.8032965354112,106
8,1,2,0,0,0,0,0.865761920081381,1.50831698171102,933
8,1,2,0,0,0,1,0.902819659315502,0.997703292546509,702
8,1,2,0,0,0,2,0.927171964502936,0.542420895138507,556
8,1,2,0,0,1,0,0.749764212094645,2.73471200807439,3
8,1,2,0,0,1,1,0.819489231861208,2.29909077962682,18
8,1,2,0,0,1,2,0.894809469751759,1.71883929182842,25
8,1,2,0,1,0,0,0.772879222785878,2.66333418259642,48
8,1,2,0,1,0,1,0.842606672782544,2.13545912531575,82
8,1,2,0,1,0,2,0.897274692372868,1.63763281917284,82
8,1,1,1,0,1,0,0.461734384585637,3.58260528938429,19
8,1,1,1,0,1,1,0.589133914138991,4.71808756259637,43
8,1,1,1,1,0,0,0.533110697088511,4.59471498139309,59
8,1,1,1,1,0,1,0.653398870538009,4.52748076941,99
8,1,1,1,1,0,2,0.759067267417181,4.03301130345782,122
8,1,1,1,1,1,0,0.373551599705254,4.56163692614095,16
8,1,1,1,1,1,1,0.514433575752182,5.95400126254778,34
8,1,1,1,1,1,2,0.685426357190086,7.06420521518146,38
8,1,-1,1,0,1,2,0.250755167231117,1.84146905302499,69
8,1,-1,1,1,0,0,0.169393136572241,1.71747358505061,70
8,1,-1,1,1,0,1,0.216333942620791,1.79268317185311,95
8,1,-1,1,1,0,2,0.257946208198827,1.65603083701208,112
8,1,1,1,0,0,0,0.657831879641301,3.65418325905252,243
8,1,1,1,0,0,1,0.738809580343412,3.01627355363594,311
8,1,1,1,0,0,2,0.81032957567926,2.21729974963417,304
8,1,1,1,0,1,2,0.744434697139261,4.39347700867317,66
8,1,-1,0,1,0,0,0.188953486260081,1.19151443244546,63
8,1,-1,0,1,0,1,0.229809425955871,1.25917956888008,95
8,1,-1,0,1,0,2,0.26568853981349,1.33792914128846,112
8,1,-1,1,0,0,0,0.217431419023262,1.43658430542808,249
8,1,-1,1,0,0,1,0.249721407612371,1.21928904898942,304
8,1,-1,1,0,0,2,0.27898415125763,0.92662129228782,327
8,1,-1,1,0,1,0,0.134016050557146,1.22841169746578,19
8,1,-1,1,0,1,1,0.183238613278108,2.0104861195239,51
8,1,-1,0,0,0,0,0.251951213359162,0.896499451107844,1088
8,1,-1,0,0,0,1,0.274481320228772,0.685548424677621,794
8,1,-1,0,0,0,2,0.291629449885168,0.471259405243801,636
8,1,-1,0,0,1,0,0.155545226328573,1.12583116276461,7
8,1,-1,0,0,1,1,0.193367850120741,1.73456450784732,33
8,1,-1,0,0,1,2,0.260335787802002,1.50362901420285,55
8,1,-1,0,1,1,0,0.121814295977016,1.25545846258644,11
8,1,-1,0,1,1,1,0.166845736260975,1.94125980987647,22
8,1,-1,0,1,1,2,0.245713634607471,2.06932464196331,30
8,1,-2,1,0,1,0,0.0691968812146137,0.666794509278726,21
8,1,-2,1,0,1,1,0.096147108425124,1.11318052252728,44
8,1,-2,1,0,1,2,0.133602425117078,1.01854151847874,54
8,1,-2,1,1,0,0,0.0890590632426843,0.93684404167278,52
8,1,-2,1,1,0,1,0.114789761254544,0.984696732327124,87
8,1,-2,1,1,0,2,0.137640623943487,0.9141683613001,97
8,1,-2,1,1,1,0,0.0564268492592711,0.829560522336415,17
8,1,-2,1,1,1,1,0.0842949085114678,1.30248860923178,37
8,1,-2,1,1,1,2,0.122724377199594,1.57666392006966,35
8,1,-5,0,0,0,0,0.0161199357042228,0.0632861202767673,387
8,1,-5,0,0,0,1,0.0177134087912932,0.0489512772152095,301
8,1,-5,0,0,0,2,0.0189400448612242,0.0341628049465894,257
8,1,-5,0,0,1,0,0.0091455379096241,0.0783362639091145,3
8,1,-5,0,0,1,1,0.0117935934618029,0.125386415981187,9
8,1,-5,0,0,1,2,0.0166576700118878,0.109077555209428,13
8,1,-8,1,1,1,0,0.000667629818809557,0.00804048320877743,3
8,1,-8,1,1,1,1,0.000955930165266785,0.0147494161971376,4
8,1,-8,1,1,1,2,0.0013943259387771,0.0181634684596001,12
8,1,-7,0,0,0,0,0.00340566841233494,0.0136797178375057,177
8,1,-7,0,0,0,1,0.00375049984458451,0.0106730779240585,121
8,1,-7,0,0,0,2,0.00401824137906334,0.007520696742012,94
8,1,-6,1,1,1,0,0.00292582170365584,0.0470209319673776,12
8,1,-6,1,1,1,1,0.00454327452265693,0.0781131524634762,17
8,1,-6,1,1,1,2,0.00685561572549645,0.0951662548100644,18
8,1,-8,1,0,0,0,0.00129504996613566,0.00893285467709127,33
8,1,-8,1,0,0,1,0.00149765419584451,0.0078552909156068,43
8,1,-8,1,0,0,2,0.00168778608021656,0.00621906303670898,45
8,1,-8,1,1,0,0,0.00101219459125172,0.0100691391576565,16
8,1,-8,1,1,0,1,0.00129806654731912,0.0110979456190551,13
8,1,-8,1,1,0,2,0.00155584221003268,0.0107079702222719,20
8,1,-8,0,0,0,0,0.00150773832840089,0.00580807264964978,112
8,1,-8,0,0,0,1,0.00165446273468407,0.00459601346129547,83
8,1,-8,0,0,0,2,0.00176995843375936,0.00329240724255308,67
8,1,-8,0,1,0,0,0.00108812554713317,0.0072884129734658,8
8,1,-8,0,1,0,1,0.00135090618407183,0.00814940638428938,15
8,1,-8,0,1,0,2,0.00158877872176657,0.00925521239878485,21
8,1,-8,0,1,1,0,0.000693708533690378,0.00702018099364726,4
8,1,-8,0,1,1,1,0.000952874056523413,0.012754679562653,5
8,1,-8,0,1,1,2,0.00147696774200883,0.0133653464372031,8
8,1,-8,1,0,1,0,0.000756031177381331,0.00700142089427472,4
8,1,-8,1,0,1,1,0.00105297683041791,0.013224967501011,11
8,1,-8,1,0,1,2,0.00150335086245998,0.0120621394112873,11
8,1,-9,1,1,1,0,0.000408167046590534,0.00234243483143235,4
8,1,-9,1,1,1,1,0.000493734177795586,0.00503099225627482,5
8,1,-9,1,1,1,2,0.000646164780351209,0.00617902562609746,2
8,1,-8,0,0,1,0,0.000842823947186319,0.00697815433135258,1
8,1,-8,0,0,1,1,0.00108165900548394,0.0119382446927853,4
8,1,-8,0,0,1,2,0.00154849182771208,0.0104981703423311,13
8,0,10,1,1,0,0,0.999957790655,9.82051560658253e-16,18
8,0,10,1,1,0,1,0.999957790655,5.79136248081985e-15,28
8,0,10,1,1,0,2,0.999957790655,4.97129581436191e-15,40
8,1,-9,1,0,1,0,0.000412292887139265,0.00227078582959787,2
8,1,-9,1,0,1,1,0.000508000186588891,0.00478450368542353,7
8,1,-9,1,0,1,2,0.000673567049704322,0.00424414130002069,10
8,1,-9,1,1,0,0,0.000516661740345465,0.00317054101379975,6
8,1,-9,1,1,0,1,0.000610094630651415,0.00367975743434943,14
8,1,-9,1,1,0,2,0.000694630527668931,0.00367123963907151,15
8,0,10,0,1,0,0,0.999957790655,2.90156569756886e-15,12
8,0,10,0,1,0,1,0.999957790655,9.80026214006197e-15,31
8,0,10,0,1,0,2,0.999957790655,4.91933327274919e-15,33
8,0,10,1,0,0,0,0.999957790655,2.90481675223717e-15,37
8,0,10,1,0,0,1,0.999957790655,1.10785568242689e-15,50
8,0,10,1,0,0,2,0.999957790655,3.13938105628377e-15,71
8,0,10,1,0,1,0,0.999957790655,1.86218928562277e-15,6
8,0,10,1,0,1,1,0.999957790655,6.62114113116636e-16,13
8,0,10,1,0,1,2,0.999957790655,5.47261328464714e-15,26
8,1,-9,1,0,0,0,0.000608620083257055,0.00292442941250436,19
8,1,-9,1,0,0,1,0.000676112146524743,0.00263048888362644,33
8,1,-9,1,0,0,2,0.000740753629049673,0.00213943485267521,30
8,0,10,0,0,1,0,0.999957790655,4.08963113295544e-15,1
8,0,10,0,0,1,1,0.999957790655,2.55213543885573e-16,3
8,0,10,0,0,1,2,0.999957790655,8.2310946504274e-15,11
8,0,10,0,1,1,0,0.999957790655,1.28866095711657e-15,3
8,0,10,0,1,1,1,0.999957790655,1.39792256653646e-15,6
8,0,10,0,1,1,2,0.999957790655,2.11317081467235e-15,12
8,0,9,1,0,1,0,0.999947004692287,0.000368679936797368,3
8,0,9,1,0,1,1,0.999931465859584,0.000776801798461689,4
8,0,9,1,0,1,2,0.999904584777346,0.000689069715803244,8
8,0,9,1,1,1,0,0.999947674554946,0.000380312715689114,2
8,0,9,1,1,1,1,0.999933782058299,0.000816821156313233,9
8,0,9,1,1,1,2,0.999909033751266,0.00100321340198905,5
8,0,10,0,0,0,0,0.999957790655,3.14459305779695e-15,151
8,0,10,0,0,0,1,0.999957790655,6.24299585391699e-15,130
8,0,10,0,0,0,2,0.999957790655,4.5075463432654e-15,109
8,0,9,1,0,0,0,0.999915129428089,0.00047480411270854,18
8,0,9,1,0,0,1,0.999904171560863,0.000427080556307953,34
8,0,9,1,0,0,2,0.999893676507837,0.000347354072756521,51
8,0,9,1,1,0,0,0.999930059588217,0.000514762266587575,5
8,0,9,1,1,0,1,0.999914890023724,0.000597437556921097,14
8,0,9,1,1,0,2,0.999901164956056,0.000596054625874245,21
8,0,4,0,0,0,0,0.988937962009962,0.0465561375414179,543
8,0,4,0,0,0,1,0.98776415925943,0.0362785528706077,429
8,0,4,0,0,0,2,0.986853948264744,0.025575478093355,339
8,0,5,1,1,1,0,0.998370574970639,0.0296484702585954,8
8,0,5,1,1,1,1,0.997337720904644,0.0507439234736376,17
8,0,5,1,1,1,2,0.995832400614132,0.0618871578480563,29
8,0,3,1,0,0,0,0.977950020912974,0.170165847675588,164
8,0,3,1,0,0,1,0.974103363108365,0.146835335742561,194
8,0,3,1,0,0,2,0.970561508740056,0.113723223366968,197
8,0,3,1,1,0,0,0.983529767756695,0.197733414756649,47
8,0,3,1,1,0,1,0.978014314024059,0.21248993100311,82
8,0,3,1,1,0,2,0.973087602623794,0.200418837760226,104
8,0,3,1,1,1,0,0.990383368297713,0.167289909174301,18
8,0,3,1,1,1,1,0.984591645069029,0.281974225523212,39
8,0,3,1,1,1,2,0.976233549190158,0.34333919811129,40
8,0,3,0,1,0,2,0.972316390995524,0.167786430221524,98
8,0,3,0,1,1,0,0.989302794787473,0.140921101246536,10
8,0,3,0,1,1,1,0.984181804176185,0.236791342540249,25
8,0,3,0,1,1,2,0.974489721024111,0.248169153347428,32
8,0,3,1,0,1,0,0.988114502539036,0.138851881479479,14
8,0,3,1,0,1,1,0.982359333742166,0.246442820669422,37
8,0,3,1,0,1,2,0.974020284854093,0.224688204440504,55
8,0,2,1,1,1,0,0.977538814478189,0.381884348588063,16
8,0,2,1,1,1,1,0.964371382382561,0.637245000700109,46
8,0,2,1,1,1,2,0.94549541469682,0.775426788916557,43
8,0,3,0,0,1,0,0.986022058059138,0.133216026767927,2
8,0,3,0,0,1,1,0.981503197439231,0.217843757106949,19
8,0,3,0,0,1,2,0.973029703402608,0.189809214647918,36
8,0,3,0,1,0,0,0.981650273718859,0.139466729323319,30
8,0,3,0,1,0,1,0.976712935418533,0.152209678704867,72
8,0,0,1,1,0,0,0.759519981136438,3.12179242445832,76
8,0,0,1,1,0,1,0.670839065968876,3.43691442153893,128
8,0,0,1,1,0,2,0.591396307546145,3.29392587417824,160
8,0,2,1,0,1,0,0.972252002887211,0.315492958078284,16
8,0,2,1,0,1,1,0.959217886569798,0.555223452142158,31
8,0,2,1,0,1,2,0.940445728862651,0.506563748056082,64
8,0,2,1,1,0,0,0.961984881794353,0.448542261942721,59
8,0,2,1,1,0,1,0.949500736859665,0.480541370364037,99
8,0,2,1,1,0,2,0.938356908602145,0.452277385160298,123
8,0,3,0,0,0,0,0.973897731776109,0.108470752560012,668
8,0,3,0,0,0,1,0.971163469149935,0.0844209828773512,500
8,0,3,0,0,0,2,0.96904579660911,0.0594198677314224,394
8,0,0,1,0,1,0,0.840634895174908,2.17785048055184,25
8,0,0,1,0,1,1,0.748594339619995,4.12940195074753,40
8,0,0,1,0,1,2,0.607837384319032,3.72871640746122,76
8,0,2,1,0,0,0,0.949340940152608,0.384891545403725,216
8,0,2,1,0,0,1,0.940646138458085,0.331565155490885,251
8,0,2,1,0,0,2,0.932653045321986,0.256303559696267,267
8,0,0,0,0,1,0,0.814155262623979,2.14707563719819,5
8,0,0,0,0,1,1,0.740635097804756,3.73058035261318,32
8,0,0,0,0,1,2,0.594451831780393,3.25313245758799,51
8,0,0,0,1,1,0,0.852923697728169,2.16268937483119,6
8,0,0,0,1,1,1,0.773868839525261,3.93911292820179,27
8,0,0,0,1,1,2,0.611673672728404,4.00073383736284,20
8,0,0,1,0,0,0,0.670411688803441,2.74342345553718,290
8,0,0,1,0,0,1,0.607973712895516,2.39566170333118,290
8,0,0,1,0,0,2,0.54984876941672,1.8820287017069,314
8,0,-1,1,1,1,0,0.708646874178966,4.595457702207,16
8,0,-1,1,1,1,1,0.560042982159525,6.59252835545359,39
8,0,-1,1,1,1,2,0.368423537140413,7.99098259255702,52
8,0,0,0,0,0,0,0.60612868318569,1.78339465143246,1075
8,0,0,0,0,0,1,0.561022415060505,1.40954700236938,738
8,0,0,0,0,0,2,0.525553177457663,1.0155723057485,585
8,0,0,0,1,0,0,0.736043222255726,2.24819281765663,64
8,0,0,0,1,0,1,0.654618939137884,2.49681493989018,112
8,0,0,0,1,0,2,0.581452438452072,2.85297605992337,103
8,0,-1,1,0,0,0,0.404055430602819,4.08650015497693,276
8,0,-1,1,0,0,1,0.313048901555184,3.45234472521227,318
8,0,-1,1,0,0,2,0.230781887828526,2.60884881559094,275
8,0,-1,1,1,0,0,0.538951958128453,4.94064006170695,58
8,0,-1,1,1,0,1,0.406346405786028,5.04854948070586,115
8,0,-1,1,1,0,2,0.288394716067938,4.62644041527772,131
8,0,-6,0,0,0,0,0.00926502952145014,0.167941555916327,297
8,0,-6,0,0,0,1,0.00512817471274254,0.0827122735786521,218
8,0,-1,0,1,0,0,0.475187826625474,3.45008979438009,53
8,0,-1,0,1,0,1,0.362158023756065,3.53483614122117,104
8,0,-1,0,1,0,2,0.263083153341801,3.61028518865936,94
8,0,-1,0,1,1,0,0.679092748336333,3.74912172332208,9
8,0,-1,0,1,1,1,0.546188058694494,5.34021846435015,20
8,0,-1,0,1,1,2,0.330748896559155,6.00944139137226,25
8,0,-1,1,0,1,0,0.627753990488552,3.69163490458807,20
8,0,-1,1,0,1,1,0.487992124928283,5.44772505311505,45
8,0,-1,1,0,1,2,0.30672935876295,5.0783143604925,60
8,0,-7,1,1,0,0,0.0171235162385465,0.395362045710747,13
8,0,-7,1,1,0,1,0.0083646365324873,0.211998311502703,17
8,0,-7,1,1,0,2,0.00342355020184826,0.101566900946341,22
8,0,-7,1,1,1,0,0.0346813312355884,0.7623828657702,3
8,0,-7,1,1,1,1,0.0175058409723828,0.454230855688232,3
8,0,-7,1,1,1,2,0.00713841699731202,0.251095821674189,5
8,0,-6,0,0,0,2,0.00310325456288818,0.0330222160952632,151
8,0,-7,0,1,1,0,0.0194059663775671,0.403493497497371,0
8,0,-7,0,1,1,1,0.00979887117784863,0.228892680973254,1
8,0,-7,0,1,1,2,0.00380465822133438,0.119003213340509,3
8,0,-7,1,0,1,0,0.0184627043838018,0.376376225856798,2
8,0,-7,1,0,1,1,0.00887616562210147,0.217617991598093,6
8,0,-7,1,0,1,2,0.00356868212261902,0.10519031251769,11
8,0,-8,1,1,1,0,0.017051269580061,0.398218356871897,4
8,0,-8,1,1,1,1,0.0080912389572809,0.218798663486549,5
8,0,-8,1,1,1,2,0.00311984100302251,0.111948268514914,5
8,0,-7,0,0,1,0,0.00977077096891045,0.205795190734856,0
8,0,-7,0,0,1,1,0.00509391187071967,0.107402935812357,2
8,0,-7,0,0,1,2,0.0020964281723525,0.0480029293652436,5
8,0,-7,0,1,0,0,0.00906548650654643,0.19573072972433,5
8,0,-7,0,1,0,1,0.00437626225923541,0.0976518705065904,12
8,0,-7,0,1,0,2,0.00202959310931085,0.0457460126932111,14
8,0,-7,1,0,0,0,0.00832661172452409,0.189794187059088,39
8,0,-7,1,0,0,1,0.00406089551597216,0.096382813904515,51
8,0,-7,1,0,0,2,0.0018874605874743,0.039035820487195,63
8,0,-8,1,1,0,0,0.00815560812113543,0.198013102896049,13
8,0,-8,1,1,0,1,0.00378542392779389,0.0996832404824363,13
8,0,-8,1,1,0,2,0.00143865986633483,0.0447117641543969,19
8,0,-7,0,0,0,0,0.00420659276389271,0.0821561885258048,197
8,0,-7,0,0,0,1,0.00219245007444664,0.0383020955556719,152
8,0,-7,0,0,0,2,0.00124576778647483,0.0145523545775542,122
8,0,-10,1,0,1,0,0.00186092956686073,0.0436371698706981,1
8,0,-10,1,0,1,1,0.000758721283812131,0.020696212164414,5
8,0,-8,1,0,0,0,0.00383277930568347,0.0923585814700928,36
8,0,-8,1,0,0,1,0.00174474640152131,0.0445691113107152,42
8,0,-8,1,0,0,2,0.000757240175984271,0.0167977323619407,46
8,0,-8,1,0,1,0,0.00882359060007188,0.190053713222222,2
8,0,-8,1,0,1,1,0.00397989893700775,0.102434015725329,9
8,0,-8,1,0,1,2,0.00149380114574133,0.0462042031693646,10
8,0,-10,0,1,1,0,0.00188629065777981,0.047591759117507,5
8,0,-10,0,1,1,1,0.000811373972432159,0.0216847194999204,9
8,0,-10,0,1,1,2,0.000275558169060691,0.00913320374845585,6
8,0,-10,1,0,0,0,0.000768546195661662,0.0198927909248425,38
8,0,-10,1,0,0,1,0.000312598142888187,0.00887338632429849,52
8,0,-10,1,0,0,2,0.000122961433753693,0.00282555133451199,46
8,0,-10,1,0,1,2,0.000250438295039883,0.00806197075173049,9
8,0,-10,1,1,0,0,0.00170510188901334,0.044990239243967,13
8,0,-10,1,1,0,1,0.00074377814518615,0.0200913352815347,16
8,0,-10,1,1,0,2,0.000245422272779766,0.00790323357214494,11
8,0,-10,0,0,0,0,0.000345859623916009,0.00793969756798612,174
8,0,-10,0,0,0,1,0.000158467772573658,0.00324162553952895,127
8,0,-10,0,0,0,2,7.74883542860868e-05,0.00100551459985624,95
8,0,-10,0,0,1,2,0.000134792682998238,0.0034031073387257,8
8,0,-10,0,1,0,0,0.000831941543455624,0.021147060848972,9
8,0,-10,0,1,0,1,0.000335433852230337,0.00871504651371938,5
8,0,-10,0,1,0,2,0.000132771556636327,0.00322298585113531,10
7,1,10,1,0,0,0,0.998399482663465,0.033798356541691,33
7,1,10,1,0,0,1,0.999161880801279,0.0172465799141893,40
7,1,10,1,0,0,2,0.999545884515753,0.00704986007083133,34
7,1,10,1,1,0,0,0.996845449125346,0.0706111437634097,6
7,1,10,1,1,0,1,0.998388973512542,0.037152902194903,13
7,1,10,1,1,0,2,0.999272067190561,0.0181003515705939,17
7,1,10,1,1,1,0,0.993695110445496,0.138634276738944,1
7,1,10,1,1,1,1,0.996839656606132,0.0781246891350302,0
7,1,10,1,1,1,2,0.998621790930192,0.0437266524528397,5
8,0,-10,0,0,1,0,0.000885689797682502,0.0219797462743768,0
8,0,-10,0,0,1,1,0.000396637532488119,0.00944538508189527,5
7,1,10,0,1,1,0,0.996440804274395,0.0724918567570561,3
7,1,10,0,1,1,1,0.99814901295058,0.0398201775708581,1
7,1,10,0,1,1,2,0.999192175719529,0.0213620434778284,2
7,1,10,1,0,1,0,0.996584426500044,0.0676290124971172,2
7,1,10,1,0,1,1,0.9983054209278,0.0380412860817485,6
7,1,10,1,0,1,2,0.999248837532356,0.018714163356564,7
7,1,10,0,0,1,0,0.998131216232611,0.0364990148787242,2
7,1,10,0,0,1,1,0.998965137048609,0.0188749380243675,1
7,1,10,0,0,1,2,0.999506017372663,0.00868815380200666,2
7,1,10,0,1,0,0,0.9982609476956,0.0350483596879771,7
7,1,10,0,1,0,1,0.999100822456281,0.0173258321598819,7
7,1,10,0,1,0,2,0.999516235717968,0.00825570856948341,11
7,1,4,1,0,1,0,0.852752618856731,1.87970707383072,10
7,1,4,1,0,1,1,0.902741899817803,1.51668452964944,17
7,1,4,1,0,1,2,0.9437896879479,1.08707154506258,22
7,1,4,1,1,0,0,0.86461367927474,2.03827860512095,38
7,1,4,1,1,0,1,0.911088811247654,1.51325511725359,67
7,1,4,1,1,0,2,0.9458468594966,1.03566962246072,85
7,1,4,1,1,1,0,0.782577613630107,2.99069419946619,6
7,1,4,1,1,1,1,0.854282480184317,2.56293268121946,11
7,1,4,1,1,1,2,0.916190047728537,2.19719958111133,22
7,1,4,0,1,0,0,0.906802473282866,1.17685684724368,22
7,1,4,0,1,0,1,0.937087079347687,0.825263950321121,43
7,1,4,0,1,0,2,0.957941047103555,0.561148489596538,42
7,1,4,0,1,1,0,0.840928020745432,1.91988053229006,7
7,1,4,0,1,1,1,0.892104517321224,1.57582202013864,11
7,1,4,0,1,1,2,0.939697229094022,1.2639780431891,16
7,1,4,1,0,0,0,0.915619014623188,1.21082860466798,121
7,1,4,1,0,0,1,0.942088142734373,0.810441445068309,140
7,1,4,1,0,0,2,0.960886702940501,0.457624048661099,149
7,1,3,1,1,0,0,0.778673577418096,2.87441730799506,47
7,1,3,1,1,0,1,0.845352941339956,2.31841093650961,70
7,1,4,0,0,0,0,0.944187191135038,0.607939707650519,546
7,1,4,0,0,0,1,0.959134988250768,0.36633418598432,402
7,1,4,0,0,0,2,0.968067353366879,0.184035909767713,315
7,1,4,0,0,1,0,0.897679634196736,1.20802873341438,2
7,1,4,0,0,1,1,0.92774536981192,0.894729172847287,5
7,1,4,0,0,1,2,0.956873735248583,0.595690688408175,19
7,1,3,1,0,0,0,0.853338550525098,1.83417397200703,182
7,1,3,1,0,0,1,0.893347733929149,1.30826612975218,217
7,1,3,1,0,0,2,0.923729686079346,0.792172769899721,207
7,1,3,1,0,1,0,0.758624963617232,2.60773346968101,10
7,1,3,1,0,1,1,0.830412746620549,2.29633699881449,25
7,1,3,1,0,1,2,0.895083271010198,1.82439811707668,47
7,1,3,1,1,0,2,0.898730159776805,1.72925961569077,75
7,1,3,1,1,1,0,0.670779946871407,3.80131103341064,14
7,1,3,1,1,1,1,0.766010376236558,3.59555207667354,21
7,1,3,1,1,1,2,0.855833713366843,3.40467955789009,29
7,1,1,1,0,1,0,0.463185520103541,3.01348861810836,13
7,1,1,1,0,1,1,0.567888664990734,3.7965416172766,37
7,1,1,1,0,1,2,0.69232522538955,3.51118428860239,49
7,1,1,1,1,0,0,0.519151902509771,3.81517686338744,68
7,1,1,1,1,0,1,0.617853882324578,3.68538060630106,104
7,1,1,1,1,0,2,0.703692530418337,3.22892238354429,148
7,1,1,0,1,0,0,0.5780012889078,2.57891227641785,48
7,1,1,0,1,0,1,0.65802855571038,2.46597708196717,88
7,1,1,0,1,0,2,0.725750897615442,2.36183442442963,123
7,1,1,0,1,1,0,0.426300744380396,3.01816231752952,9
7,1,1,0,1,1,1,0.5283385233524,3.73295449622514,32
7,1,1,0,1,1,2,0.675965538061154,4.14655895638899,27
7,1,1,1,0,0,0,0.6226146551329,2.96435492409707,275
7,1,1,1,0,0,1,0.688257623799153,2.41275059719213,340
7,1,1,1,0,0,2,0.745393799746759,1.74483507463718,306
7,1,0,1,1,0,0,0.354135903977552,3.06925898053027,77
7,1,0,1,1,0,1,0.436819428783417,3.13278560306353,125
7,1,0,1,1,0,2,0.509534494549818,2.84555283197394,155
7,1,0,1,1,1,0,0.246168802758525,2.88098665963153,24
7,1,0,1,1,1,1,0.339257809329382,4.14653573292586,62
7,1,0,1,1,1,2,0.460805367823289,4.96061428739534,61
7,1,1,0,0,0,0,0.695455275106943,1.75171499608212,1171
7,1,1,0,0,0,1,0.739123330956284,1.27688758617828,856
7,1,1,0,0,0,2,0.770804586014521,0.818359693501994,662
7,1,1,0,0,1,0,0.527017274747895,2.42322390275492,7
7,1,1,0,0,1,1,0.603361552888542,3.04475332137868,26
7,1,1,0,0,1,2,0.718148871621773,2.59962722597304,47
7,1,0,0,1,1,0,0.273172904271965,2.28816846026313,14
7,1,0,0,1,1,1,0.353969630049158,3.32910612417204,24
7,1,0,1,0,1,0,0.295942942559088,2.24163987831527,21
7,1,0,1,0,1,1,0.382911845757802,3.43796026119165,51
7,1,0,1,0,1,2,0.497741939039879,3.14887529683766,63
7,1,0,0,0,1,0,0.338197147276422,1.96920616394004,5
7,1,0,0,0,1,1,0.403895616485845,2.91306023692785,26
7,1,0,0,0,1,2,0.515776732756182,2.51019276557858,60
7,1,0,0,1,0,0,0.39278155169155,2.10315319954772,62
7,1,0,0,1,0,1,0.463269328749934,2.16543316587733,118
7,1,0,0,1,0,2,0.524422096833712,2.24212760770443,134
7,1,0,0,1,1,2,0.488329973421122,3.56202936816656,20
7,1,0,1,0,0,0,0.43953320844367,2.50930603517915,320
7,1,0,1,0,0,1,0.49574741995832,2.10064135086469,352
7,1,0,1,0,0,2,0.546008161129858,1.57193159311303,345
7,1,-6,1,0,1,0,0.00773623028338018,0.0746817136517515,7
7,1,-6,1,0,1,1,0.0107744369499981,0.126828466056024,11
7,1,-6,1,0,1,2,0.0150466660247884,0.116146810625624,20
7,1,-2,0,1,0,0,0.138437346651972,0.815693518363883,44
7,1,-2,0,1,0,1,0.166129551694182,0.852649238530048,91
7,1,-2,0,1,0,2,0.190330484963609,0.896026684513979,110
7,1,-2,0,1,1,0,0.0922477536386505,0.870932253596516,12
7,1,-2,0,1,1,1,0.12329814931566,1.31235163166367,28
7,1,-2,0,1,1,2,0.176473586107129,1.40276025008206,34
7,1,-6,1,0,0,0,0.0129790533534355,0.0893244912893447,67
7,1,-6,1,0,0,1,0.0149910870369712,0.0764563069460501,81
7,1,-6,1,0,0,2,0.0168296276737612,0.0586115838547907,84
7,1,-6,1,1,0,0,0.0100200747835048,0.105295492711317,7
7,1,-6,1,1,0,1,0.0129231487155461,0.11154545327092,28
7,1,-6,1,1,0,2,0.0155113090346199,0.104119748307035,38
7,1,-6,0,0,0,0,0.0151199292073434,0.0562790325503781,241
7,1,-6,0,0,0,1,0.0165359836484246,0.0433844330254301,177
7,1,-6,0,0,0,2,0.0176223852508776,0.0301218075300904,157
7,1,-6,0,0,1,0,0.00897175690076634,0.0699529417372163,1
7,1,-6,0,0,1,1,0.0113317330033195,0.110591495079783,9
7,1,-6,0,1,0,0,0.0111380000424661,0.073685367200999,11
7,1,-6,0,1,0,1,0.0136989475207071,0.0790656573314499,28
7,1,-6,0,1,0,2,0.0159642910778565,0.0853328331489684,45
7,1,-6,0,1,1,0,0.00702373386458059,0.076099489301191,6
7,1,-6,0,1,1,1,0.0097735952938203,0.122219302249992,9
7,1,-6,0,1,1,2,0.0147558725286155,0.129702676523697,4
7,1,-7,1,1,0,2,0.00776382929648026,0.0522523518834744,32
7,1,-7,1,1,1,0,0.0032773991035561,0.0437126353282768,2
7,1,-7,1,1,1,1,0.00478536728063243,0.0729758505524077,5
7,1,-7,1,1,1,2,0.00694499470561443,0.0891176945305331,9
7,1,-6,0,0,1,2,0.0156146310289402,0.0961456362857708,14
7,1,-9,1,1,0,0,0.00147720600218678,0.0077503827905491,2
7,1,-9,1,1,0,1,0.00170560256351391,0.00899516157288172,9
7,1,-9,1,1,0,2,0.00191225043798596,0.00897433983499911,9
7,1,-7,1,0,0,0,0.00649894962531267,0.0444044757271952,46
7,1,-7,1,0,0,1,0.0075005732400246,0.0383076021847546,47
7,1,-7,1,0,0,2,0.00842280738274042,0.0296096550743276,75
7,1,-7,1,0,1,0,0.00387882264612939,0.0364091527238069,4
7,1,-7,1,0,1,1,0.00537770646704773,0.0636443346493841,9
7,1,-7,1,0,1,2,0.00752641629981188,0.0584051485663205,18
7,1,-7,1,1,0,0,0.00504359331212486,0.0516272742840069,9
7,1,-7,1,1,0,1,0.00647755769671549,0.0554051051926626,19
7,1,-9,0,1,0,0,0.0014946619524958,0.00595332562930717,3
7,1,-9,0,1,0,1,0.0017176091907705,0.00677912629982457,7
7,1,-9,0,1,0,2,0.00192253709848954,0.00837021948437319,11
7,1,-9,1,0,0,0,0.00170199803460249,0.00714876334739033,10
7,1,-9,1,0,0,1,0.00186698228283388,0.00643022616192428,16
7,1,-9,1,0,0,2,0.00202499829068119,0.00522984531393992,23
7,1,-9,1,0,1,0,0.00122207649582242,0.00555093258158045,0
7,1,-9,1,0,1,1,0.00145603284691701,0.011695712139798,1
7,1,-9,1,0,1,2,0.0018607607974434,0.0103747970927263,8
7,1,-9,0,0,1,0,0.00124481496444417,0.00558788623678761,0
7,1,-9,0,0,1,1,0.00144022837399768,0.0111162668403066,1
7,1,-9,0,0,1,2,0.00187961636103184,0.00969148953001234,4
7,1,-9,0,1,1,0,0.00122879839543199,0.00494583548736231,0
7,1,-9,0,1,1,1,0.00141242611115897,0.0110251483421146,1
7,1,-9,0,1,1,2,0.00187144624278823,0.0104913485268491,4
7,1,-10,1,0,1,0,0.00105968048272418,0,1
7,1,-10,1,0,1,1,0.00105968048272418,0,2
7,1,-10,1,0,1,2,0.00105968048272418,3.66306756839598e-18,8
7,1,-10,1,1,0,0,0.00105968048272418,0,4
7,1,-10,1,1,0,1,0.00105968048272418,0,12
7,1,-10,1,1,1,0,0.00105968048272418,0,3
7,1,-10,1,1,1,1,0.00105968048272418,0,3
7,1,-10,1,1,1,2,0.00105968048272418,1.79491892384037e-21,6
7,1,-9,0,0,0,0,0.00186338548659251,0.00486217878997813,54
7,1,-9,0,0,0,1,0.00198726617482844,0.00397956151283358,47
7,1,-9,0,0,0,2,0.00208805379628738,0.00300721589582561,45
7,1,-10,0,1,1,0,0.00105968048272418,0,0
7,1,-10,0,1,1,1,0.00105968048272418,0,0
7,1,-10,0,1,1,2,0.00105968048272418,0,7
7,1,-10,1,0,0,0,0.00105968048272418,0,25
7,1,-10,1,0,0,1,0.00105968048272418,0,34
7,1,-10,1,0,0,2,0.00105968048272418,0,45
7,1,-10,1,1,0,2,0.00105968048272418,2.63036720356482e-21,23
7,0,9,0,1,1,0,0.999666780248571,0.00163090180135688,2
7,0,9,0,1,1,1,0.999606228543379,0.00363557064065749,7
7,0,9,0,1,1,2,0.999454865490272,0.00345954879712943,4
7,1,-10,0,0,1,0,0.00105968048272418,0,1
7,1,-10,0,0,1,1,0.00105968048272418,0,3
7,1,-10,0,0,1,2,0.00105968048272418,0,6
7,1,-10,0,1,0,0,0.00105968048272418,0,9
7,1,-10,0,1,0,1,0.00105968048272418,0,11
7,1,-10,0,1,0,2,0.00105968048272418,0,12
7,0,5,1,0,0,0,0.988830581290628,0.0815921380535451,81
7,0,5,1,0,0,1,0.986989968857966,0.070033013315149,99
7,0,5,1,0,0,2,0.985303721415155,0.0538996438335687,137
7,0,9,0,0,1,0,0.999661498744299,0.00184261966509777,0
7,0,9,0,0,1,1,0.999597060676664,0.0036656171966381,1
7,0,9,0,0,1,2,0.999452171373051,0.00319579326338646,4
7,0,9,0,1,0,0,0.999579111066036,0.00196312423203621,5
7,0,9,0,1,0,1,0.999505593648516,0.00223543409849522,9
7,0,9,0,1,0,2,0.999438018150968,0.00276010111328927,13
7,0,5,0,1,0,0,0.99054920959785,0.0671166848604818,25
7,0,5,0,1,0,1,0.988198574908792,0.0724966246733866,42
7,0,5,0,1,0,2,0.986114520593535,0.0789121668142113,52
7,0,5,0,1,1,0,0.99427107751274,0.0687805417722623,6
7,0,5,0,1,1,1,0.991780547649893,0.112385479415368,17
7,0,5,0,1,1,2,0.987191838838415,0.118589204281068,22
7,0,5,1,0,1,0,0.993654376973877,0.0675630630523398,9
7,0,5,1,0,1,1,0.990883788219957,0.116760524835116,18
7,0,5,1,0,1,2,0.986943202620429,0.106678705538078,41
7,0,4,1,1,1,0,0.988990461785398,0.172394322417831,12
7,0,4,1,1,1,1,0.983128560812559,0.278442244556672,28
7,0,4,1,1,1,2,0.974897489218498,0.337937897482498,41
7,0,5,0,0,1,0,0.992574849322415,0.0638932721723016,0
7,0,5,0,0,1,1,0.990414672548744,0.102369779448325,9
7,0,5,0,0,1,2,0.986442981397743,0.0890623293059098,28
7,0,2,1,1,0,0,0.926706512536249,0.774052154774893,68
7,0,2,1,1,0,1,0.905436722032508,0.814153595217413,108
7,0,2,1,1,0,2,0.886544009078432,0.75621774803154,139
7,0,4,1,0,1,0,0.986455597773334,0.140294108895762,7
7,0,4,1,0,1,1,0.980724719285342,0.240145615463579,26
7,0,4,1,0,1,2,0.972626417138695,0.219448735986043,43
7,0,4,1,1,0,0,0.982098389347582,0.198298831935735,40
7,0,4,1,1,0,1,0.976618804011848,0.210298261923395,69
7,0,4,1,1,0,2,0.971740294330091,0.196482292166776,96
7,0,5,0,0,0,0,0.986880571713911,0.0516371025280916,319
7,0,5,0,0,0,1,0.985580341594498,0.0399525621335973,237
7,0,5,0,0,0,2,0.984579150605774,0.0278936028415747,209
7,0,2,1,0,0,0,0.905004138669063,0.652275900194561,243
7,0,2,1,0,0,1,0.890320265375636,0.556056089554684,292
7,0,2,1,0,0,2,0.876957183377165,0.424718194222242,263
7,0,2,1,0,1,0,0.943164358706519,0.550664854487989,17
7,0,2,1,0,1,1,0.920889055768174,0.92112403755369,43
7,0,2,1,0,1,2,0.889890132127669,0.842723039427547,58
7,0,4,1,0,0,0,0.976524502892772,0.1684480179524,125
7,0,4,1,0,0,1,0.972726656218925,0.144270392799869,160
7,0,4,1,0,0,2,0.969254763168893,0.110777879795656,175
7,0,2,0,0,1,0,0.933846135714967,0.511051044072397,6
7,0,2,0,0,1,1,0.916633184348729,0.799996198868773,41
7,0,2,0,0,1,2,0.885684028451045,0.694456027591276,54
7,0,2,0,1,1,0,0.948448250957103,0.56193711640318,10
7,0,2,0,1,1,1,0.928213647464697,0.888248321157261,28
7,0,2,0,1,1,2,0.892051858365649,0.942684787396769,25
7,0,1,1,0,1,2,0.791973947085889,1.53639356520329,77
7,0,1,1,1,1,0,0.909611553467131,1.28113054437982,12
7,0,1,1,1,1,1,0.866916074109439,1.97506402750143,36
7,0,1,1,1,1,2,0.80872743571525,2.38654091937859,53
7,0,2,0,0,0,0,0.889366186011723,0.409355372030184,932
7,0,2,0,0,0,1,0.879070334302423,0.314505642158919,668
7,0,2,0,0,0,2,0.871197388348334,0.217583836948616,517
7,0,2,0,1,0,0,0.918262039667842,0.53925178878888,57
7,0,2,0,1,0,1,0.899612603650583,0.574818106401169,92
7,0,2,0,1,0,2,0.883174264751133,0.616822232023762,121
7,0,1,1,0,0,0,0.819742237475335,1.19727115201547,275
7,0,1,1,0,0,1,0.792825476783697,1.01679634833074,328
7,0,1,1,0,0,2,0.768417982532006,0.773276799530236,325
7,0,1,1,1,0,0,0.859750250114661,1.4298553219703,49
7,0,1,1,1,0,1,0.820640152431591,1.49409847786542,111
7,0,1,1,1,0,2,0.785960161403771,1.38125811469045,150
7,0,-1,0,1,1,0,0.653205321477834,3.09073221922348,9
7,0,-1,0,1,1,1,0.545966335185374,4.1355001616904,24
7,0,-1,0,1,1,2,0.380417882777781,4.60794606632013,23
7,0,1,0,1,0,0,0.843559701529964,0.99257991208768,49
7,0,1,0,1,0,1,0.809484513524163,1.05020742674693,105
7,0,1,0,1,0,2,0.779544705043739,1.11743137059772,142
7,0,1,0,1,1,0,0.899438494293413,1.04422865291758,12
7,0,1,0,1,1,1,0.86196258781724,1.619613211335,29
7,0,1,0,1,1,2,0.79614313144425,1.72539964588319,29
7,0,1,1,0,1,0,0.889334761594213,1.02187042776816,22
7,0,1,1,0,1,1,0.848330785775609,1.67767493260574,62
7,0,-1,0,0,1,0,0.552628252276809,2.56149827185996,7
7,0,-1,0,0,1,1,0.469232589550821,3.48346292250659,27
7,0,-1,0,0,1,2,0.336822717777638,3.00746749137825,43
7,0,-1,0,1,0,0,0.491633351060726,2.74808282419658,61
7,0,-1,0,1,0,1,0.403511436815494,2.73342446842953,98
7,0,-1,0,1,0,2,0.327535784706229,2.71777321917176,112
7,0,1,0,0,1,0,0.871508510928832,0.938252061078743,5
7,0,1,0,0,1,1,0.839976434542989,1.44877960925208,22
7,0,1,0,0,1,2,0.784026005875158,1.25613967918614,41
7,0,-5,0,1,1,0,0.109933677335101,1.49392987354427,3
7,0,-5,0,1,1,1,0.0713035927406279,1.14086276342751,8
7,0,-5,0,1,1,2,0.0379216975623982,0.846901348216304,9
7,0,-1,0,0,0,0,0.359740278291722,1.94025127285962,1153
7,0,-1,0,0,0,1,0.311254120922902,1.44212242295652,827
7,0,-1,0,0,0,2,0.275385338981468,0.947401461365891,625
7,0,-6,1,1,1,0,0.0931515025833072,1.59063590605823,6
7,0,-6,1,1,1,1,0.0562395780961684,1.16467148081031,14
7,0,-6,1,1,1,2,0.0288168195060015,0.842018883530842,7
7,0,-5,0,0,1,0,0.067853688753178,0.896882457469204,6
7,0,-5,0,0,1,1,0.0459658766423723,0.622567591440825,11
7,0,-5,0,0,1,2,0.0262502993334164,0.389134767542747,15
7,0,-5,0,1,0,0,0.0619612963548544,0.868164846883669,22
7,0,-5,0,1,0,1,0.039968979090637,0.573747473392693,32
7,0,-5,0,1,0,2,0.0255852468539319,0.367644463264443,46
7,0,-6,1,1,0,0,0.0529104847563543,0.954020124866234,26
7,0,-6,1,1,0,1,0.031461476694505,0.622874401905923,34
7,0,-6,1,1,0,2,0.0170860559904606,0.376637391999183,34
7,0,-5,0,0,0,0,0.035675666748246,0.430870325123282,411
7,0,-5,0,0,0,1,0.0250814222627042,0.249250783753179,309
7,0,-5,0,0,0,2,0.0190003982199066,0.119994498904118,238
7,0,-8,1,0,1,0,0.0163064672069036,0.292151529795237,3
7,0,-8,1,0,1,1,0.00878880968196547,0.183832765377194,4
7,0,-8,1,0,1,2,0.00414206942788399,0.102175863802953,3
7,0,-8,1,1,0,2,0.0039819485965995,0.0981607124645112,19
7,0,-6,1,0,0,0,0.0302030756229366,0.517768066170243,81
7,0,-6,1,0,0,1,0.0187753097393652,0.313491239344964,70
7,0,-6,1,0,0,2,0.0115502630234432,0.159529952970492,63
7,0,-6,1,0,1,0,0.0573291908270563,0.892564548357312,3
7,0,-6,1,0,1,1,0.0341640260591992,0.630739676940643,11
7,0,-6,1,0,1,2,0.0177850723096534,0.393611163171365,12
7,0,-8,0,0,1,0,0.00951238226930698,0.165813806510312,2
7,0,-8,0,0,1,1,0.00564449648182922,0.0961167496792722,4
7,0,-8,0,0,1,2,0.00279279467206058,0.0504646725182117,5
7,0,-8,0,1,1,0,0.0172573586612867,0.309529235713564,4
7,0,-8,0,1,1,1,0.00971832119498327,0.192208647652943,3
7,0,-8,0,1,1,2,0.00445167387977468,0.117063672459208,3
7,0,-8,1,0,0,0,0.00798877424762341,0.156748444243116,40
7,0,-8,1,0,0,1,0.00449372725387121,0.0868813051318,37
7,0,-8,1,0,0,2,0.00252026059161155,0.040016410573108,33
7,0,-8,1,1,0,0,0.015056312600167,0.308582146742733,12
7,0,-8,1,1,0,1,0.00818150745997019,0.180467265241511,15
7,0,-8,0,0,0,0,0.00449743437617839,0.0708363668841908,139
7,0,-8,0,0,0,1,0.00276552954464971,0.036132485123626,90
7,0,-8,0,0,0,2,0.00187739295830753,0.0154275805933748,66
7,0,-8,0,1,0,0,0.00876274353713595,0.159231497076352,7
7,0,-8,0,1,0,1,0.00486854113112981,0.0880649416526671,10
7,0,-8,0,1,0,2,0.00271568526804621,0.0478129887550821,12
7,0,-9,1,0,0,0,0.00397059511739287,0.0817815559753066,16
7,0,-9,1,0,0,1,0.00213922168675062,0.0436340203867646,24
7,0,-9,1,0,0,2,0.00115595643902678,0.0190763390463783,18
7,0,-9,1,1,0,0,0.00769247810169097,0.165444658373806,5
7,0,-9,1,1,0,1,0.00403141422095375,0.0921839468186976,11
7,0,-9,1,1,0,2,0.00187055809088148,0.047685829257941,10
7,0,-9,1,1,1,0,0.0149683808051734,0.313014278705868,3
7,0,-9,1,1,1,1,0.00784874624866184,0.188551723448168,4
7,0,-9,1,1,1,2,0.00350914283016095,0.112635976542557,5
6,1,10,0,1,1,0,0.993519559851308,0.111187309959952,0
6,1,10,0,1,1,1,0.996220169623376,0.0682783905076197,0
7,0,-9,0,1,0,0,0.00434255788430884,0.0838542830418977,2
7,0,-9,0,1,0,1,0.00231063596412542,0.0440007956820552,6
7,0,-9,0,1,0,2,0.00124339610109453,0.0226272194172889,7
7,0,-9,0,1,1,0,0.00875413665338831,0.16778590374725,1
7,0,-9,0,1,1,1,0.00473304567574448,0.0983883064708035,2
7,0,-9,0,1,1,2,0.00209186447260888,0.0566391861452003,1
7,0,-9,1,0,1,0,0.00833394447298685,0.157442812503406,1
7,0,-9,1,0,1,1,0.00430171839091717,0.0941282009554234,3
7,0,-9,1,0,1,2,0.00194208587938722,0.049509587784211,4
6,1,10,0,1,0,0,0.996552480105823,0.0570382864644671,9
6,1,10,0,1,0,1,0.997943990163536,0.031370095092121,7
6,1,10,0,1,0,2,0.998709647460138,0.0169957903447299,6
6,1,10,0,1,1,2,0.998084476982045,0.0418239394415477,1
7,0,-9,0,0,1,0,0.00469889874130278,0.087304781368243,0
7,0,-9,0,0,1,1,0.00267949656413922,0.0480413049140209,1
7,0,-9,0,0,1,2,0.00127756110953675,0.0238747843107275,3
6,1,9,1,1,0,0,0.98943409477227,0.199820265266743,3
6,1,9,1,1,0,1,0.993897368506156,0.121280647864284,6
6,1,9,1,1,0,2,0.996723053944461,0.0693971401831733,8
6,1,10,0,0,0,0,0.998078225827805,0.0252377028199756,75
6,1,10,0,0,0,1,0.998692476168494,0.0128778773923919,48
6,1,10,0,0,0,2,0.999008746905871,0.00547830195035557,38
6,1,10,0,0,1,0,0.99628597972912,0.0593047963071192,0
6,1,10,0,0,1,1,0.997669798933881,0.0341596571528137,2
6,1,10,0,0,1,2,0.99868415000735,0.0179182032727792,5
6,1,6,0,0,1,0,0.955607478249367,0.538606902240588,2
6,1,6,0,0,1,1,0.968892714358411,0.377585100939082,5
6,1,6,0,0,1,2,0.981153212890602,0.244555568421841,5
6,1,6,0,1,0,0,0.959439223898011,0.523704983992927,15
6,1,6,0,1,0,1,0.972828560008648,0.348027497410604,18
6,1,6,0,1,0,2,0.981606457438554,0.229959777331173,24
6,1,9,1,1,1,0,0.980854774102041,0.35479396079189,0
6,1,9,1,1,1,1,0.989035205854544,0.234204444219449,2
6,1,9,1,1,1,2,0.994513553948841,0.156858332904581,2
6,1,5,1,1,0,0,0.900231919673622,1.4289590594425,17
6,1,5,1,1,0,1,0.933041049532466,1.04628197252786,30
6,1,5,1,1,0,2,0.957180284545174,0.71558138044397,36
6,1,6,0,0,0,0,0.975547634783295,0.262507560875049,245
6,1,6,0,0,0,1,0.98200783832175,0.153089008910566,166
6,1,6,0,0,0,2,0.985754031523317,0.0756061540455356,128
6,1,5,1,0,0,0,0.935721400183078,0.848231904467118,92
6,1,5,1,0,0,1,0.954342492624521,0.565342766042304,102
6,1,5,1,0,0,2,0.967462196771493,0.322905985430421,89
6,1,5,1,0,1,0,0.891495534274632,1.3099848266249,9
6,1,5,1,0,1,1,0.926809150824696,1.04345179714994,6
6,1,5,1,0,1,2,0.955648789777006,0.75362673315447,17
6,1,5,1,1,1,0,0.842718953421089,2.13095941711999,4
6,1,5,1,1,1,1,0.894177724666327,1.77493057631924,8
6,1,5,1,1,1,2,0.937512678433369,1.49301828822323,7
6,1,3,0,1,1,0,0.711277063106759,2.3829290655645,8
6,1,3,0,1,1,1,0.781025234122278,2.24891840183913,17
6,1,3,0,1,1,2,0.857409741456285,2.13800816818845,18
6,1,3,1,0,0,0,0.824249194803882,1.78007747666676,154
6,1,3,1,0,0,1,0.863217662755747,1.30175579528878,179
6,1,3,1,0,0,2,0.893581598257356,0.821861872463876,201
6,1,3,1,0,1,0,0.731685814039049,2.39375119978148,18
6,1,3,1,0,1,1,0.800244917312123,2.19439013692921,31
6,1,3,1,0,1,2,0.865231479736765,1.8254813602969,35
6,1,3,1,1,0,0,0.753918494136698,2.69638218203756,33
6,1,3,1,1,0,1,0.817777580754715,2.23518611414746,51
6,1,3,1,1,0,2,0.86942283930558,1.71883718478243,72
6,1,3,0,0,0,0,0.867329197232216,0.953237560900038,734
6,1,3,0,0,0,1,0.89085850232755,0.624801268448058,555
6,1,3,0,0,0,2,0.906186689212133,0.349295085588611,441
6,1,3,0,1,0,0,0.806992313452928,1.66823467365318,41
6,1,3,0,1,0,1,0.852464791717771,1.32542345266372,56
6,1,3,0,1,0,2,0.886943977518475,1.04261520393143,67
6,1,2,1,1,0,0,0.642964158032146,3.1908512334976,64
6,1,2,1,1,0,1,0.72105145500801,2.82809353415437,105
6,1,2,1,1,0,2,0.786740206095837,2.31350229106057,121
6,1,2,1,1,1,0,0.528395043951503,3.72065226387788,16
6,1,2,1,1,1,1,0.63061113021235,3.99603490931064,39
6,1,2,1,1,1,2,0.73773280476529,4.25457856055659,38
6,1,3,0,0,1,0,0.788247312392287,1.66961211701987,2
6,1,3,0,0,1,1,0.832892242686466,1.45415993167566,23
6,1,3,0,0,1,2,0.884476953612767,1.12107590423579,30
6,1,2,0,1,1,0,0.580772847869292,2.69268636877205,13
6,1,2,0,1,1,1,0.665206475540536,2.8223913536121,22
6,1,2,0,1,1,2,0.767859126370446,2.94766513888783,24
6,1,2,1,0,1,0,0.610272352482919,2.74398654385766,13
6,1,2,1,0,1,1,0.693854272479428,2.77573351566435,32
6,1,2,1,0,1,2,0.780294771055376,2.47371791961165,44
6,1,2,0,0,1,0,0.673401909806667,2.03064117332767,9
6,1,2,0,0,1,1,0.730636942960999,1.99647087439497,24
6,1,2,0,0,1,2,0.80367278400372,1.63422247202205,45
6,1,2,0,1,0,0,0.701882953604322,2.06762287468422,65
6,1,2,0,1,0,1,0.760605893779821,1.77125958181933,84
6,1,2,0,1,0,2,0.807576670524088,1.51070370382299,107
6,1,2,1,0,0,0,0.727602872262603,2.26329690211168,239
6,1,2,1,0,0,1,0.777249728903416,1.74098694111557,290
6,1,2,1,0,0,2,0.818034004696173,1.17204009444779,252
6,1,0,0,0,0,0,0.500000267354066,1.34266463527389,1530
6,1,0,0,0,0,1,0.533601404657811,0.997817947496274,1074
6,1,0,0,0,0,2,0.5584592591713,0.661030032746458,839
6,1,0,0,0,1,0,0.363443322974197,1.75587836650712,8
6,1,0,0,0,1,1,0.421263841146303,2.46115671354976,45
6,1,0,0,0,1,2,0.515152647096537,2.10778874274617,71
6,1,0,0,1,0,0,0.407869031548979,1.89000662075242,88
6,1,0,0,1,0,1,0.469385794658516,1.88564916296918,147
6,1,0,0,1,0,2,0.52206771025447,1.89283909741861,156
6,1,0,0,1,1,0,0.29926320514561,2.12860372581205,10
6,1,0,0,1,1,1,0.37295891202055,2.88659756333962,37
6,1,0,0,1,1,2,0.488547926534999,3.11371187033167,38
6,1,-1,1,0,1,0,0.20808044124136,1.47099347245649,29
6,1,-1,1,0,1,1,0.263871810281955,2.1624587498493,57
6,1,-1,1,0,1,2,0.335846628844433,1.98382899230662,66
6,1,-1,1,1,1,0,0.173859235498825,1.90408072276361,13
6,1,-1,1,1,1,1,0.234392029216074,2.64436910655129,45
6,1,-1,1,1,1,2,0.311611088135498,3.1486964442776,51
6,1,-1,1,1,0,0,0.243722194018899,1.98332435394629,70
6,1,-1,1,1,0,1,0.296664439390736,1.99807413074457,140
6,1,-1,1,1,0,2,0.343067133462209,1.79908753021763,161
6,1,-4,0,0,0,0,0.07801278261537,0.260130715947864,433
6,1,-4,0,0,0,1,0.0845450741721261,0.19787171508318,327
6,1,-4,0,0,0,2,0.0894908890233704,0.135118248667653,298
6,1,-4,0,0,1,0,0.05031957771866,0.328834447482684,4
6,1,-4,0,0,1,1,0.0613368450191902,0.498404232660824,23
6,1,-4,0,0,1,2,0.0805391361207598,0.431091745591149,26
6,1,-5,1,0,1,0,0.0243343976121795,0.209658312581286,5
6,1,-5,1,0,1,1,0.0327056092400765,0.340675000139228,8
6,1,-5,1,0,1,2,0.0441369852300673,0.312125792265063,27
6,1,-5,1,1,0,0,0.0302966888063125,0.292563493369,22
6,1,-5,1,1,0,1,0.0382766414656672,0.304687541457763,42
6,1,-5,1,1,0,2,0.0453483647682905,0.280887538493396,51
6,1,-5,1,1,1,0,0.0200871975247101,0.263816980469927,8
6,1,-5,1,1,1,1,0.028834724211468,0.402603869208282,11
6,1,-5,1,1,1,2,0.0406853669152838,0.486076894622115,23
6,1,-7,1,1,0,0,0.00904578147746141,0.0850535743902028,10
6,1,-7,1,1,0,1,0.0113969138307323,0.0907375044526451,20
6,1,-7,1,1,0,2,0.0135043271904727,0.0852194068244223,18
6,1,-5,1,0,0,0,0.0384782529002206,0.244055795792179,73
6,1,-5,1,0,0,1,0.0439609674581797,0.20681643261632,105
6,1,-5,1,0,0,2,0.0489224770587965,0.156842559941521,102
6,1,-7,0,1,0,0,0.00993474862606741,0.0599116074003554,15
6,1,-7,0,1,0,1,0.0120204760059894,0.0646501757395322,20
6,1,-7,0,1,0,2,0.0138736553818939,0.0699775484051141,26
6,1,-7,0,1,1,0,0.00657930600159691,0.061362004937761,6
6,1,-7,0,1,1,1,0.0088070787662861,0.0996601102938158,6
6,1,-7,0,1,1,2,0.0128747025776167,0.106434792080473,9
6,1,-7,1,0,0,0,0.0114393035657924,0.0727329339456685,36
6,1,-7,1,0,0,1,0.0130774866379429,0.0625388535848466,41
6,1,-7,1,0,0,2,0.0145810685891984,0.0481394543363658,45
6,1,-7,1,0,1,0,0.00718032397357358,0.0602695909522667,4
6,1,-7,1,0,1,1,0.00964107179453697,0.103360661050012,18
6,1,-7,1,0,1,2,0.013124034451942,0.095052059459206,15
6,1,-8,1,1,1,0,0.00368218573386487,0.0323632231980698,3
6,1,-8,1,1,1,1,0.00483386530796943,0.0578933436636939,6
6,1,-7,0,0,0,0,0.0131872210115781,0.045960307492963,117
6,1,-7,0,0,0,1,0.0143436581268964,0.0355302005593273,73
6,1,-7,0,0,0,2,0.0152334721608195,0.0247034896289656,69
6,1,-7,0,0,1,0,0.0081642244357307,0.0569146193641145,1
6,1,-7,0,0,1,1,0.0100863914213918,0.0903943586382147,6
6,1,-7,0,0,1,2,0.0135881175255772,0.0788075818109052,6
6,1,-8,1,0,1,0,0.00407020173526762,0.0278782418803217,0
6,1,-8,1,0,1,1,0.00524446981101441,0.0514769924137367,6
6,1,-8,1,0,1,2,0.00699327734700273,0.0471407807118204,9
6,1,-8,1,1,0,0,0.00504880184171417,0.0399731289001699,6
6,1,-8,1,1,0,1,0.00617723693418641,0.0437245052384577,13
6,1,-8,1,1,0,2,0.00719431539534293,0.0419975642396995,15
6,1,-8,1,1,1,2,0.00654993563289962,0.0713148500078019,4
6,1,-8,0,0,1,2,0.00718256894768967,0.0406081282460883,4
6,1,-8,0,1,0,0,0.00537640829102116,0.0287468177360552,4
6,1,-8,0,1,0,1,0.00640530603022772,0.0319966494474899,9
6,1,-8,0,1,0,2,0.00733466924326653,0.0359095785864436,14
6,1,-8,0,1,1,0,0.00378772650081304,0.0281540587657173,1
6,1,-8,0,1,1,1,0.00482586163889354,0.0498084316390824,1
6,1,-8,0,1,1,2,0.00686863804379634,0.0528781966762116,7
6,1,-8,1,0,0,0,0.00616610016958736,0.0352607228841059,26
6,1,-8,1,0,0,1,0.00696383940696961,0.030908438912824,30
6,1,-8,1,0,0,2,0.00771041248680606,0.0243802799005806,38
6,1,-10,0,1,0,0,0.00234444634991943,7.50910362139151e-22,8
6,1,-10,0,1,0,1,0.00234444634991943,7.49242073235635e-21,6
6,1,-10,0,1,0,2,0.00234444634991943,3.72125257801635e-18,9
6,1,-10,0,1,1,0,0.00234444634991943,0,3
6,1,-10,0,1,1,1,0.00234444634991943,1.83058499012171e-21,5
6,1,-10,0,1,1,2,0.00234444634991943,3.50753907225876e-18,2
6,1,-8,0,0,1,0,0.00444287447252901,0.0275426068624611,1
6,1,-8,0,0,1,1,0.005382672583841,0.0461458221326237,0
6,0,10,1,1,1,0,0.999139773536914,2.11495242846099e-15,2
6,0,10,1,1,1,1,0.999139773536914,4.11567994358966e-16,2
6,0,10,1,1,1,2,0.999139773536914,1.59630037540389e-15,5
6,1,-10,0,0,0,0,0.00234444634991943,2.65633234284249e-18,57
6,1,-10,0,0,0,1,0.00234444634991943,0,35
6,1,-10,0,0,0,2,0.00234444634991943,1.00915759241874e-17,40
6,1,-10,0,0,1,0,0.00234444634991943,6.78637281780254e-21,1
6,1,-10,0,0,1,1,0.00234444634991943,3.36799968176695e-21,3
6,1,-10,0,0,1,2,0.00234444634991943,2.15029090625336e-20,5
6,0,10,1,0,0,0,0.999139773536914,4.35063895346944e-15,9
6,0,10,1,0,0,1,0.999139773536914,5.87707079817966e-15,28
6,0,10,1,0,1,0,0.999139773536914,3.26772705852913e-15,1
6,0,10,1,0,1,1,0.999139773536914,2.23406735581413e-15,5
6,0,10,1,0,1,2,0.999139773536914,3.54245592340588e-15,9
6,0,10,1,1,0,0,0.999139773536914,2.1769712970337e-15,4
6,0,10,1,1,0,1,0.999139773536914,3.22323046351429e-15,9
6,0,10,1,1,0,2,0.999139773536914,5.16691096255662e-15,13
6,0,6,1,1,1,0,0.994779348457178,0.0754337110029501,8
6,0,6,1,1,1,1,0.992220565115974,0.121372304420168,20
6,0,6,1,1,1,2,0.988635276715504,0.147551558891314,19
6,0,10,1,0,0,2,0.999139773536914,4.02200249354801e-15,39
6,0,4,1,1,0,0,0.968968706381424,0.316437852411366,21
6,0,4,1,1,0,1,0.960300082159471,0.331368746611989,59
6,0,4,1,1,0,2,0.952610089233516,0.306751770833201,63
6,0,6,1,0,0,0,0.989337754206668,0.073586611340311,66
6,0,6,1,0,0,1,0.987680057546694,0.0630015666159249,88
6,0,6,1,0,0,2,0.986164933464874,0.0483118685961751,97
6,0,6,1,0,1,0,0.993658915533128,0.0614758035417707,8
6,0,6,1,0,1,1,0.991156481197023,0.104541594162585,21
6,0,6,1,0,1,2,0.987634541674077,0.0957273969030292,22
6,0,6,1,1,0,0,0.991774638234663,0.0867053742368826,25
6,0,6,1,1,0,1,0.989383310927621,0.0918927972234842,35
6,0,6,1,1,0,2,0.9872511866495,0.0858029663006347,38
6,0,4,0,1,0,2,0.951204811096466,0.248840061255201,73
6,0,4,1,0,0,0,0.960105924943379,0.265463982928704,119
6,0,4,1,0,0,1,0.954134855564336,0.225692952588735,155
6,0,4,1,0,0,2,0.948714890061784,0.171849280308925,161
6,0,4,1,0,1,0,0.975578065724328,0.225771481588397,10
6,0,4,1,0,1,1,0.966493296204294,0.373064676400388,27
6,0,4,1,0,1,2,0.953953387255801,0.34144700114144,41
6,0,4,0,0,1,0,0.971677819684696,0.208026507009534,5
6,0,4,0,0,1,1,0.964681489507669,0.32276997539289,22
6,0,4,0,0,1,2,0.952208664771179,0.27990365736775,31
6,0,4,0,1,0,0,0.965428250210885,0.219874871983346,26
6,0,4,0,1,0,1,0.957860223783208,0.233197029444423,50
6,0,4,0,1,1,0,0.977775696682622,0.230626790384651,14
6,0,4,0,1,1,1,0.96949163575602,0.359964347660653,17
6,0,4,0,1,1,2,0.9548550503108,0.382712986474374,18
6,0,3,1,0,1,0,0.953919813273164,0.410224477462545,16
6,0,3,1,0,1,1,0.937512369438115,0.668512881221589,32
6,0,3,1,0,1,2,0.915070320037262,0.612095592172491,53
6,0,3,1,1,1,0,0.962197507578593,0.51651414846766,20
6,0,3,1,1,1,1,0.945050494093216,0.78937558687727,32
6,0,3,1,1,1,2,0.921806518367672,0.952539868460327,51
6,0,4,0,0,0,0,0.953735206704644,0.166054387646169,467
6,0,4,0,0,0,1,0.949560543413346,0.127227929332025,345
6,0,4,0,0,0,2,0.946377005643428,0.0877052929338961,297
6,0,3,1,0,0,0,0.926161877537555,0.478295186539216,177
6,0,3,1,0,0,1,0.91541312038465,0.405434809433031,208
6,0,3,1,0,0,2,0.905684364729754,0.307702171944363,207
6,0,3,1,1,0,0,0.94218513354,0.573015408670142,54
6,0,3,1,1,0,1,0.926541333080219,0.596952449544431,90
6,0,3,1,1,0,2,0.912686110969699,0.550596588914794,109
6,0,1,0,1,1,0,0.864372361719766,1.21488160507186,11
6,0,1,0,1,1,1,0.821291461365392,1.79105116667398,30
6,0,1,0,1,1,2,0.748888717221464,1.92043101432543,32
6,0,3,0,0,1,0,0.94668432197826,0.374887772464038,6
6,0,3,0,0,1,1,0.934096213784529,0.575998501347139,28
6,0,3,0,0,1,2,0.911865255338344,0.498988140957502,48
6,0,3,0,1,0,0,0.935606855031307,0.396954150353852,32
6,0,3,0,1,0,1,0.922014345894012,0.418681468527742,72
6,0,3,0,1,0,2,0.910091233414133,0.444068451338647,105
6,0,3,0,1,1,0,0.95797969720532,0.419409533954235,10
6,0,3,0,1,1,1,0.942956147143057,0.64550474861409,19
6,0,3,0,1,1,2,0.916743438391066,0.687760934418046,20
6,0,0,1,1,1,0,0.791989539421233,2.45884110952955,21
6,0,0,1,1,1,1,0.71242881164705,3.54956662746698,42
6,0,0,1,1,1,2,0.608360015256173,4.24893238318522,60
6,0,1,0,0,1,0,0.82997135612002,1.05523331375534,5
6,0,1,0,0,1,1,0.794707741493472,1.57353477208232,38
6,0,1,0,0,1,2,0.734214048859465,1.3588188355263,68
6,0,1,0,1,0,0,0.800359462382461,1.1253042246718,61
6,0,1,0,1,0,1,0.762488224345489,1.16556796329889,118
6,0,1,0,1,0,2,0.729518135340258,1.21323419759483,144
6,0,0,1,1,0,0,0.699698308037626,2.62521202189244,82
6,0,0,1,1,0,1,0.6289330575991,2.68235004439803,124
6,0,0,1,1,0,2,0.56667008602675,2.43849472689298,160
6,0,1,0,0,0,0,0.742571170151745,0.829726899342291,1167
6,0,1,0,0,0,1,0.721752100205689,0.62805116006503,841
6,0,1,0,0,0,2,0.706065891336609,0.426030006697011,685
6,0,0,0,1,0,0,0.666777181371972,1.80010802620307,63
6,0,0,0,1,0,1,0.606391692713283,1.85562124537208,126
6,0,0,0,1,0,2,0.55396941609659,1.92347304816824,156
6,0,0,1,0,0,0,0.626646432398701,2.14869940184798,327
6,0,0,1,0,0,1,0.57850545468698,1.80003477597103,391
6,0,0,1,0,0,2,0.535432382063112,1.348046766765,411
6,0,0,1,0,1,0,0.74964598582134,1.91560601144324,27
6,0,0,1,0,1,1,0.675222105351712,2.94621466664744,53
6,0,0,1,0,1,2,0.576794502677647,2.69887241142583,73
6,0,-6,1,1,0,0,0.0708234128850117,1.09618036726053,20
6,0,-6,1,1,0,1,0.0458362939973639,0.768259830509466,20
6,0,-6,1,1,0,2,0.0280989535953117,0.504359583546888,29
6,0,-4,1,0,1,0,0.20434394972465,2.10623959026687,3
6,0,-4,1,0,1,1,0.145943817668421,1.81718048833369,19
6,0,-4,1,0,1,2,0.0939196611739383,1.42041298914505,34
6,0,-4,1,1,0,0,0.187583956413165,2.33332723472855,35
6,0,-4,1,1,0,1,0.133208685867051,1.83723271025538,54
6,0,-4,1,1,0,2,0.0908481238550747,1.34327156339767,59
6,0,0,0,1,1,0,0.769140180819614,1.95547168122325,13
6,0,0,0,1,1,1,0.700033858761039,2.85274605120051,25
6,0,0,0,1,1,2,0.584862208063497,3.05300737122924,29
6,0,-6,1,0,1,0,0.0769435304951518,1.01218470239197,4
6,0,-6,1,0,1,1,0.0500013512154522,0.76993399532939,7
6,0,-6,1,0,1,2,0.0291370640348474,0.530035776535918,12
6,0,-4,1,0,0,0,0.12797755970546,1.46829848727404,139
6,0,-4,1,0,0,1,0.0958397759034597,1.03333140426581,157
6,0,-4,1,0,0,2,0.0717799249771193,0.624537098758507,157
6,0,-6,0,0,1,0,0.053059958034113,0.632566887570555,1
6,0,-6,0,0,1,1,0.0374092260504521,0.447974774335844,2
6,0,-6,0,0,1,2,0.0228103930955496,0.292570793946295,8
6,0,-6,0,1,1,0,0.0825928582554172,1.04387261336998,1
6,0,-6,0,1,1,1,0.055214977963444,0.801370620579606,9
6,0,-6,0,1,1,2,0.0310955863289597,0.615110845646015,8
6,0,-6,1,0,0,0,0.0440478330827761,0.629519436212339,62
6,0,-6,1,0,0,1,0.0301939839410837,0.405676162364159,79
6,0,-6,1,0,0,2,0.0208039971450701,0.223550033264623,80
6,0,-7,1,1,1,0,0.0698361071732003,1.1262526531318,5
6,0,-7,1,1,1,1,0.0433993569404998,0.835103762101765,2
6,0,-7,1,1,1,2,0.0234806568100943,0.626476942071631,7
6,0,-6,0,0,0,0,0.029398229213872,0.310452800441774,262
6,0,-6,0,0,0,1,0.0217557747921814,0.182159935386669,198
6,0,-6,0,0,0,2,0.0172990176842493,0.0904885764644905,143
6,0,-6,0,1,0,0,0.0484672655311163,0.615522322581648,6
6,0,-6,0,1,0,1,0.032691945906118,0.412858371191756,15
6,0,-6,0,1,0,2,0.0222645391657879,0.275026066292556,24
6,0,-7,1,0,0,0,0.0246344766157994,0.381849234935572,38
6,0,-7,1,0,0,1,0.016201832102045,0.236772493549874,48
6,0,-7,1,0,0,2,0.0107440471760753,0.125232185858641,45
6,0,-7,1,1,0,0,0.0411459703742121,0.688353664559784,14
6,0,-7,1,1,0,1,0.0255603036366496,0.459251877106022,18
6,0,-7,1,1,0,2,0.0149398102979304,0.287985138317588,15
6,0,-9,0,1,1,0,0.0146329900760888,0.236702703822407,0
6,0,-9,0,1,1,1,0.00877151061214427,0.154314218824644,4
6,0,-9,0,1,1,2,0.00443283721773738,0.100950569960385,1
6,0,-7,0,1,0,0,0.0270895498909243,0.377274202807467,10
6,0,-7,0,1,0,1,0.0175481286368336,0.240751606662557,14
6,0,-7,0,1,0,2,0.0115147774893515,0.153051593706023,12
6,0,-7,0,1,1,0,0.0478087471378801,0.665833289574702,1
6,0,-7,0,1,1,1,0.0307180122334298,0.481907311987601,3
6,0,-7,0,1,1,2,0.0165677361750201,0.349392600317674,4
6,0,-7,1,0,1,0,0.0446619340440309,0.640238466282184,2
6,0,-7,1,0,1,1,0.0277961758241562,0.462334448039071,5
6,0,-7,1,0,1,2,0.0155032728298177,0.301966835653163,10
6,0,-9,0,0,1,2,0.00301999179354051,0.0449285789546486,2
6,0,-9,0,1,0,0,0.0078663601034844,0.12578741613802,4
6,0,-9,0,1,0,1,0.0047540408162039,0.0732028783455693,6
6,0,-9,0,1,0,2,0.00294712979276533,0.0424543325974389,3
6,0,-7,0,0,1,0,0.0296095428280679,0.38941490366434,0
6,0,-7,0,0,1,1,0.0201346808755764,0.261254032216101,0
6,0,-7,0,0,1,2,0.0118060510637991,0.162496217861479,4
6,0,-10,1,1,0,0,0.00688248978444539,0.132649258048649,5
6,0,-10,1,1,0,1,0.00394235610358541,0.077404511460921,7
6,0,-10,1,1,0,2,0.00213023609257044,0.0424573806176971,7
6,0,-9,0,0,0,0,0.00436121434489904,0.0577802693175192,73
6,0,-9,0,0,0,1,0.00294832870011016,0.0307345795658454,47
6,0,-9,0,0,0,2,0.00219429386376946,0.0137926053985477,28
6,0,-9,0,0,1,0,0.00854835227003765,0.130435158178378,2
6,0,-9,0,0,1,1,0.00545602073624545,0.0796544687713238,1
6,0,-10,1,0,0,0,0.00385342945054984,0.0674302110144925,22
6,0,-10,1,0,0,1,0.00234853375862587,0.0375447811119646,26
6,0,-10,1,0,0,2,0.00149807461383485,0.0173829233509294,26
6,0,-10,1,0,1,0,0.00742798811768974,0.125791002311724,2
6,0,-10,1,0,1,1,0.00419515240510266,0.0788229629780205,5
6,0,-10,1,0,1,2,0.00219714343154308,0.0441486448513581,7
6,0,-10,1,1,1,0,0.0126405901405091,0.242641765043911,1
6,0,-10,1,1,1,1,0.0070813706248903,0.153234013761595,4
6,0,-10,1,1,1,2,0.00353173840311174,0.0977921514505247,3
6,0,-10,0,0,1,0,0.00450920460707179,0.0713261162619372,0
6,0,-10,0,0,1,1,0.0028433680923976,0.0413370235990193,1
6,0,-10,0,0,1,2,0.0016146616709637,0.0218085465528461,6
6,0,-10,0,1,1,0,0.00783854950007112,0.133249046326569,1
6,0,-10,0,1,1,1,0.00459660414069578,0.0824031359360961,2
6,0,-10,0,1,1,2,0.00234226670721511,0.0507985185278313,3
5,1,5,1,0,1,0,0.870677571586706,1.34640075977953,4
5,1,5,1,0,1,1,0.907903493782235,1.12174183584528,11
5,1,5,1,0,1,2,0.939993921104609,0.856509396420886,10
5,1,7,1,0,0,0,0.97097605237396,0.392938117388998,20
5,1,7,1,0,0,1,0.979639067570754,0.253348724671753,31
5,1,7,1,0,0,2,0.985498504789843,0.140665126752945,32
5,1,7,1,0,1,0,0.950387296638886,0.629368048123942,0
5,1,7,1,0,1,1,0.967256277038937,0.476649017423479,5
5,1,7,1,0,1,2,0.980306649492569,0.330934912349106,4
6,0,-10,0,1,0,0,0.00418569570770353,0.0685908565350994,5
6,0,-10,0,1,0,1,0.00251040845648097,0.0379519461380597,10
6,0,-10,0,1,0,2,0.00158329094221605,0.0206846809794464,7
5,1,5,0,1,1,0,0.861360905916644,1.36485729045885,5
5,1,5,0,1,1,1,0.899142430177463,1.15993985541084,5
5,1,5,0,1,1,2,0.936547104696991,0.999494946637482,7
5,1,5,1,0,0,0,0.91854074468946,0.916297003513081,66
5,1,5,1,0,0,1,0.938661927799901,0.631268230329195,70
5,1,5,1,0,0,2,0.953349433942681,0.376152822930568,68
5,1,5,1,1,0,0,0.881052384736384,1.48856333866259,14
5,1,5,1,1,0,1,0.915676588464583,1.13377874327361,21
5,1,5,1,1,0,2,0.941872875874564,0.809578736619709,28
5,1,5,0,0,0,0,0.940275280959112,0.472402865505086,283
5,1,5,0,0,0,1,0.951924585992335,0.295005173022726,193
5,1,5,0,0,0,2,0.959155889030359,0.1575158874297,155
5,1,5,0,1,0,0,0.910721727729441,0.875622140291688,13
5,1,5,0,1,0,1,0.933957919138346,0.6428966002399,15
5,1,5,0,1,0,2,0.950493583576351,0.472832703252447,16
5,1,4,1,0,0,0,0.86988388807324,1.29380899203257,112
5,1,4,1,0,0,1,0.898266370270958,0.924386248297872,133
5,1,4,1,0,0,2,0.919830415081998,0.572687601748164,123
5,1,4,1,1,0,0,0.818175985944518,2.01536235294444,23
5,1,4,1,1,0,1,0.86567272698504,1.61280340060797,42
5,1,4,1,1,0,2,0.902944279776741,1.20409173485692,39
5,1,4,1,1,1,0,0.740554218971377,2.70767745381074,7
5,1,4,1,1,1,1,0.809267497067857,2.51548402591728,12
5,1,4,1,1,1,2,0.873352721243754,2.37439999212267,21
5,1,5,0,0,1,0,0.90236406953873,0.886606984836719,3
5,1,5,0,0,1,1,0.925269896714411,0.700634061828964,6
5,1,5,0,0,1,2,0.949427498671733,0.506848153171285,14
5,1,4,0,1,1,0,0.788258487469625,1.80158608012687,5
5,1,4,0,1,1,1,0.839934337124728,1.63096036330451,11
5,1,4,0,1,1,2,0.894636470025314,1.49599952411673,7
5,1,4,1,0,1,0,0.802289709287916,1.79730803449268,13
5,1,4,1,0,1,1,0.853266184925195,1.58552866733349,10
5,1,4,1,0,1,2,0.899982337369315,1.27842986763492,20
5,1,2,0,1,0,0,0.680202746000542,1.86707040837807,57
5,1,2,0,1,0,1,0.734116392918435,1.62032210068675,90
5,1,2,0,1,0,2,0.777380862127887,1.40956375446126,108
5,1,4,0,0,1,0,0.844479395348804,1.22338452962676,0
5,1,4,0,0,1,1,0.876929516370719,1.03285578270012,8
5,1,4,0,0,1,2,0.91344857391979,0.782658814590104,16
5,1,4,0,1,0,0,0.857688182427509,1.21950696439808,19
5,1,4,0,1,0,1,0.890732080712872,0.941646271368821,33
5,1,4,0,1,0,2,0.915185090795446,0.727435829348757,47
5,1,1,1,1,0,0,0.507537920452173,2.93457705370553,61
5,1,1,1,1,0,1,0.582422698337372,2.76103932384565,122
5,1,1,1,1,0,2,0.646586211088429,2.36688828305216,142
5,1,2,0,0,0,0,0.755419979493996,1.15678326326135,1062
5,1,2,0,0,0,1,0.784103527538272,0.80052615393009,780
5,1,2,0,0,0,2,0.803852789959257,0.480688667506429,612
5,1,2,0,0,1,0,0.652436749687696,1.81536664114245,5
5,1,2,0,0,1,1,0.704715263006915,1.86443076319436,17
5,1,2,0,0,1,2,0.773467411226516,1.53288641928283,42
5,1,2,0,1,1,0,0.571459332650321,2.41014142836583,10
5,1,2,0,1,1,1,0.647586069484078,2.55518582610295,32
5,1,2,0,1,1,2,0.742444725857011,2.67961418195168,31
5,1,1,1,0,1,0,0.467403805616313,2.3568189483717,23
5,1,1,1,0,1,1,0.546973799290786,2.808126825119,48
5,1,1,1,0,1,2,0.638530972089927,2.5692416019603,63
5,1,1,1,1,1,0,0.402663824969878,3.14542142423761,19
5,1,1,1,1,1,1,0.495053806260403,3.72967657816586,35
5,1,1,1,1,1,2,0.60068622285684,4.24950945397875,44
5,1,1,0,0,1,0,0.518557130747786,1.83766192846981,4
5,1,1,0,0,1,1,0.575401324717167,2.20968925807826,40
5,1,1,0,0,1,2,0.658357421600815,1.86224794287759,61
5,1,1,0,1,1,0,0.441554356814236,2.3487882549962,8
5,1,1,0,1,1,1,0.519368263217203,2.76426791728373,28
5,1,1,0,1,1,2,0.627520769540894,3.00600755886114,33
5,1,1,1,0,0,0,0.586837956064645,2.2142866942202,288
5,1,1,1,0,0,1,0.63584152026291,1.7694141175022,354
5,1,1,1,0,0,2,0.677683869049027,1.2534274451253,364
5,1,1,0,0,0,0,0.640900468867415,1.28923410698549,1345
5,1,1,0,0,0,1,0.673007087309777,0.925688627095417,957
5,1,1,0,0,0,2,0.695952154941337,0.584688269503876,751
5,1,1,0,1,0,0,0.554922135137937,1.94649661146548,84
5,1,1,0,1,0,1,0.614364376168933,1.80970093298331,118
5,1,1,0,1,0,2,0.663759657055518,1.69323225979289,148
5,1,-5,1,0,0,0,0.0522589743163994,0.31117727141856,50
5,1,-5,1,0,0,1,0.059238541019831,0.262335426585551,77
5,1,-5,1,0,0,2,0.0655232266191766,0.197760838373382,87
5,1,-5,1,0,1,0,0.0343566997078922,0.272117865274921,6
5,1,-5,1,0,1,1,0.0450733531232849,0.430304999529483,13
5,1,-5,1,0,1,2,0.0594784471842939,0.394534906840597,23
5,1,-5,1,1,0,0,0.0417614204565031,0.376310534114515,15
5,1,-5,1,1,0,1,0.0519636552918853,0.388492789827204,30
5,1,-5,1,1,0,2,0.0609818187551859,0.355847464102436,38
5,1,-5,0,0,0,0,0.0597544039112622,0.192596769133178,238
5,1,-5,0,0,0,1,0.0645891055848192,0.146247708600847,193
5,1,-5,0,1,0,0,0.0463037645912204,0.259578540228953,15
5,1,-5,0,1,0,1,0.055089608926367,0.270603347734237,39
5,1,-5,0,1,0,2,0.0627604532598699,0.283396706330671,47
5,1,-5,0,1,1,0,0.0315820479670599,0.278003553484549,4
5,1,-5,0,1,1,1,0.0414779379195518,0.416199482377934,10
5,1,-5,0,1,1,2,0.058327320878851,0.445459051547773,17
5,1,-6,1,1,0,2,0.0357245040234028,0.212859599370639,18
5,1,-6,1,1,1,0,0.0166629874391691,0.198528572730515,2
5,1,-6,1,1,1,1,0.0232490126145596,0.303903395745177,3
5,1,-6,1,1,1,2,0.0321914507468584,0.367913949256756,8
5,1,-5,0,0,0,2,0.0682433372740058,0.0995998322808604,176
5,1,-5,0,0,1,0,0.0393371329015969,0.243977672188009,5
5,1,-5,0,0,1,1,0.0475034033586198,0.367557329984852,6
5,1,-5,0,0,1,2,0.0616520144967246,0.317744979672206,27
5,1,-6,0,1,1,0,0.0182383732138069,0.162115694362262,3
5,1,-6,0,1,1,1,0.0240468146256492,0.248699293931325,6
5,1,-6,0,1,1,2,0.0341413431804043,0.266295042125904,12
5,1,-6,1,0,1,0,0.0198547245135684,0.158591060376277,2
5,1,-6,1,0,1,1,0.0261785827495477,0.257432448558273,8
5,1,-6,1,0,1,2,0.0348117627708106,0.236383581147783,12
5,1,-6,1,1,0,0,0.0243444703294783,0.221081494159302,13
5,1,-6,1,1,0,1,0.0303709193220559,0.230629079890557,14
5,1,-6,0,0,1,0,0.0226809095188835,0.144704731244251,0
5,1,-6,0,0,1,1,0.0275366589768216,0.221386045671611,5
5,1,-6,0,0,1,2,0.0360738025613343,0.191878385141605,14
5,1,-6,0,1,0,0,0.026916495468835,0.153425220812976,10
5,1,-6,0,1,0,1,0.032153252424835,0.161673782756195,25
5,1,-6,0,1,0,2,0.0367503622310348,0.170924182227353,38
5,1,-6,1,0,0,0,0.0305309261361254,0.184674253939085,44
5,1,-6,1,0,0,1,0.0346773728123193,0.156650499943183,55
5,1,-6,1,0,0,2,0.0384338891894123,0.118804592791258,78
5,1,-8,0,0,1,0,0.0075006833445255,0.0411765418886613,1
5,1,-8,0,0,1,1,0.00890439752543281,0.0685500119199876,2
5,1,-8,0,0,1,2,0.0115760494074452,0.0603369313419558,3
5,1,-8,0,1,0,0,0.00888072120500962,0.0430027119593683,4
5,1,-8,0,1,0,1,0.0104152034539672,0.0477593681550474,6
5,1,-8,0,1,0,2,0.0118003297959475,0.0534059035311511,11
5,1,-8,0,1,1,0,0.00649124799845753,0.0422927411028833,1
5,1,-8,0,1,1,1,0.00805012301488209,0.0742238242831787,4
5,1,-8,0,1,1,2,0.0110924799190965,0.0791100656553401,4
5,1,-9,1,0,1,0,0.00476053901060042,0.0156782062721365,0
5,1,-9,1,0,1,1,0.00542133174717747,0.0330336902371596,4
5,1,-9,1,1,1,0,0.00473205293396306,0.0161728930961038,0
5,1,-9,1,1,1,1,0.0053228348190981,0.0347355234118959,2
5,1,-9,1,1,1,2,0.00637526274862959,0.042661900151072,4
5,1,-8,0,0,0,0,0.011315047153529,0.0339978720305006,63
5,1,-8,0,0,0,1,0.0121725865894442,0.0267372747930871,49
5,1,-8,0,0,0,2,0.0128434990845922,0.0189572327978916,46
5,1,-9,0,1,1,0,0.00477952452827164,0.0139691534385096,1
5,1,-9,0,1,1,1,0.00529816768636043,0.0311397314501994,1
5,1,-9,0,1,1,2,0.00659463673925927,0.0296320526072727,0
5,1,-9,1,0,0,0,0.00611604257128187,0.0201911633232562,8
5,1,-9,1,0,0,1,0.00658202860829634,0.0181617071837025,13
5,1,-9,1,0,0,2,0.00702833335599772,0.0147713185844479,17
5,1,-9,1,0,1,2,0.00656445647427426,0.029302861539171,5
5,1,-9,1,1,0,0,0.00548113378780268,0.0218903937838224,3
5,1,-9,1,1,0,1,0.00612622330162883,0.0254061811268986,8
5,1,-9,1,1,0,2,0.00670988522763063,0.0253473716391828,8
5,1,-9,0,0,0,0,0.00657186971831482,0.013732871167313,20
5,1,-9,0,0,0,1,0.0069217617328102,0.0112399827153181,15
5,1,-9,0,0,0,2,0.00720642905594699,0.00849366307853409,20
5,1,-9,0,1,0,0,0.00553043685275596,0.0168147362357084,2
5,1,-9,0,1,0,1,0.00616013514905176,0.0191471503051933,3
5,1,-9,0,1,0,2,0.00673893915376941,0.0236410775469544,4
5,1,-10,1,1,1,0,0.00430186325590373,0,0
5,1,-10,1,1,1,1,0.00430186325590373,0,1
5,1,-10,1,1,1,2,0.00430186325590373,0,9
5,1,-9,0,0,1,0,0.004824762165201,0.0157825791897198,0
5,1,-9,0,0,1,1,0.0053766931602716,0.0313970890363105,3
5,1,-9,0,0,1,2,0.00661771264537207,0.027372908912636,2
5,0,6,0,1,0,0,0.984674419046103,0.0942700263537865,10
5,0,6,0,1,0,1,0.981427706744485,0.100239944246198,25
5,0,6,0,1,0,2,0.978566749651275,0.107062912562052,37
5,0,6,0,1,1,0,0.989974305120827,0.0984917036797351,4
5,0,6,0,1,1,1,0.986429676699442,0.154557867329823,7
5,0,6,1,0,0,0,0.982387776788697,0.113878770315916,55
5,0,6,1,0,0,1,0.979826821783852,0.0970311202175957,55
5,0,6,1,0,0,2,0.97749682129588,0.0739822675079397,76
5,0,6,1,0,1,0,0.989020153801203,0.0964910372655496,3
5,0,6,1,0,1,1,0.985133443143891,0.160177269700378,10
5,0,6,1,0,1,2,0.979749685369723,0.146898486787682,19
5,0,6,0,0,1,0,0.987359493620911,0.0892084499735457,3
5,0,6,0,0,1,1,0.984358098955184,0.138706601555243,7
5,0,6,0,0,1,2,0.978997898697516,0.120405952090716,20
5,0,6,0,1,1,2,0.98014262843307,0.164786944596726,13
5,0,5,1,0,1,0,0.979750274853437,0.1755037154034,5
5,0,5,1,0,1,1,0.972736461704802,0.285749860114854,13
5,0,5,1,0,1,2,0.963146243248745,0.261782264777682,23
5,0,5,1,1,0,0,0.974742283500164,0.245028190947678,23
5,0,5,1,1,0,1,0.968055538316864,0.255363943764807,33
5,0,5,1,1,0,2,0.962128707947564,0.23553772443275,51
5,0,5,1,1,1,0,0.983291667651982,0.220651542012819,10
5,0,5,1,1,1,1,0.975968510143098,0.337444793029237,17
5,0,5,1,1,1,2,0.96603410256254,0.40750228749524,23
5,0,6,0,0,0,0,0.979651744935745,0.0713262047091867,183
5,0,6,0,0,0,1,0.977858616661505,0.0547131582840418,139
5,0,6,0,0,0,2,0.976489640282772,0.0377326071375953,130
5,0,5,0,1,0,0,0.971919733024711,0.169796642803807,16
5,0,5,0,1,0,1,0.966109676289619,0.179056139589646,32
5,0,5,0,1,0,2,0.961012423439006,0.18975503778833,54
5,0,5,0,1,1,0,0.981496669266319,0.17942088949448,1
5,0,5,0,1,1,1,0.975069881366683,0.275938720137003,10
5,0,5,0,1,1,2,0.963866410323283,0.294275037597643,13
5,0,5,1,0,0,0,0.967888589558418,0.204546467868313,64
5,0,5,1,0,0,1,0.963292832080632,0.173407200075417,97
5,0,5,1,0,0,2,0.959132320735037,0.131568952534325,111
5,0,3,0,1,1,0,0.941141788480157,0.527483696986563,4
5,0,3,0,1,1,1,0.922401410565052,0.784151712604538,28
5,0,3,0,1,1,2,0.890675891109688,0.839015318186213,26
5,0,5,0,0,1,0,0.976646628830627,0.160312460284128,3
5,0,5,0,0,1,1,0.971264439931999,0.24607644553673,11
5,0,5,0,0,1,2,0.961768989072762,0.213179060522432,25
5,0,2,1,1,1,0,0.909672060277396,1.06697232955074,8
5,0,2,1,1,1,1,0.875184015274155,1.53640073971512,40
5,0,2,1,1,1,2,0.830163657625195,1.83940742558439,66
5,0,3,0,0,0,0,0.887978292390279,0.362966803662764,632
5,0,3,0,0,0,1,0.878868033055542,0.275205320365393,487
5,0,3,0,0,1,0,0.926372204240805,0.46067134609452,5
5,0,3,0,0,1,1,0.910963394065461,0.691098158442149,24
5,0,3,0,0,1,2,0.884372080984248,0.597028963567455,41
5,0,3,0,1,0,0,0.913303305164868,0.490545954409531,43
5,0,3,0,1,0,1,0.896735494551287,0.509800694638524,74
5,0,3,0,1,0,2,0.882294696002615,0.532648229919636,108
5,0,2,1,0,1,2,0.81645015510815,1.167862544984,76
5,0,2,1,1,0,0,0.869703088612638,1.13776005271217,47
5,0,2,1,1,0,1,0.839054571805099,1.16163108575002,100
5,0,2,1,1,0,2,0.812083063965888,1.0557622994502,143
5,0,3,0,0,0,2,0.871992413738752,0.187150807145897,405
5,0,2,0,1,0,0,0.855368942166222,0.780386481331873,66
5,0,2,0,1,0,1,0.829236427851706,0.803565813424383,109
5,0,2,0,1,0,2,0.806550499401359,0.831621864673843,164
5,0,2,0,1,1,0,0.899840866331601,0.848775839352213,8
5,0,2,0,1,1,1,0.869857356713525,1.2342486625502,24
5,0,2,0,1,1,2,0.820039695326906,1.32405447151871,30
5,0,2,1,0,0,0,0.838073488283162,0.930931962225152,224
5,0,2,1,0,0,1,0.81722416857268,0.779777170804801,301
5,0,2,1,0,0,2,0.798570376829119,0.583881115057463,326
5,0,2,1,0,1,0,0.891233609738653,0.831628590285423,20
5,0,2,1,0,1,1,0.858994034878057,1.27391221505933,52
5,0,1,1,1,1,0,0.851989197512923,1.64191677609944,15
5,0,1,1,1,1,1,0.799638079466378,2.29491473278088,52
5,0,1,1,1,1,2,0.73258057426082,2.73531022380055,56
5,0,2,0,0,0,0,0.8156158668425,0.572096501017616,985
5,0,2,0,0,0,1,0.801266977649297,0.431731296635341,737
5,0,2,0,0,0,2,0.790488271856144,0.29178048071932,589
5,0,2,0,0,1,0,0.875554170127804,0.730531195762506,3
5,0,2,0,0,1,1,0.851185411848122,1.07925621858679,42
5,0,2,0,0,1,2,0.809743183405024,0.930639384732178,56
5,0,0,0,0,0,0,0.566158183633665,1.18437110641184,1664
5,0,0,0,0,0,1,0.53651097878091,0.881764971375953,1190
5,0,0,0,0,0,2,0.514538779357862,0.585518760758815,915
5,0,-4,0,0,1,0,0.181591733558953,1.38243460939164,1
5,0,-4,0,0,1,1,0.144683669783747,1.18674896679265,17
5,0,-4,0,0,1,2,0.102509478448077,0.908163132964031,17
5,0,-4,0,1,1,0,0.245023977288939,2.01274979642767,6
5,0,-4,0,1,1,1,0.186769026803355,1.85229451347671,13
5,0,-4,0,1,1,2,0.124071463007247,1.7241319230065,15
5,0,-5,1,1,1,0,0.205537820187471,2.39494617008796,3
5,0,-5,1,1,1,1,0.146082432233413,2.11504597618523,12
5,0,-5,1,1,1,2,0.0931282431176745,1.89976347154612,12
5,0,-4,0,0,0,0,0.116670610473953,0.781958381693211,465
5,0,-4,0,0,0,1,0.0973603862405892,0.508009582087926,315
5,0,-4,0,0,0,2,0.0848914844435815,0.28300137291449,254
5,0,-4,0,1,0,0,0.166190895001412,1.38123442843247,28
5,0,-4,0,1,0,1,0.128573623203146,1.07975618085107,33
5,0,-4,0,1,0,2,0.100472288356877,0.843424040654472,55
5,0,-5,1,0,0,0,0.0958065418259526,1.05495258456518,71
5,0,-5,1,0,0,1,0.0726507157678303,0.732365530606482,96
5,0,-5,1,0,0,2,0.0556003295348706,0.439760557824143,96
5,0,-5,1,0,1,0,0.150895388809332,1.53336102726313,6
5,0,-5,1,0,1,1,0.10832296682248,1.2928033088745,6
5,0,-5,1,0,1,2,0.0711476872768842,0.997781407222211,10
5,0,-5,1,1,0,0,0.138778908647157,1.69940376706713,15
5,0,-5,1,1,0,1,0.0991602619136792,1.30820349770533,31
5,0,-5,1,1,0,2,0.0689379199329867,0.942562152047013,42
5,0,-7,0,1,1,0,0.0627872436205924,0.754575132399579,0
5,0,-7,0,1,1,1,0.0428430028528041,0.581575829395004,4
5,0,-7,0,1,1,2,0.0250570812949323,0.454962377339041,3
5,0,-5,0,0,1,0,0.114806730510577,1.01652606377392,1
5,0,-5,0,0,1,1,0.0884201257499746,0.81363798953381,6
5,0,-5,0,1,0,0,0.104979583159663,1.00548845350592,14
5,0,-5,0,1,0,1,0.078197279884852,0.745955551917148,19
5,0,-5,0,1,0,2,0.0589774967467468,0.553730418338458,28
5,0,-5,0,1,1,0,0.161778936126199,1.55089590725392,5
5,0,-5,0,1,1,1,0.118564846211392,1.33575631392998,9
5,0,-5,0,1,1,2,0.0751942778259726,1.16500586535985,3
5,0,-7,0,0,1,0,0.0414003039533811,0.459661579910706,0
5,0,-7,0,0,1,1,0.0299348020980937,0.329877540362522,4
5,0,-7,0,0,1,2,0.0190122786930582,0.220563796682198,7
5,0,-7,0,1,0,0,0.0378731669646866,0.448889167309734,6
5,0,-7,0,1,0,1,0.02629016456591,0.303922807465004,8
5,0,-7,0,1,0,2,0.0185834614549879,0.206765403552461,13
5,0,-5,0,0,1,2,0.06023753997586,0.593901086904987,14
5,0,-8,1,1,0,0,0.0321209774022378,0.507315869087211,2
5,0,-8,1,1,0,1,0.0205907131927374,0.342883863734503,5
5,0,-8,1,1,0,2,0.0126496077973716,0.219298352051748,7
5,0,-7,0,0,0,0,0.0237723210049547,0.228451865549471,135
5,0,-7,0,0,0,1,0.0181491096159161,0.135232616209513,91
5,0,-7,0,0,0,2,0.014835572546215,0.0682924124356171,75
5,0,-8,0,1,0,0,0.021831906720941,0.280391396308624,6
5,0,-8,0,1,0,1,0.0146857242163331,0.182122905939198,8
5,0,-8,0,1,0,2,0.0101002873465237,0.11901809627083,6
5,0,-8,1,0,0,0,0.0199006163677084,0.285027377882081,20
5,0,-8,1,0,0,1,0.0136051367439823,0.179187452150681,24
5,0,-8,1,0,0,2,0.00947293295088701,0.0967397056156204,30
5,0,-8,1,0,1,0,0.0348614797823783,0.470165758857771,2
5,0,-8,1,0,1,1,0.0223731825121848,0.344002195548891,1
5,0,-8,1,0,1,2,0.0130939370089012,0.230372498068527,5
5,0,-8,1,1,1,0,0.0531387331611776,0.820840660075514,0
5,0,-8,1,1,1,1,0.0337352818809851,0.613726123219115,0
5,0,-8,1,1,1,2,0.0189859151530026,0.470228147322131,1
5,0,-8,0,0,1,0,0.0238291307646992,0.288274585776538,0
5,0,-8,0,0,1,1,0.016747756939005,0.197517262318645,0
5,0,-8,0,0,1,2,0.0103363707306211,0.126693268068758,2
5,0,-8,0,1,1,0,0.0372609331811715,0.487610958818652,1
5,0,-8,0,1,1,1,0.0246285407836905,0.358004770496262,1
5,0,-8,0,1,1,2,0.0139356008673751,0.267084870905066,1
5,0,-10,0,0,0,0,0.00430186325590373,0.0449627085714659,56
5,0,-10,0,0,0,1,0.00320260141509636,0.0242532496063599,38
5,0,-10,0,0,0,2,0.00260814658076406,0.0110002260504255,29
5,0,-9,1,1,1,0,0.0317039219111406,0.520542374680701,0
5,0,-9,1,1,1,1,0.0195226386915275,0.371002356920735,1
5,0,-9,1,1,1,2,0.0107011013476818,0.271031808899622,2
5,0,-8,0,0,0,0,0.0133180494233124,0.138650529668151,80
5,0,-8,0,0,0,1,0.0099107256137531,0.079810246084467,53
5,0,-8,0,0,0,2,0.00795466495893653,0.039147999834467,42
4,1,7,0,0,1,0,0.954460474170158,0.445563519700096,0
4,1,7,0,0,1,1,0.965771762023336,0.333728214591966,4
4,1,7,0,0,1,2,0.977093027232968,0.232773802562364,1
4,1,10,1,1,0,0,0.987070292434694,0.196484292307249,0
4,1,10,1,1,0,1,0.991491474327169,0.127230758593535,3
4,1,10,1,1,0,2,0.99444697713167,0.0781176806948956,3
4,1,10,1,1,1,0,0.978824090438726,0.330447761206013,0
4,1,10,1,1,1,1,0.986548777317849,0.234398624864123,0
4,1,10,1,1,1,2,0.992099539869878,0.170672912980986,0
4,1,7,0,0,0,0,0.972498463705724,0.228758082916654,57
4,1,7,0,0,0,1,0.978133773924984,0.138791402069939,40
4,1,7,0,0,0,2,0.981537443200028,0.0722225394547323,35
4,1,7,0,1,0,0,0.95826962833102,0.437791006176084,5
4,1,7,0,1,0,1,0.969727564150052,0.306928986807826,1
4,1,7,0,1,0,2,0.977570541103981,0.217465251645666,2
4,1,6,1,0,0,0,0.938055406171052,0.674373639866977,31
4,1,6,1,0,0,1,0.952887589800455,0.461426805495422,32
4,1,6,1,0,0,2,0.963618712578971,0.274103771833398,35
4,1,6,1,1,0,0,0.910419291583361,1.10296927266649,9
4,1,6,1,1,0,1,0.936078889960536,0.830246796135973,11
4,1,6,1,1,0,2,0.955282295010938,0.588951959885324,10
4,1,6,1,1,1,0,0.866661398555479,1.59645260538987,3
4,1,6,1,1,1,1,0.906025153499781,1.36205400560876,3
4,1,6,1,1,1,2,0.940027767029979,1.1935133756598,4
4,1,4,0,1,1,0,0.768537735228545,1.73008961215823,5
4,1,4,0,1,1,1,0.819216365523097,1.61164843171979,8
4,1,4,0,1,1,2,0.874917156431811,1.52818981125732,5
4,1,6,0,1,0,2,0.96151154865001,0.345369674940763,3
4,1,6,0,1,1,0,0.896026700924529,1.01327980218974,0
4,1,6,0,1,1,1,0.923986779751029,0.848776581242762,3
4,1,6,0,1,1,2,0.951410946406264,0.727037500426957,3
4,1,6,1,0,1,0,0.902742341028572,0.997340793843436,1
4,1,6,1,0,1,1,0.930354102511937,0.820916860697756,4
4,1,6,1,0,1,2,0.953900165944144,0.623487217650514,3
4,1,4,0,1,0,0,0.837346313928641,1.20447432658806,18
4,1,4,0,1,0,1,0.87052628760825,0.954923797880563,32
4,1,4,0,1,0,2,0.895518323298398,0.761862093819225,36
4,1,6,0,0,1,0,0.926135634344704,0.652685820128941,0
4,1,6,0,0,1,1,0.943001194052588,0.512371636832643,7
4,1,6,0,0,1,2,0.960720429235003,0.370607856865242,6
4,1,6,0,1,0,0,0.932299668662316,0.644968643724773,8
4,1,6,0,1,0,1,0.949420691995408,0.469839971153996,4
4,1,3,1,1,0,0,0.716853055902738,2.37935502386885,37
4,1,3,1,1,0,1,0.774488255548856,2.03282077119549,54
4,1,3,1,1,0,2,0.821573908058429,1.61121006824944,60
4,1,4,0,0,0,0,0.8814035829351,0.691559324983574,440
4,1,4,0,0,0,1,0.898498955533494,0.453590496182656,327
4,1,4,0,0,0,2,0.909649246981498,0.25671380897932,237
4,1,4,0,0,1,0,0.823070713669545,1.19865130167648,0
4,1,4,0,0,1,1,0.85553246726346,1.05763976096706,5
4,1,4,0,0,1,2,0.893591858874965,0.822905690433766,9
4,1,3,1,0,1,0,0.693608283410316,2.05423348407318,7
4,1,3,1,0,1,1,0.75528795468074,1.99099055376174,25
4,1,3,1,0,1,2,0.817081395899515,1.7243652233412,23
4,1,3,1,1,1,0,0.628348620230057,2.93312372386852,7
4,1,3,1,1,1,1,0.706720788425179,2.96990767493721,8
4,1,3,1,1,1,2,0.785710566561388,3.04241528665055,16
4,1,3,0,0,1,0,0.740986715313399,1.47022915437032,3
4,1,3,0,0,1,1,0.782120988393055,1.40609796326803,16
4,1,3,0,0,1,2,0.833489551035632,1.12787983992701,31
4,1,3,0,1,1,0,0.67498076512819,2.03597632554279,4
4,1,3,0,1,1,1,0.736920876710392,2.02302913473961,9
4,1,3,0,1,1,2,0.809648293896007,2.02087756623682,10
4,1,3,1,0,0,0,0.779300543245631,1.62725858471292,136
4,1,3,1,0,0,1,0.815077317728695,1.21945820799776,172
4,1,3,1,0,0,2,0.84365776914224,0.799932359800482,160
4,1,1,0,0,0,0,0.625600659781136,1.15587474686008,1472
4,1,1,0,0,0,1,0.654378823517242,0.826181993408058,1044
4,1,1,0,0,0,2,0.674852369262201,0.519665967059103,795
4,1,2,1,1,1,0,0.520640662560874,3.06334518794401,9
4,1,2,1,1,1,1,0.605913970155731,3.31815238600421,20
4,1,2,1,1,1,2,0.69677667125595,3.58177355182581,26
4,1,3,0,0,0,0,0.818718545906945,0.893693595363767,658
4,1,3,0,0,0,1,0.840847747459793,0.603020752507979,485
4,1,3,0,0,0,2,0.855700491664215,0.352582234261001,351
4,1,3,0,1,0,0,0.761125006025071,1.49599921562272,33
4,1,3,0,1,0,1,0.803387204448618,1.24353457119963,67
4,1,3,0,1,0,2,0.836285760166107,1.03960621492238,67
4,1,0,1,1,1,0,0.304622052304156,2.47586348918105,28
4,1,0,1,1,1,1,0.379304804058561,3.08008005637872,60
4,1,0,1,1,1,2,0.46793460205756,3.57356365948448,57
4,1,-3,0,0,0,0,0.181296376271619,0.50736354125325,558
4,1,-3,0,0,0,1,0.194006158913804,0.379566375076529,456
4,1,-3,0,0,0,2,0.203471186425389,0.253704600616184,386
4,1,0,1,0,1,0,0.353605404681449,1.86013195385177,41
4,1,0,1,0,1,1,0.419300121372205,2.39597380310131,89
4,1,0,1,0,1,2,0.49814428975214,2.19198708878336,115
4,1,0,1,1,0,0,0.38997889406987,2.3921645365524,118
4,1,0,1,1,0,1,0.451997378711464,2.3022076267577,194
4,1,0,1,1,0,2,0.505460547158795,2.00620217985496,230
4,1,-4,1,1,0,0,0.0855013733791019,0.698903297097307,20
4,1,-4,1,1,0,1,0.104253619185024,0.70951549307276,49
4,1,-4,1,1,0,2,0.120726777336783,0.642037217285551,49
4,1,-4,1,1,1,0,0.0609033602235721,0.66237204715711,3
4,1,-4,1,1,1,1,0.0821508012008819,0.938881564230945,18
4,1,-4,1,1,1,2,0.109622227294866,1.12131463446132,15
4,1,-3,0,0,1,0,0.129002265649094,0.655964566529079,6
4,1,-3,0,0,1,1,0.150750050449001,0.942055476630322,28
4,1,-3,0,0,1,2,0.186793898790226,0.809109908948399,45
4,1,-4,0,1,1,0,0.0672230385481792,0.524189458179127,5
4,1,-4,0,1,1,1,0.0856533348871944,0.750191758964873,18
4,1,-4,0,1,1,2,0.115877128868511,0.805569713923422,22
4,1,-4,1,0,1,0,0.0725651173227205,0.513838801103187,14
4,1,-4,1,0,1,1,0.0923053288233674,0.7736582335913,15
4,1,-4,1,0,1,2,0.118104865264225,0.709284243056118,31
4,1,-6,0,1,0,0,0.0361176150266365,0.192276224684287,11
4,1,-6,0,1,0,1,0.0426306564613234,0.201055034342716,21
4,1,-6,0,1,0,2,0.0483305223248057,0.210819522041464,25
4,1,-4,0,0,1,0,0.082409983874731,0.44654655666493,4
4,1,-4,0,0,1,1,0.0972686447127459,0.652264237525881,9
4,1,-4,0,0,1,2,0.122278113135418,0.561512781422503,32
4,1,-4,0,1,0,0,0.094515197704908,0.478082668436897,19
4,1,-4,0,1,0,1,0.110421026621392,0.488750929630684,56
4,1,-4,0,1,0,2,0.124186388584816,0.50230109430012,80
4,1,-4,1,0,0,0,0.104901836367134,0.56845193210444,90
4,1,-4,1,0,0,1,0.117621479892098,0.47450486749055,122
4,1,-4,1,0,0,2,0.128963601691225,0.353843611482684,133
4,1,-6,0,0,0,0,0.0461035116443328,0.14298150304063,123
4,1,-6,0,0,0,1,0.049692727863498,0.108724704082188,96
4,1,-6,0,0,0,2,0.0524092582270937,0.0740893239673829,90
4,1,-6,0,0,1,0,0.0309436920431834,0.180777911328736,3
4,1,-6,0,0,1,1,0.0369972644655672,0.273024983740125,5
4,1,-6,0,0,1,2,0.0475076262250984,0.236322305643761,16
4,1,-6,0,1,1,0,0.0251976484545991,0.204991799376579,4
4,1,-6,0,1,1,1,0.0325119413103057,0.308775130459379,9
4,1,-6,0,1,1,2,0.0450206873770246,0.331634109945615,6
4,1,-7,1,0,1,0,0.0165894444332152,0.114062101033967,0
4,1,-7,1,0,1,1,0.0211884604944312,0.190133921909774,6
4,1,-7,1,0,1,2,0.0275771421400944,0.17538805444175,6
4,1,-7,1,1,1,0,0.0144948272162267,0.139461581673991,2
4,1,-7,1,1,1,1,0.0192019847563444,0.221413689182729,4
4,1,-7,1,1,1,2,0.0257295875731255,0.269691020852672,6
4,1,-7,0,0,1,2,0.0284867857681594,0.14355647801534,11
4,1,-7,0,1,1,0,0.0153855457245665,0.116363102101876,2
4,1,-7,0,1,1,1,0.0195925844215489,0.183665096148967,3
4,1,-7,0,1,1,2,0.0270704636193017,0.197747698855035,5
4,1,-7,1,0,0,0,0.0244346393525113,0.13548359149293,12
4,1,-7,1,0,0,1,0.027479417965748,0.115919575533467,24
4,1,-7,1,0,0,2,0.0302609497219604,0.0886803354262519,36
4,1,-7,1,1,0,0,0.0199493321269971,0.15979113536204,5
4,1,-7,1,1,0,1,0.0243352463421524,0.168982572679564,7
4,1,-7,1,1,0,2,0.0282622099237298,0.157736344833795,11
4,1,-7,0,0,0,0,0.0277036140119661,0.0849966691166339,58
4,1,-7,0,0,0,1,0.0298398114796169,0.0653212585646343,53
4,1,-7,0,0,0,2,0.0314739640033477,0.0450241828270627,46
4,1,-7,0,1,0,0,0.0217268582733052,0.112089873918481,2
4,1,-7,0,1,0,1,0.0255829692987856,0.119655330025492,10
4,1,-7,0,1,0,2,0.0289954862447487,0.127808555566669,14
4,1,-10,1,1,1,0,0.00698423840163701,1.99013352040539e-18,1
4,1,-10,1,1,1,1,0.00698423840163701,8.70363210902131e-18,2
4,1,-10,1,1,1,2,0.00698423840163701,6.2977721974479e-17,2
4,1,-8,1,1,1,0,0.00976502279483876,0.0662539050257517,2
4,1,-8,1,1,1,1,0.0121104039046022,0.116792541313493,3
4,1,-8,1,1,1,2,0.0155671793778029,0.14389041289634,3
4,1,-7,0,0,1,0,0.0185491158955218,0.10603813064368,0
4,1,-7,0,0,1,1,0.0221181632855239,0.164866152105957,4
4,1,-10,1,0,1,0,0.00698423840163701,5.28767795137587e-18,0
4,1,-10,1,0,1,1,0.00698423840163701,3.72057031735643e-18,4
4,1,-10,1,0,1,2,0.00698423840163701,1.11196469472701e-17,2
4,1,-10,1,1,0,0,0.00698423840163701,7.69730029923551e-18,4
4,1,-10,1,1,0,1,0.00698423840163701,3.80208310018983e-17,6
4,1,-10,1,1,0,2,0.00698423840163701,1.80223992897583e-17,7
4,1,-9,0,0,0,0,0.010138474632776,0.0190822010909578,11
4,1,-9,0,0,0,1,0.0106246591821958,0.0156182642230786,10
4,1,-9,0,0,0,2,0.0110202122342808,0.0118021777739538,12
4,0,7,1,1,1,0,0.991754716740538,0.0885277118841639,0
4,0,7,1,1,1,1,0.988747513055584,0.142618347137775,6
4,0,7,1,1,1,2,0.984537978325356,0.173860065602949,5
4,1,-10,1,0,0,0,0.00698423840163701,5.40948417670921e-17,8
4,1,-10,1,0,0,1,0.00698423840163701,4.14281521750965e-17,9
4,1,-10,1,0,0,2,0.00698423840163701,4.49435938517907e-17,8
4,0,7,0,1,1,0,0.991204105079063,0.0741662610067546,1
4,0,7,0,1,1,1,0.988516690479453,0.118744789351022,4
4,0,7,0,1,1,2,0.983676110434156,0.127338835643122,6
4,0,7,1,0,1,0,0.990456550188121,0.0727819357915841,1
4,0,7,1,0,1,1,0.987503727245446,0.123039249583306,4
4,0,7,1,0,1,2,0.983363605747029,0.113324293571937,6
4,0,7,1,1,0,0,0.988259264849223,0.102331816788426,2
4,0,7,1,1,0,1,0.985440657335767,0.108686476890089,10
4,0,7,1,1,0,2,0.982915624266069,0.101761580198504,12
4,0,7,0,1,0,0,0.987154762719706,0.0719308465778509,1
4,0,7,0,1,0,1,0.984665623100033,0.0771970756954198,8
4,0,7,0,1,0,2,0.982458445754102,0.0830028091687363,14
4,0,7,1,0,0,0,0.985383257439759,0.0871287040708647,8
4,0,7,1,0,0,1,0.983422983263423,0.0747321210622596,29
4,0,7,1,0,0,2,0.981628021150562,0.057346874560665,42
4,0,5,0,0,1,0,0.966924256316372,0.206819753537396,3
4,0,5,0,0,1,1,0.95999982621978,0.312107682602354,14
4,0,5,0,1,0,2,0.947040073811494,0.240644269141348,56
4,0,5,0,1,1,0,0.973469522308442,0.235278747109501,4
4,0,5,0,1,1,1,0.965089531863361,0.353095986435658,14
4,0,5,0,1,1,2,0.950791015231249,0.377791088497577,10
4,0,7,0,0,1,0,0.989236588365462,0.0681871724189842,0
4,0,7,0,0,1,1,0.986937649068185,0.107143545303836,0
4,0,7,0,0,1,2,0.982792954064119,0.0933526853546526,6
4,0,4,1,1,1,0,0.959080898368617,0.485185441722098,5
4,0,4,1,1,1,1,0.943308227066261,0.70775828123071,29
4,0,4,1,1,1,2,0.922546281765203,0.848952413852339,29
4,0,5,0,0,0,0,0.94958647787359,0.16336915027567,195
4,0,5,0,0,0,1,0.945485124293267,0.124118546881889,155
4,0,5,0,0,0,2,0.942383574226152,0.0845883108192233,138
4,0,5,0,0,1,2,0.947982987113399,0.269860842897805,25
4,0,5,0,1,0,0,0.961001275607245,0.219955457885275,23
4,0,5,0,1,0,1,0.953549208706876,0.229533588890665,29
4,0,4,1,0,0,0,0.926237119866719,0.428817289665678,90
4,0,4,1,0,0,1,0.916626642017496,0.360091415746999,158
4,0,4,1,0,0,2,0.90800684391154,0.270362575581487,161
4,0,4,1,0,1,0,0.950810658639422,0.379744734787638,15
4,0,4,1,0,1,1,0.935990721452472,0.589500195174461,27
4,0,4,1,0,1,2,0.916282583152687,0.540287559966287,36
4,0,4,1,1,0,0,0.940767605575243,0.521933142819852,19
4,0,4,1,1,0,1,0.92667009193551,0.535216445341911,51
4,0,4,1,1,0,2,0.914244872866943,0.487914582349584,60
4,0,4,0,0,0,0,0.915901639361602,0.264304547023128,398
4,0,4,0,0,0,1,0.909269958733201,0.199967398854132,309
4,0,4,0,0,0,2,0.904275691232632,0.13559842403928,240
4,0,4,0,1,0,0,0.934308736993681,0.358723550793975,22
4,0,4,0,1,0,1,0.922240222086203,0.371252698179643,47
4,0,4,0,1,0,2,0.911740226079821,0.386184865516881,91
4,0,4,0,1,1,0,0.954702086300079,0.387725026402624,10
4,0,4,0,1,1,1,0.940963527281372,0.570700950043914,13
4,0,4,0,1,1,2,0.917900003670207,0.611258461356793,12
4,0,3,1,1,1,0,0.932019272272466,0.773052453651096,10
4,0,3,1,1,1,1,0.90713412917467,1.10342906090905,29
4,0,3,1,1,1,2,0.87482432421152,1.31904311012537,46
4,0,4,0,0,1,0,0.943739013697968,0.336334110010408,7
4,0,4,0,0,1,1,0.932501469715399,0.501169970892468,17
4,0,4,0,0,1,2,0.913235972734512,0.432554836272667,36
4,0,1,1,1,0,0,0.769072353483043,1.73620223911401,82
4,0,1,1,1,0,1,0.723071916683669,1.72881674103971,150
4,0,1,1,1,1,0,0.830446705977257,1.69997853131422,18
4,0,1,1,1,1,1,0.777129282524102,2.29234980597488,54
4,0,1,1,1,1,2,0.710387774314783,2.71389784578908,84
4,0,2,0,0,0,0,0.789393242532017,0.604385623375699,958
4,0,2,0,0,0,1,0.774250290633319,0.452796516248973,706
4,0,2,0,0,0,2,0.762957103501049,0.303178177513297,580
4,0,1,1,0,0,0,0.721200386676841,1.38557432207885,311
4,0,1,1,0,0,1,0.690280416002816,1.14417053494315,366
4,0,1,1,0,0,2,0.663002247869119,0.842908489283803,389
4,0,1,1,0,1,0,0.799001461454113,1.30331610099524,32
4,0,1,1,0,1,1,0.750460009351383,1.85223703868297,72
4,0,1,1,0,1,2,0.688976068470736,1.69843217622937,95
4,0,1,1,1,0,2,0.68292284632553,1.54383034217991,175
4,0,-3,1,0,1,0,0.347840159849061,2.22081619972036,18
4,0,-3,1,0,1,1,0.280431083651188,2.19803595249326,27
4,0,-3,1,0,1,2,0.211720577030606,1.92594453217131,30
4,0,-3,1,1,0,0,0.32159881791976,2.58856612632256,44
4,0,-3,1,1,0,1,0.258573295692613,2.24239721093867,59
4,0,-3,1,1,0,2,0.206619988388156,1.79737932517657,79
4,0,1,0,1,0,0,0.745181337117552,1.17723770678489,85
4,0,1,0,1,0,1,0.706804189575447,1.17651037942117,127
4,0,1,0,1,0,2,0.673914211111915,1.18311812259555,167
4,0,1,0,1,1,0,0.812808788910641,1.32349171704096,17
4,0,1,0,1,1,1,0.766937949855287,1.80138972577407,41
4,0,1,0,1,1,2,0.694769834174941,1.94272001708727,47
4,0,-3,0,1,0,0,0.273900169958581,1.64097175478836,27
4,0,-3,0,1,0,1,0.227198957944997,1.38325974257233,50
4,0,-3,1,0,0,0,0.253315663174289,1.79319292101172,183
4,0,-3,1,0,0,1,0.213883932321854,1.35627449848096,204
4,0,-3,1,0,0,2,0.182072330014454,0.898378299274645,213
4,0,-5,0,1,1,0,0.182664505554797,1.53284398112317,3
4,0,-5,0,1,1,1,0.138890496001501,1.36816360080964,4
4,0,-5,0,1,1,2,0.0929546819865921,1.24523354251691,8
4,0,-3,0,0,1,0,0.296779048990973,1.60661458401896,4
4,0,-3,0,0,1,1,0.251391402948349,1.57435299916937,14
4,0,-3,0,0,1,2,0.193693269874895,1.27217939802841,22
4,0,-3,0,1,0,2,0.190494342328233,1.17128319976924,62
4,0,-3,0,1,1,0,0.368623561494113,2.19654481726796,5
4,0,-3,0,1,1,1,0.30102580246802,2.22799420975387,16
4,0,-3,0,1,1,2,0.220075725049989,2.2579870708618,20
4,0,-6,1,1,1,0,0.154075354432416,1.8049345448615,3
4,0,-6,1,1,1,1,0.109398369426083,1.55827078187408,2
4,0,-6,1,1,1,2,0.0703784673313328,1.37969022314922,3
4,0,-5,0,0,1,0,0.135418792555461,1.03118975073737,0
4,0,-5,0,0,1,1,0.108064099612429,0.865410262311519,5
4,0,-5,0,0,1,2,0.0774032427770608,0.654665632590845,8
4,0,-5,0,1,0,0,0.12427749043314,1.02829684530669,16
4,0,-5,0,1,0,1,0.0964077772540725,0.788076728570988,24
4,0,-5,0,1,0,2,0.0759309875999805,0.607900949194299,20
4,0,-6,1,1,0,0,0.104293426693832,1.25961345556074,4
4,0,-6,1,1,0,1,0.0749324766792476,0.956454047734876,15
4,0,-6,1,1,0,2,0.0528132886239534,0.683518588993486,14
4,0,-5,0,0,0,0,0.087957632084225,0.574479121868775,247
4,0,-5,0,0,0,1,0.0737706769063534,0.368962666231091,176
4,0,-5,0,0,0,2,0.0647107842640606,0.203922112419688,125
4,0,-6,0,1,0,0,0.0793527222623758,0.740008524639802,9
4,0,-6,0,1,0,1,0.059646329479649,0.54376278548748,12
4,0,-6,0,1,0,2,0.045632033883248,0.402834907589884,11
4,0,-6,0,1,1,0,0.121042835382725,1.15268707103255,2
4,0,-6,0,1,1,1,0.0890642585677494,0.976199193745526,4
4,0,-6,0,1,1,2,0.0573393844017589,0.844567794248749,5
4,0,-6,1,0,0,0,0.0726285989469786,0.775468299918958,35
4,0,-6,1,0,0,1,0.0555788548912576,0.53395352965323,53
4,0,-6,1,0,0,2,0.0431536929508982,0.319236642469171,48
4,0,-6,1,0,1,0,0.113226895411243,1.13658945840545,1
4,0,-6,1,0,1,1,0.081649637255707,0.944757899669802,5
4,0,-6,1,0,1,2,0.0544320979636134,0.723972584735716,5
4,0,-7,1,1,1,0,0.102160263522235,1.31694593211299,1
4,0,-7,1,1,1,1,0.0701105214677732,1.08193171106808,4
4,0,-6,0,0,1,0,0.0865684264173672,0.747909970664171,2
4,0,-6,0,0,1,1,0.0671649737891666,0.593565648441146,4
4,0,-6,0,0,1,2,0.0465624044413858,0.432484905855851,7
4,0,-8,0,0,0,0,0.0192183958148233,0.169946065576475,61
4,0,-8,0,0,0,1,0.0150363286489432,0.101060236110235,43
4,0,-8,0,0,0,2,0.0125584728357422,0.0514604554783284,38
4,0,-7,1,1,1,2,0.0433996339956899,0.914185439800507,1
4,0,-6,0,0,0,0,0.0542554418156264,0.400296804298165,177
4,0,-6,0,0,0,1,0.0443804775577369,0.250339425192535,129
4,0,-6,0,0,0,2,0.0382386222249812,0.134470422698729,99
4,0,-9,1,0,0,0,0.0162504398823314,0.213031320837703,5
4,0,-9,1,0,0,1,0.0115448750916495,0.134706725583613,6
4,0,-9,1,0,0,2,0.00843854671682858,0.0733216344833227,4
4,0,-9,1,1,0,0,0.025349399712753,0.377192529165767,2
4,0,-9,1,1,0,1,0.016767952358146,0.256262869411911,0
4,0,-9,1,1,0,2,0.0108272036449996,0.165269339703221,2
4,0,-9,1,1,1,0,0.0409312072100449,0.607513213893151,2
4,0,-9,1,1,1,1,0.026526181131348,0.455507944046132,0
4,0,-9,1,1,1,2,0.0155509836545552,0.352134733834248,1
4,0,-9,0,1,1,0,0.0292459127993113,0.361674735327019,0
4,0,-9,0,1,1,1,0.0198396173230536,0.267138971424019,1
4,0,-9,0,1,1,2,0.0118144589959622,0.201702152614609,1
4,0,-9,1,0,1,0,0.0274275242541783,0.349188192222683,1
4,0,-9,1,0,1,1,0.0181260407573798,0.25679613586562,2
4,0,-9,1,0,1,2,0.0111649288430212,0.173700928203409,2
3,1,8,1,0,0,0,0.970175981688922,0.337978373839036,3
3,1,8,1,0,0,1,0.977624932394966,0.224503963275659,4
3,1,8,1,0,0,2,0.982830101877353,0.129458399177488,6
3,1,8,1,0,1,0,0.952451087431094,0.520133402909394,0
3,1,8,1,0,1,1,0.966652167777162,0.408996892236714,1
4,0,-9,0,0,1,0,0.019240202602359,0.214853310881991,1
4,0,-9,0,0,1,1,0.0139444705177689,0.148395726333218,0
4,0,-9,0,0,1,2,0.00910103419739336,0.096212329053735,1
4,0,-9,0,1,0,0,0.0177178789172089,0.209259232741739,1
4,0,-9,0,1,0,1,0.0123716216333936,0.136857479186903,2
4,0,-9,0,1,0,2,0.00892059157496127,0.0903318021495625,1
3,1,6,0,1,1,0,0.880544500019334,1.04055271967541,0
3,1,6,0,1,1,1,0.909832800786888,0.899782305342406,2
3,1,6,0,1,1,2,0.939694714657963,0.799417136027272,2
3,1,8,0,1,0,0,0.967488756373949,0.326458734468635,0
3,1,8,0,1,0,1,0.976037766315899,0.228408927207485,2
3,1,8,0,1,0,2,0.981876711593052,0.162091810445058,0
3,1,8,0,1,1,0,0.949279025053594,0.53272504350612,0
3,1,8,0,1,1,1,0.963641264024864,0.423973710045815,1
3,1,8,0,1,1,2,0.977007579721557,0.347213540016308,1
3,1,8,1,0,1,2,0.978171349765188,0.298243661356966,2
3,1,6,0,1,0,0,0.919058565744196,0.68166959266689,7
3,1,6,0,1,0,1,0.937407318170164,0.511012702776371,9
3,1,6,0,1,0,2,0.950647370328338,0.387861924290348,7
3,1,8,0,0,1,0,0.964637348044851,0.332031896991418,0
3,1,8,0,0,1,1,0.973072894090582,0.248395261904014,0
3,1,8,0,0,1,2,0.98151854193565,0.17359339972028,1
3,1,5,1,1,0,0,0.84782993676015,1.52285983150931,7
3,1,5,1,1,0,1,0.883927428937115,1.21750324172082,12
3,1,5,1,1,0,2,0.912105946326392,0.912741342015278,10
3,1,6,0,0,0,0,0.942700776156506,0.374959613897932,60
3,1,6,0,0,0,1,0.951956904503432,0.237686317808413,36
3,1,6,0,0,0,2,0.957794360599984,0.129959858119051,30
3,1,6,0,0,1,0,0.911966155996588,0.685458036937021,0
3,1,6,0,0,1,1,0.929989415525016,0.560027916043277,1
3,1,6,0,0,1,2,0.949715383699628,0.417504786722385,3
3,1,5,1,0,0,0,0.886825478498269,0.981493534565033,29
3,1,5,1,0,0,1,0.908407461040975,0.702547818188842,36
3,1,5,1,0,0,2,0.924814290855143,0.439205165936276,27
3,1,5,1,0,1,0,0.835269410263075,1.34845375728967,0
3,1,5,1,0,1,1,0.874003215775345,1.19464729167607,5
3,1,5,1,0,1,2,0.909753585109778,0.971740789402158,5
3,1,5,1,1,1,0,0.789056707448589,2.05196154446026,1
3,1,5,1,1,1,1,0.841461018643713,1.89101236561527,2
3,1,5,1,1,1,2,0.89011153309459,1.78735899724751,3
3,1,5,0,0,1,0,0.866666349907821,0.919191000110755,1
3,1,5,0,0,1,1,0.891343044085316,0.790801527961289,4
3,1,5,0,0,1,2,0.919662077736427,0.607646881344505,7
3,1,5,0,1,0,0,0.877185736897229,0.920946659720961,7
3,1,5,0,1,0,1,0.902384970952515,0.716011999346334,9
3,1,5,0,1,1,0,0.824812933382331,1.35220564018237,0
3,1,5,0,1,1,1,0.86388111231755,1.22422188865748,1
3,1,5,0,1,1,2,0.905729746010708,1.13573744314006,0
3,1,3,0,0,0,0,0.799496839684896,0.857753644334991,522
3,1,3,0,0,0,1,0.820754958445153,0.583156642701797,379
3,1,3,0,0,0,2,0.835133992157526,0.344932770073638,284
3,1,4,1,1,1,0,0.711073919851801,2.45280598580376,2
3,1,4,1,1,1,1,0.775303800667714,2.37877122861422,4
3,1,4,1,1,1,2,0.837707609264529,2.35288168621334,10
3,1,5,0,0,0,0,0.91030634136835,0.521289784369714,132
3,1,5,0,0,0,1,0.923188947116351,0.338018918116529,92
3,1,5,0,0,0,2,0.931498072016227,0.189439555977367,70
3,1,5,0,1,0,2,0.921074541029291,0.562864533152448,8
3,1,2,1,1,0,0,0.607943160504097,2.45280568873151,46
3,1,2,1,1,0,1,0.668851698582547,2.19436418770473,64
3,1,2,1,1,0,2,0.719763979845007,1.80850152724423,80
3,1,2,1,1,1,0,0.518370774109803,2.83657947108389,6
3,1,2,1,1,1,1,0.597559546829004,3.07547910418068,18
3,1,2,1,1,1,2,0.682182490174164,3.32800442409479,17
3,1,2,0,1,1,0,0.559226497288125,2.02606424993924,8
3,1,2,0,1,1,1,0.623657369737264,2.17438291805289,17
3,1,2,0,1,1,2,0.705789657528657,2.2824186868588,19
3,1,2,1,0,1,0,0.579537264082381,2.04836362500369,13
3,1,2,1,0,1,1,0.644503611922786,2.17318137453345,21
3,1,2,1,0,1,2,0.714159334125785,1.94952345405484,31
3,1,2,0,0,1,0,0.625586662069301,1.52268745075181,6
3,1,2,0,0,1,1,0.670371013326346,1.63205652798246,26
3,1,2,0,0,1,2,0.73092648665841,1.34539665216085,44
3,1,2,0,1,0,0,0.650814176968374,1.58192638499945,40
3,1,2,0,1,0,1,0.697228802281372,1.38913306335636,56
3,1,2,0,1,0,2,0.7345662440604,1.23108602279238,75
3,1,2,1,0,0,0,0.673231614590018,1.75829693346219,187
3,1,2,1,0,0,1,0.712015837878023,1.36019349614278,226
3,1,2,1,0,0,2,0.744037774397683,0.928119984190352,217
3,1,-2,0,1,1,0,0.17917648722451,1.13113414785897,17
3,1,-2,0,1,1,1,0.218076976029786,1.50011376979105,29
3,1,-2,0,1,1,2,0.277981015719233,1.61734363792801,45
3,1,2,0,0,0,0,0.715988623815496,0.993947758274003,871
3,1,2,0,0,0,1,0.740671048294566,0.692225042533198,636
3,1,2,0,0,0,2,0.757777380207092,0.421549534837752,507
3,1,-4,0,1,0,0,0.110379951536729,0.523113024241374,10
3,1,-4,0,1,0,1,0.127630880077578,0.529525386487462,40
3,1,-4,0,1,0,2,0.142496670815339,0.539091674451409,59
3,1,-2,0,0,1,0,0.213640218719957,0.922393963784525,8
3,1,-2,0,0,1,1,0.243821868822109,1.26863989082695,26
3,1,-2,0,0,1,2,0.292121095025888,1.08339641788201,67
3,1,-2,0,1,0,0,0.236297273706169,0.992659912688704,73
3,1,-2,0,1,0,1,0.268337194857564,0.979965778806021,107
3,1,-2,0,1,0,2,0.295631274268276,0.974217061620191,155
3,1,-5,1,1,0,2,0.0913402888286306,0.476086406055213,27
3,1,-4,0,0,0,0,0.136402513621177,0.377009129479805,221
3,1,-4,0,0,0,1,0.145847172786638,0.282165400120082,199
3,1,-4,0,0,0,2,0.152883533994633,0.1886755627853,197
3,1,-4,0,0,1,0,0.0975192306653891,0.487131897311495,0
3,1,-4,0,0,1,1,0.113673814098248,0.70050568359844,10
3,1,-4,0,0,1,2,0.140479061477776,0.601739813990977,18
3,1,-4,0,1,1,0,0.0804422259200036,0.57995392631475,5
3,1,-4,0,1,1,1,0.100701937034034,0.811987463330224,9
3,1,-4,0,1,1,2,0.133334740629267,0.873279295042693,16
3,1,-5,1,0,1,0,0.0556940751214339,0.379337358660036,5
3,1,-5,1,0,1,1,0.0702836073369069,0.573139432456922,11
3,1,-5,1,0,1,2,0.0893964952198034,0.525949620117428,12
3,1,-5,1,1,1,0,0.0471499774229995,0.487001104774842,4
3,1,-5,1,1,1,1,0.0628006918919467,0.694345111118149,10
3,1,-5,1,1,1,2,0.0831185360261988,0.830907152510638,5
3,1,-5,0,0,1,0,0.0629514590836681,0.330445742341089,1
3,1,-5,0,0,1,1,0.0739506549953871,0.483494154004666,7
3,1,-5,0,0,1,2,0.0924903261600121,0.416438415885736,19
3,1,-5,0,1,1,0,0.0517258324730339,0.386921597737616,1
3,1,-5,0,1,1,1,0.0653467278044471,0.555700110888416,2
3,1,-5,0,1,1,2,0.087740654827678,0.597446591128282,8
3,1,-5,1,0,0,0,0.0796273621326913,0.42076695727042,26
3,1,-5,1,0,0,1,0.0890416012305317,0.351669825493525,42
3,1,-5,1,0,0,2,0.0974477738742411,0.262448828954582,66
3,1,-5,1,1,0,0,0.0652822910850773,0.516274797201186,10
3,1,-5,1,1,0,1,0.0791424934749736,0.525389345304092,19
3,1,-5,0,0,0,0,0.0897906788752974,0.257763686106128,122
3,1,-5,0,0,0,1,0.0962523669569171,0.193992655938955,101
3,1,-5,0,0,0,2,0.101093135637699,0.130567353830742,101
3,1,-5,0,1,0,0,0.0719267535925733,0.353715223547011,13
3,1,-5,0,1,0,1,0.0837021730847484,0.362223750960388,20
3,1,-5,0,1,0,2,0.0939051513241458,0.372535973460368,21
3,1,-8,1,1,1,0,0.0139443111347934,0.0839868767905331,0
3,1,-8,1,1,1,1,0.0169117584154046,0.147270264922952,2
3,1,-8,1,1,1,2,0.0212682411385588,0.181449359677233,1
3,1,-6,1,1,1,0,0.0301847863843018,0.303143288326567,0
3,1,-6,1,1,1,1,0.0400828916329183,0.448332610520972,6
3,1,-6,1,1,1,2,0.0532350312439525,0.540866839180998,7
3,1,-8,0,1,1,0,0.014218775533925,0.0727530341909302,0
3,1,-8,0,1,1,1,0.0168989229830311,0.126220914313619,2
3,1,-8,0,1,1,2,0.0220682521475725,0.135297911322773,1
3,1,-8,1,0,1,0,0.0150086761172508,0.0717754735063054,1
3,1,-8,1,0,1,1,0.0180121993738713,0.130134721636106,1
3,1,-8,1,0,1,2,0.0224250449494932,0.119530454953058,3
3,1,-8,1,1,0,0,0.0174473749512046,0.102589572733563,1
3,1,-8,1,1,0,1,0.0203298467510626,0.111534375780695,1
3,1,-8,1,1,0,2,0.0229270243868679,0.106771539662458,3
3,1,-7,0,0,0,0,0.0360368802847678,0.103877744545017,27
3,1,-7,0,0,0,1,0.0386464642129097,0.0796505198219314,28
3,1,-7,0,0,0,2,0.0406382771431132,0.0547166480031909,32
3,1,-8,0,1,0,0,0.018336467353067,0.0735334328623945,2
3,1,-8,0,1,0,1,0.0209489601390108,0.0814100458595848,3
3,1,-8,0,1,0,2,0.0233049274561482,0.0905579385566458,6
3,1,-8,1,0,0,0,0.0203028435417486,0.0900745031613663,3
3,1,-8,1,0,0,1,0.0223368204733515,0.0787670664356826,6
3,1,-8,1,0,0,2,0.0242364748319347,0.0619611090372821,12
3,1,-9,1,1,0,0,0.0125126584421532,0.0392074301818616,0
3,1,-9,1,1,0,1,0.0136680648877459,0.0455044839557322,2
3,1,-9,1,1,0,2,0.0147134496551245,0.045399151502309,2
3,1,-8,0,0,0,0,0.0224718007418774,0.0579293810694828,16
3,1,-8,0,0,0,1,0.023932216447722,0.0454630319838595,14
3,1,-8,0,0,0,2,0.0250724437560056,0.0321210056702874,14
3,1,-8,0,0,1,0,0.0160169921283324,0.0703499456398401,0
3,1,-8,0,0,1,1,0.0184120508331154,0.116040751224241,2
3,1,-8,0,0,1,2,0.0229293837321087,0.102170372408796,3
3,0,7,0,1,0,0,0.981714630985777,0.0949530863076944,3
3,0,7,0,1,0,1,0.978446272073474,0.101412175386834,8
3,0,9,0,0,1,0,0.993570564077161,0.0184688396454926,0
3,0,9,0,0,1,1,0.992924692136916,0.036741003848382,0
3,0,9,0,0,1,2,0.991472445986795,0.0320318915724156,0
3,0,9,0,1,0,0,0.992744780630129,0.0196766741028503,0
3,0,9,0,1,0,1,0.992007905071355,0.0224060747235227,3
3,0,9,0,1,0,2,0.991330586223732,0.0276648870259288,6
3,1,-9,1,1,1,0,0.0111709952648014,0.0289669333117623,0
3,1,-9,1,1,1,1,0.0122291324432773,0.0622140753817229,2
3,1,-9,1,1,1,2,0.0141141142748532,0.0764108443236343,1
3,0,7,0,0,1,0,0.984411770100661,0.0898436979617903,0
3,0,7,0,0,1,1,0.98138732228244,0.139825523541994,2
3,0,7,0,0,1,2,0.975985279455213,0.121759368165937,3
3,0,7,0,1,0,2,0.975553361748496,0.108389107443917,17
3,0,7,0,1,1,0,0.987083980703226,0.098511077165148,0
3,0,7,0,1,1,1,0.983521644822909,0.155693582923007,1
3,0,7,0,1,1,2,0.9771818933178,0.167568249128817,2
3,0,6,1,0,1,0,0.976983098171613,0.170609350054443,4
3,0,6,1,0,1,1,0.970242160409703,0.272045981892231,11
3,0,6,1,0,1,2,0.961133506028324,0.25000550091428,9
3,0,6,1,1,1,0,0.98051337824474,0.214492988251368,2
3,0,6,1,1,1,1,0.973450203698337,0.323023898182662,4
3,0,6,1,1,1,2,0.963958779939279,0.390422293119138,3
3,0,7,0,0,0,0,0.976647432039011,0.0720403569352286,25
3,0,7,0,0,0,1,0.974836765532505,0.0553792455742061,28
3,0,7,0,0,0,2,0.973451265079989,0.0381868893167786,30
3,0,6,0,1,1,0,0.97875120436521,0.174285630622696,0
3,0,6,0,1,1,1,0.972529468491434,0.263071196664245,4
3,0,6,0,1,1,2,0.961869817223345,0.282445947531466,3
3,0,6,1,0,0,0,0.965687467684694,0.196386834908484,18
3,0,6,1,0,0,1,0.961282887114388,0.166053893217133,23
3,0,6,1,0,0,2,0.957304677396642,0.125453058114729,38
3,0,6,1,1,0,0,0.972292519422341,0.236397992618998,8
3,0,6,1,1,0,1,0.965874419142586,0.245271066937006,6
3,0,6,1,1,0,2,0.96018028314304,0.225473061418091,17
3,0,6,0,0,0,0,0.96095169400162,0.121798952936135,61
3,0,6,0,0,0,1,0.957893987611732,0.0926581459639521,54
3,0,6,0,0,0,2,0.955578718847306,0.0631795908164936,59
3,0,6,0,1,0,0,0.969461746659818,0.16364354714693,4
3,0,6,0,1,0,1,0.963913794803872,0.171264027372543,7
3,0,6,0,1,0,2,0.959056845313934,0.179749911894864,21
3,0,3,1,1,1,0,0.917732274648777,0.863518581880416,8
3,0,3,1,1,1,1,0.890272738304364,1.19997894458981,18
3,0,5,1,1,1,0,0.96805434605618,0.358923834344537,2
3,0,5,1,1,1,1,0.956397016489134,0.523335424326622,0
3,0,5,1,1,1,2,0.941051092092369,0.628266144097889,11
3,0,6,0,0,1,0,0.973878136469401,0.153912335402655,1
3,0,6,0,0,1,1,0.968722975202032,0.232792981151504,5
3,0,6,0,0,1,2,0.959759612335228,0.201528079423646,6
3,0,3,1,0,1,2,0.844245138204188,0.899658897042511,43
3,0,3,1,1,0,0,0.886011713936045,0.899266943445312,34
3,0,3,1,1,0,1,0.861997742244695,0.905964971134607,69
3,0,3,1,1,0,2,0.840962111701412,0.815568246537963,108
3,0,3,1,1,1,2,0.855220127119438,1.42809197376253,27
3,0,4,0,0,0,0,0.898372957512171,0.300520415518748,261
3,0,4,0,0,0,1,0.890838427283793,0.226175164458491,245
3,0,4,0,0,0,2,0.885193862898779,0.152330000475442,228
3,0,3,0,1,0,0,0.874121666613353,0.612891356302523,42
3,0,3,0,1,0,1,0.853883297559154,0.62115996794437,68
3,0,3,0,1,0,2,0.836435769277303,0.633324176951926,98
3,0,3,1,0,0,0,0.861114645475595,0.725967169115972,125
3,0,3,1,0,0,1,0.844885746865735,0.603411942343407,176
3,0,3,1,0,0,2,0.830475782737542,0.447895864314992,209
3,0,3,1,0,1,0,0.902224463377415,0.666074129511361,14
3,0,3,1,0,1,1,0.876922668424452,0.981508794939844,28
3,0,3,0,0,0,0,0.84357349501112,0.442309725828373,491
3,0,3,0,0,0,1,0.832491653027703,0.331246009948582,390
3,0,3,0,0,0,2,0.824230315715419,0.221712794369289,347
3,0,3,0,0,1,0,0.889256821807237,0.571005916952907,7
3,0,3,0,0,1,1,0.870311648337694,0.822910353572303,11
3,0,3,0,0,1,2,0.838812103987342,0.707101259691701,31
3,0,3,0,1,1,0,0.909182723894614,0.678631525620848,10
3,0,3,0,1,1,1,0.885455707571916,0.952738901858066,17
3,0,3,0,1,1,2,0.847151072376188,1.02420132785747,28
3,0,2,1,0,1,0,0.850408953567785,0.958884373280809,24
3,0,2,1,0,1,1,0.814587531414867,1.36996252145147,55
3,0,2,1,0,1,2,0.769089572093339,1.25559061967449,81
3,0,2,1,1,1,0,0.873462949489376,1.25083356257093,13
3,0,2,1,1,1,1,0.834162233134261,1.69284758270951,34
3,0,2,1,1,1,2,0.784846189714468,2.00481855771365,43
3,0,-3,0,1,1,0,0.37989260582732,2.03644651231264,8
3,0,-3,0,1,1,1,0.316646667028834,2.09369313526096,12
3,0,-3,0,1,1,2,0.239504065279491,2.14249600684685,7
3,0,-1,0,0,1,0,0.53850107227072,1.55129904498845,10
3,0,-1,0,0,1,1,0.490176365585231,1.89292949918441,32
3,0,-1,0,0,1,2,0.418994317948555,1.5941555240967,62
3,0,2,1,1,0,0,0.82818882699789,1.28014851596029,45
3,0,2,1,1,0,1,0.794233835594915,1.2763466220776,92
3,0,2,1,1,0,2,0.764595824417783,1.14072086421822,131
3,0,-4,1,1,1,0,0.325456311474856,2.65651640784083,6
3,0,-4,1,1,1,1,0.255363677050585,2.61779278357825,10
3,0,-4,1,1,1,2,0.186307487451638,2.62364264356951,10
3,0,-3,0,0,0,0,0.229937259402231,0.941030127705905,621
3,0,-3,0,0,0,1,0.206604232731468,0.644466779212944,427
3,0,-3,0,0,0,2,0.190705513265062,0.384275981987856,346
3,0,-3,0,0,1,0,0.313562273064819,1.49805193486529,5
3,0,-3,0,0,1,1,0.270673766570701,1.51037832090361,11
3,0,-3,0,0,1,2,0.21504849534333,1.22802276120445,25
3,0,-3,0,1,0,0,0.291084669714281,1.538870046416,43
3,0,-3,0,1,0,1,0.246837969145396,1.31206653272634,52
3,0,-3,0,1,0,2,0.21186507043245,1.12779378049439,66
3,0,-4,1,0,0,0,0.191638729904377,1.41209590711283,85
3,0,-4,1,0,0,1,0.160582774229697,1.04512911615264,90
3,0,-4,1,0,0,2,0.136102227515604,0.677344453451173,96
3,0,-4,1,1,0,0,0.246336652843483,2.09919764855793,31
3,0,-4,1,1,0,1,0.195760372422969,1.76046231371176,32
3,0,-4,1,1,0,2,0.154995709509557,1.37415783845092,41
3,0,-4,0,0,0,0,0.157573317248412,0.768948165756754,369
3,0,-4,0,0,0,1,0.138539473067026,0.513703709759489,266
3,0,-4,0,1,0,0,0.206985380134777,1.304607465706,18
3,0,-4,0,1,0,1,0.170392462834245,1.06584251379858,32
3,0,-4,0,1,0,2,0.142273260425486,0.878604569782302,30
3,0,-4,0,1,1,0,0.281804980711181,1.81264250023062,2
3,0,-4,0,1,1,1,0.227413129055366,1.75506733908721,12
3,0,-4,0,1,1,2,0.165001656860224,1.71965866748377,7
3,0,-4,1,0,1,0,0.266053249632929,1.82339717259549,8
3,0,-4,1,0,1,1,0.211905396225712,1.72333754466943,11
3,0,-4,1,0,1,2,0.15877853176042,1.46927162115473,13
3,0,-5,1,1,1,0,0.239847809046101,2.26351138668957,2
3,0,-5,1,1,1,1,0.181710559315256,2.11429278548755,3
3,0,-5,1,1,1,2,0.127081322364119,2.02143528643785,5
3,0,-4,0,0,0,2,0.125891177606525,0.297574919929902,209
3,0,-4,0,0,1,0,0.223939235392824,1.28655275159795,2
3,0,-4,0,0,1,1,0.188281603848499,1.19932525784047,9
3,0,-4,0,0,1,2,0.144615034351573,0.952577351755208,15
3,0,-6,0,0,0,0,0.0670426042809329,0.428598759455522,143
3,0,-6,0,0,0,1,0.0564595705641256,0.27309112715828,93
3,0,-6,0,0,0,2,0.0497517766961971,0.150110099530329,67
3,0,-7,1,0,0,0,0.055668965046069,0.578095695271654,11
3,0,-7,1,0,0,1,0.0429452523468189,0.395697376522619,12
3,0,-7,1,0,0,2,0.0337424456231878,0.235706115622591,16
3,0,-7,1,0,1,0,0.0859819427380801,0.852952097702287,1
3,0,-7,1,0,1,1,0.0622911102962801,0.701679379288323,0
3,0,-7,1,0,1,2,0.0420706220711036,0.534650910975821,1
3,0,-7,1,1,0,0,0.079321788062932,0.944704029147219,4
3,0,-7,1,1,0,1,0.0573138332153942,0.71041532422889,5
3,0,-7,1,1,0,2,0.0408719892665299,0.504675227587678,9
3,0,-7,1,1,1,0,0.11681234195816,1.36944781784951,1
3,0,-7,1,1,1,1,0.0829924409048073,1.16371348394749,1
3,0,-7,1,1,1,2,0.0538675206236356,1.02017046878398,0
3,0,-7,0,0,1,0,0.0660161239796042,0.558209457223016,0
3,0,-7,0,0,1,1,0.051550273123636,0.439877147149101,3
3,0,-7,0,0,1,2,0.0362723795066813,0.31979291333463,2
3,0,-7,0,1,0,0,0.0606595740531053,0.552347066184794,2
3,0,-7,0,1,0,1,0.0459624354872008,0.402898655460108,4
3,0,-7,0,1,0,2,0.0355805325056307,0.297723651935713,6
3,0,-7,0,1,1,0,0.0917139259647544,0.866640984201766,0
3,0,-7,0,1,1,1,0.0677567295862203,0.725049851738436,1
3,0,-7,0,1,1,2,0.0442060239966619,0.62340474283766,0
3,0,-8,1,0,1,0,0.0555730342072089,0.598187547732471,1
3,0,-8,1,0,1,1,0.0392034920007103,0.473844283576413,1
3,0,-8,1,1,1,0,0.0777256173353007,0.987541623696432,0
3,0,-8,1,1,1,1,0.0536949064348203,0.803936065817305,0
3,0,-8,1,1,1,2,0.0338358906584365,0.676577442681769,0
3,0,-7,0,0,0,0,0.042002622472024,0.297508491596042,61
3,0,-7,0,0,0,1,0.0346646246030036,0.185332792048056,47
3,0,-7,0,0,0,2,0.030115444555814,0.0994237356233858,38
3,0,-10,1,1,0,0,0.0206756407667454,0.27753318902043,1
3,0,-10,1,1,0,1,0.0143879953493395,0.186958578859183,0
3,0,-10,1,1,0,2,0.0100527572244142,0.119451918964175,2
3,0,-8,1,0,0,0,0.0350620778014652,0.391208346175402,7
3,0,-8,1,0,0,1,0.0264428848765222,0.261130942870967,9
3,0,-8,1,0,0,2,0.0203853414351028,0.15134730859708,9
3,0,-8,1,0,1,2,0.0258173044442755,0.347881268628667,2
3,0,-8,1,1,0,0,0.0513018030302806,0.656676577686443,1
3,0,-8,1,1,0,1,0.0361283596879738,0.477601802903531,0
3,0,-8,1,1,0,2,0.0250698943402374,0.329206123384762,1
2,1,8,0,0,1,0,0.956291744187716,0.366419296885133,0
2,1,8,0,0,1,1,0.965732329689601,0.28375253598872,0
2,1,8,0,0,1,2,0.975540285796917,0.204119722988306,0
2,1,8,0,1,0,0,0.959698892869097,0.361983316943738,0
2,1,8,0,1,0,1,0.969285570719792,0.260256880837029,0
2,1,8,0,1,0,2,0.975977268173998,0.190141204616,0
2,1,7,1,1,0,0,0.920770074850034,0.87603184649513,0
2,1,7,1,1,0,1,0.941285428056951,0.668714501978701,1
2,1,7,1,1,0,2,0.956769266275675,0.482352139638187,2
2,1,7,1,1,1,0,0.886229443592656,1.24877938088764,0
2,1,7,1,1,1,1,0.917354030892421,1.07942082430854,0
2,1,7,1,1,1,2,0.944609017915763,0.965325248232837,1
2,1,8,0,0,0,0,0.971780528529516,0.192979913346287,2
2,1,8,0,0,0,1,0.976537423493262,0.119178932325383,2
2,1,8,0,0,0,2,0.979463038805345,0.0634325283700846,1
2,1,7,0,1,0,2,0.96171048740169,0.289172513969006,0
2,1,7,0,1,1,0,0.908804899549806,0.796376711435639,0
2,1,7,0,1,1,1,0.931088501402066,0.678943802145826,0
2,1,7,1,0,0,0,0.942816795636553,0.543477021802231,1
2,1,7,1,0,0,1,0.954781497857459,0.37650547723924,1
2,1,7,1,0,0,2,0.963548092830823,0.227636284290119,1
2,1,7,1,0,1,0,0.914277405171609,0.786317404121592,0
2,1,7,1,0,1,1,0.93634897083835,0.658367958808035,0
2,1,7,1,0,1,2,0.955587804964071,0.511937045122653,0
2,1,7,0,0,1,0,0.932633047609468,0.519847919018719,0
2,1,7,0,0,1,1,0.946255060697127,0.419986982894724,0
2,1,7,0,0,1,2,0.961017136293815,0.31125042929726,0
2,1,7,0,1,0,0,0.937920683039127,0.51650852400228,0
2,1,7,0,1,0,1,0.951786487911404,0.383450131488822,0
2,1,7,0,1,1,2,0.953523725412823,0.597217794709264,0
2,1,5,0,0,0,0,0.896329251488457,0.531832630783724,57
2,1,5,0,0,0,1,0.90948288261286,0.348891331029916,43
2,1,5,0,0,0,2,0.918067777072063,0.198482310254564,30
2,1,6,1,1,1,0,0.837667850183866,1.62101976586764,0
2,1,6,1,1,1,1,0.878749828073419,1.45920834578165,0
2,1,6,1,1,1,2,0.916108166190315,1.35433739465765,2
2,1,7,0,0,0,0,0.95570098791707,0.28222664052026,5
2,1,7,0,0,0,1,0.962666008835719,0.177899571740941,4
2,1,7,0,0,0,2,0.967035941331837,0.096859343487963,3
2,1,4,1,1,0,0,0.769354361882314,1.85023646060648,2
2,1,4,1,1,0,1,0.814038454798159,1.55202705997977,12
2,1,4,1,1,0,2,0.84999060983569,1.21341382709221,16
2,1,4,1,1,1,0,0.699523768742951,2.34268775412288,0
2,1,4,1,1,1,1,0.761499111793055,2.30375905944864,0
2,1,4,1,1,1,2,0.822521080412231,2.31228977874968,4
2,1,4,0,1,1,0,0.737893254553059,1.59310091181762,0
2,1,4,0,1,1,1,0.785829773031128,1.54560721073993,5
2,1,4,0,1,1,2,0.841140594363171,1.51874354032779,7
2,1,4,1,0,0,0,0.817541087895119,1.24677725327048,35
2,1,4,1,0,0,1,0.84498626270254,0.923572302919926,49
2,1,4,1,0,0,2,0.8666307689086,0.600488262018173,38
2,1,4,1,0,1,0,0.751663774762959,1.60161537583887,3
2,1,4,1,0,1,1,0.799493604865898,1.51957785601012,2
2,1,4,1,0,1,2,0.846592807637377,1.29886162016958,2
2,1,3,1,1,1,0,0.611919740892081,2.57790302577499,1
2,1,3,1,1,1,1,0.681938243947239,2.65905807231567,6
2,1,3,1,1,1,2,0.753805135471892,2.77633547491367,10
2,1,4,0,0,0,0,0.847588801791782,0.680292952427974,138
2,1,4,0,0,0,1,0.864435050716706,0.45548076691716,96
2,1,4,0,0,1,0,0.788522699798284,1.13093961952361,0
2,1,4,0,0,1,1,0.820037809769386,1.06538685921831,1
2,1,4,0,0,1,2,0.858939480868388,0.848658499197752,2
2,1,4,0,1,0,0,0.803771985199623,1.14957681192537,5
2,1,4,0,1,0,1,0.836154005534478,0.942140316556327,6
2,1,4,0,1,0,2,0.861060702943017,0.781715624526055,10
2,1,3,1,1,0,0,0.691010671064639,2.12975248912466,12
2,1,3,1,1,0,1,0.743160686687418,1.84615184206402,27
2,1,3,1,1,0,2,0.785953888233994,1.48324393149605,20
2,1,4,0,0,0,2,0.875656795840822,0.265163742164827,71
2,1,1,1,0,1,0,0.47266960824772,1.859857432458,10
2,1,1,1,0,1,1,0.534378173282744,2.135986612291,47
2,1,1,1,0,1,2,0.603818268640368,1.93670213808955,55
2,1,3,1,0,0,0,0.747115256246459,1.48044772350306,68
2,1,3,1,0,0,1,0.779738102313217,1.12146886982408,91
2,1,3,1,0,0,2,0.806083496736137,0.747657064492428,89
2,1,3,1,0,1,0,0.66851247913523,1.81086472119314,2
2,1,3,1,0,1,1,0.724233490378621,1.81429839042687,10
2,1,3,1,0,1,2,0.781570440067823,1.59364276844772,15
2,1,1,1,1,0,0,0.502658734265106,2.29393409739269,70
2,1,1,1,1,0,1,0.560682359941238,2.11565633012451,92
2,1,1,1,1,0,2,0.609790493182702,1.78584306491505,108
2,1,-3,1,1,0,0,0.16452171678212,1.126062843012,31
2,1,-3,1,1,0,1,0.194224935910799,1.11301838618194,50
2,1,-3,1,1,0,2,0.220068048903723,0.988495671651065,67
2,1,-2,0,0,0,0,0.298383340185412,0.688104907982683,619
2,1,-2,0,0,0,1,0.315582647801741,0.506231513718814,508
2,1,-2,0,0,0,2,0.328178657904996,0.331270612498016,453
2,1,-2,0,0,1,0,0.229583856852899,0.91929041088203,8
2,1,-2,0,0,1,1,0.259436050074562,1.24020218735869,34
2,1,-2,0,0,1,2,0.306561165938095,1.05640127168171,68
2,1,-3,1,0,1,0,0.145565545543494,0.850501310306448,8
2,1,-3,1,0,1,1,0.176930322695819,1.185952548523,30
2,1,-3,1,0,1,2,0.216239694129658,1.08625361970119,43
2,1,-3,1,1,1,0,0.124581117698634,1.11659461994388,7
2,1,-3,1,1,1,1,0.159302727031202,1.4789510345217,18
2,1,-3,1,1,1,2,0.202288016848276,1.74348612218174,32
2,1,-3,0,0,1,0,0.162742471935617,0.706123594349215,2
2,1,-3,0,0,1,1,0.185918913110723,0.979540944081053,18
2,1,-3,0,0,1,2,0.223245475233893,0.837271876973814,27
2,1,-3,0,1,1,0,0.136631209505905,0.862368934013059,9
2,1,-3,0,1,1,1,0.166364209966118,1.15421773507971,19
2,1,-3,0,1,1,2,0.212505097240436,1.24342661566965,21
2,1,-3,1,0,0,0,0.195504333289218,0.891819723440569,74
2,1,-3,1,0,0,1,0.215392042032654,0.733183787599019,91
2,1,-3,1,0,0,2,0.23285967798464,0.5374955331025,125
2,1,-5,0,0,0,0,0.103824383513396,0.282085679400616,42
2,1,-5,0,0,0,1,0.110891878471006,0.211514110821542,45
2,1,-5,0,0,0,2,0.116167010694122,0.14166750786416,56
2,1,-4,1,1,1,0,0.0849183885757611,0.798773585835977,3
2,1,-4,1,1,1,1,0.110070396028043,1.08753554467547,9
2,1,-4,1,1,1,2,0.141767021305487,1.28971263854663,13
2,1,-3,0,0,0,0,0.217094180838203,0.536876322246253,269
2,1,-3,0,0,0,1,0.230525591485416,0.397715313564042,221
2,1,-3,0,0,0,2,0.240430273585824,0.262547030489669,202
2,1,-3,0,1,0,0,0.180326313047107,0.76021172910331,27
2,1,-3,0,1,0,1,0.204955554879019,0.753670537438287,43
2,1,-3,0,1,0,2,0.225976306503747,0.752363146746035,80
2,1,-6,1,1,1,0,0.037711134917231,0.349053315218574,2
2,1,-6,1,1,1,1,0.0490356776231994,0.509268949682963,7
2,1,-6,1,1,1,2,0.0639560244389619,0.613438107696064,4
2,1,-6,0,1,1,0,0.0407617724067062,0.280983781970594,1
2,1,-6,0,1,1,1,0.0507128850037585,0.410828426101922,2
2,1,-6,0,1,1,2,0.0673015899566692,0.443236803166625,2
2,1,-6,1,0,1,0,0.0436952862094566,0.275541057459176,2
2,1,-6,1,0,1,1,0.0543787752967382,0.424007095516145,3
2,1,-6,1,0,1,2,0.0685309022204296,0.390236897358464,7
2,1,-6,1,1,0,0,0.0508417882469687,0.376891356675675,2
2,1,-6,1,1,0,1,0.0609961089983721,0.38698837852267,7
2,1,-6,1,1,0,2,0.0699820148315868,0.352991300495653,11
2,1,-6,0,0,1,2,0.070794317535252,0.310279639740392,4
2,1,-6,0,1,0,0,0.0555980468497603,0.259634691000964,1
2,1,-6,0,1,0,1,0.064287082645942,0.268149876838431,5
2,1,-6,0,1,0,2,0.0718526935432526,0.2774439537325,13
2,1,-6,1,0,0,0,0.0613428855315218,0.309805455793446,6
2,1,-6,1,0,0,1,0.068276686789584,0.260322853072181,15
2,1,-6,1,0,0,2,0.0745018642731823,0.195187585036407,21
2,1,-7,1,1,0,0,0.0336135115150132,0.230652300534732,0
2,1,-7,1,1,0,1,0.0399118586963614,0.242383417477397,3
2,1,-7,1,1,0,2,0.0455467491868748,0.225273888762377,3
2,1,-6,0,0,0,0,0.0688340221760972,0.190628114804786,19
2,1,-6,0,0,0,1,0.0736142904808547,0.144038058422257,24
2,1,-6,0,0,0,2,0.0772094668500085,0.097299739404166,40
2,1,-6,0,0,1,0,0.0488957576558874,0.242992400118969,1
2,1,-6,0,0,1,1,0.0570023350027778,0.359308442331884,1
2,1,-9,1,0,1,0,0.0155276702645661,0.0342549346944685,0
2,1,-9,1,0,1,1,0.016971420375078,0.0721745129608503,0
2,1,-9,1,0,1,2,0.0194690060168695,0.0640231153336248,1
2,1,-7,1,0,0,0,0.0400754490613159,0.19436558401731,0
2,1,-7,1,0,0,1,0.0444366013891529,0.16571087007733,5
2,1,-7,1,0,0,2,0.0484074203937008,0.126212634728195,8
2,1,-7,1,0,1,0,0.028908399436575,0.165548842659073,0
2,1,-7,1,0,1,1,0.0355214009294508,0.270364167187599,1
2,1,-7,1,0,1,2,0.0445873251108551,0.249934853078746,3
2,1,-7,1,1,1,0,0.0257493063387637,0.203807326627036,0
2,1,-7,1,1,1,1,0.0325653382411476,0.31698776455939,2
2,1,-7,1,1,1,2,0.0418935480556252,0.385568714977062,1
2,1,-9,1,0,0,0,0.0184892772968567,0.0441151856939584,0
2,1,-9,1,0,0,1,0.0195073989486195,0.0396810759291667,1
2,1,-9,1,0,0,2,0.0204825194261139,0.0322734976615726,3
2,1,-9,1,1,0,0,0.0171020804110959,0.0478277933384308,0
2,1,-9,1,1,0,1,0.0185115209290123,0.0555093522965336,1
2,1,-9,1,1,0,2,0.019786749792047,0.0553808608654251,2
2,0,8,1,0,1,0,0.987358055153199,0.0611081496487281,1
2,0,8,1,0,1,1,0.984800385758719,0.110858585903676,1
2,0,8,1,0,1,2,0.981040966380404,0.101815261374619,2
2,0,8,1,1,1,0,0.988262472782537,0.0714864451811796,0
2,0,8,1,1,1,1,0.985736112368899,0.12543084672982,0
2,0,8,1,1,1,2,0.982025431127615,0.154540344820995,0
2,0,8,0,1,1,0,0.988028873236445,0.0619332221734626,0
2,0,8,0,1,1,1,0.985747249464335,0.107516165018984,0
2,0,8,0,1,1,2,0.981343765675081,0.115212527174207,0
2,0,8,1,0,0,0,0.982847965375126,0.076706629481456,2
2,0,8,1,0,0,1,0.981115744029959,0.0670824591901203,6
2,0,8,1,0,0,2,0.979497812389946,0.0527741765262887,7
2,0,8,1,1,0,0,0.985279621262787,0.0873513858462351,1
2,0,8,1,1,0,1,0.982824930440176,0.0949860347884191,3
2,0,8,1,1,0,2,0.980613170996043,0.0909395810912122,3
2,0,6,0,1,0,2,0.948656429151236,0.212152708205431,13
2,0,8,0,0,0,0,0.981001178416375,0.0493394976699825,8
2,0,8,0,0,0,1,0.979757281146749,0.0387260656524022,10
2,0,8,0,0,0,2,0.978785992894963,0.0273663691404115,8
2,0,8,0,1,0,0,0.984523895413092,0.0626177202151137,3
2,0,8,0,1,0,1,0.982298689915124,0.0693369125580218,2
2,0,8,0,1,0,2,0.980291877789625,0.0771501860881502,6
2,0,5,1,1,1,0,0.959747375677586,0.419793076594493,3
2,0,5,1,1,1,1,0.946236661045112,0.600400694829275,3
2,0,5,1,1,1,2,0.928662497680135,0.718803477104622,4
2,0,6,0,0,1,0,0.966179328653696,0.183657775214089,0
2,0,6,0,0,1,1,0.960038757012351,0.27474721646854,2
2,0,6,0,0,1,2,0.949475943901202,0.237562936436792,3
2,0,6,0,1,0,0,0.961009969856892,0.19578685766155,3
2,0,6,0,1,0,1,0.954414784067941,0.203565466310422,9
2,0,8,0,0,1,0,0.986500910857441,0.0599096036742548,0
2,0,8,0,0,1,1,0.984461146380055,0.0988691937622342,1
2,0,8,0,0,1,2,0.980612040287505,0.0870498187640828,2
2,0,5,1,0,1,0,0.9524083866232,0.327234895976071,3
2,0,5,1,0,1,1,0.939798638744544,0.496188926875433,5
2,0,5,1,0,1,2,0.923246948644881,0.45530006012363,10
2,0,5,1,1,0,0,0.944089159006911,0.445926606725636,6
2,0,5,1,1,0,1,0.932107874073535,0.454319636903483,9
2,0,5,1,1,0,2,0.921560228177401,0.412020038507379,21
2,0,6,0,0,0,0,0.950928130681111,0.14474275637281,28
2,0,6,0,0,0,1,0.947296447648978,0.10974458917461,27
2,0,6,0,0,0,2,0.944555715795728,0.0744868603908038,28
2,0,5,0,1,0,0,0.938376315842182,0.305666207087578,1
2,0,5,0,1,0,1,0.928186779506952,0.313467669445827,11
2,0,5,0,1,0,2,0.919352819109041,0.322843389917925,25
2,0,5,1,0,0,0,0.931694142612491,0.363852490901606,19
2,0,5,1,0,0,1,0.923551759171215,0.304299595554686,29
2,0,5,1,0,0,2,0.916276660262258,0.227270837165938,48
2,0,4,1,1,0,0,0.913681674219753,0.668103927917295,8
2,0,4,1,1,0,1,0.895836843649667,0.673650866235919,22
2,0,4,1,1,0,2,0.880196089324464,0.606669693982857,37
2,0,5,0,0,0,0,0.922907481187318,0.223071558045109,55
2,0,5,0,0,0,1,0.917314872786936,0.167998093120892,53
2,0,5,0,0,0,2,0.913122322143623,0.113175357030125,68
2,0,5,0,0,1,0,0.946166885880419,0.28568973272453,3
2,0,5,0,0,1,1,0.936652646880059,0.418982850795845,1
2,0,5,0,0,1,2,0.920581810147826,0.360975126016935,9
2,0,5,0,1,1,0,0.955825210751467,0.333825832608239,2
2,0,5,0,1,1,1,0.944062428662155,0.480997320008783,4
2,0,5,0,1,1,2,0.924672019849847,0.516944782593613,3
2,0,2,1,1,1,0,0.858055754679481,1.29921049353464,13
2,0,2,1,1,1,1,0.817693434414413,1.71675938077688,32
2,0,2,1,1,1,2,0.767809658313895,2.02287818635477,44
2,0,4,1,1,1,0,0.937238384616081,0.640554267231203,0
2,0,4,1,1,1,1,0.916857089917398,0.892023728266287,10
2,0,4,1,1,1,2,0.890798632296327,1.06221462016939,12
2,0,2,1,0,0,0,0.775671768617098,1.03525929330736,147
2,0,2,1,0,0,1,0.752587956065004,0.850717084142218,226
2,0,2,1,0,0,2,0.732322993533327,0.623373283470658,268
2,0,2,1,1,0,0,0.81165123502329,1.30821567950183,35
2,0,2,1,1,0,1,0.777161279962725,1.29185835564127,94
2,0,2,1,1,0,2,0.74716387376155,1.14673581770893,122
2,0,-2,1,0,1,0,0.471704417936122,1.97220714245006,16
2,0,-2,1,0,1,1,0.407964061989686,2.16202505585587,36
2,0,-2,1,0,1,2,0.338184334695796,1.95067642786417,44
2,0,2,0,1,0,0,0.793245215943811,0.882883803273048,44
2,0,2,0,1,0,1,0.764668048647945,0.874398701997513,85
2,0,2,0,1,0,2,0.74028826124375,0.872050487348286,141
2,0,2,0,1,1,0,0.844010943732055,1.00259168102414,12
2,0,2,0,1,1,1,0.809462781025032,1.33886569510336,38
2,0,2,0,1,1,2,0.755951986245225,1.44288876713252,48
2,0,2,1,0,1,0,0.833602094943334,0.989083404682404,17
2,0,2,1,0,1,1,0.797177687719752,1.37545156578394,50
2,0,2,1,0,1,2,0.751596673423776,1.25988963703659,59
2,0,-2,1,0,0,0,0.378614224796263,1.73670534972823,228
2,0,-2,1,0,0,1,0.340255096453681,1.35496209707842,249
2,0,-2,1,0,0,2,0.308306129046184,0.934273710230638,229
2,0,-2,1,1,0,0,0.44252921933329,2.3908425477164,36
2,0,-2,1,1,0,1,0.38269730117275,2.16728171384124,78
2,0,-2,1,1,0,2,0.332403407185358,1.80496209112134,78
2,0,-2,0,0,0,0,0.336388328007281,0.990136886875426,905
2,0,-2,0,0,0,1,0.311776368679197,0.695696556625621,614
2,0,-2,0,0,0,2,0.294565686697971,0.428745002097461,480
2,0,-2,0,1,0,0,0.401694077036668,1.55148972782783,46
2,0,-2,0,1,0,1,0.355584419054123,1.38487970435035,64
2,0,-2,0,1,0,2,0.31817249778159,1.24853727708581,77
2,0,-2,0,1,1,0,0.491517976105409,1.95264424982097,15
2,0,-2,0,1,1,1,0.428628621982363,2.15024147023221,23
2,0,-2,0,1,1,2,0.346379448962928,2.27822129119374,24
2,0,-4,0,0,1,0,0.240466624901114,1.23593003622536,1
2,0,-4,0,0,1,1,0.205780732129533,1.18546292660339,6
2,0,-4,0,0,1,2,0.162393311883183,0.949403106025814,10
2,0,-4,0,1,0,0,0.223312530350407,1.25977116451853,13
2,0,-4,0,1,0,1,0.187633553072148,1.0431713616944,15
2,0,-4,0,1,0,2,0.159994582561187,0.873756580045486,21
2,0,-2,0,0,1,0,0.427788748266867,1.48267105701959,3
2,0,-2,0,0,1,1,0.383440177871732,1.64964441804329,19
2,0,-2,0,0,1,2,0.321983323947351,1.36802114901443,37
2,0,-5,1,1,0,0,0.189572041727361,1.67737253262487,5
2,0,-5,1,1,0,1,0.149426816019668,1.37441936992345,9
2,0,-5,1,1,0,2,0.117600939032818,1.05333581703654,11
2,0,-5,1,1,1,0,0.253593402390797,2.19070050027337,0
2,0,-5,1,1,1,1,0.196638304189936,2.08532364950761,3
2,0,-5,1,1,1,2,0.142163669193131,2.03320053026394,4
2,0,-4,0,0,0,0,0.174766629643653,0.751916787761624,232
2,0,-4,0,0,0,1,0.156140040383355,0.506454021848382,155
2,0,-4,0,0,0,2,0.143658174840024,0.296752930944831,112
2,0,-5,0,1,0,0,0.157822822986736,1.02841464137373,7
2,0,-5,0,1,0,1,0.129250675985082,0.821900625122252,5
2,0,-5,0,1,0,2,0.107650256565963,0.665188811549871,5
2,0,-5,1,0,0,0,0.146249798593295,1.1060709988132,27
2,0,-5,1,0,0,1,0.121913267979428,0.806037737929305,31
2,0,-5,1,0,0,2,0.103054018086337,0.514580518118181,38
2,0,-5,1,0,1,0,0.204536383503767,1.46815024927773,0
2,0,-5,1,0,1,1,0.161514351130345,1.34614338798965,3
2,0,-5,1,0,1,2,0.120442718908602,1.12471217143103,3
2,0,-5,0,0,1,0,0.170556510456608,1.01880275907805,1
2,0,-5,0,0,1,1,0.142668327807819,0.918394819778669,3
2,0,-5,0,0,1,2,0.109394623875808,0.72034707713959,3
2,0,-5,0,1,1,0,0.216536678110155,1.46611786010118,3
2,0,-5,0,1,1,1,0.173288983416283,1.37367697606816,3
2,0,-5,0,1,1,2,0.125131116255054,1.31475843551839,9
2,0,-6,1,1,1,0,0.184791929568655,1.79876969276859,1
2,0,-6,1,1,1,1,0.139001939704651,1.63730852872239,2
2,0,-6,1,1,1,2,0.0969376855792576,1.53420075989482,0
2,0,-5,0,0,0,0,0.11968893632841,0.595831143985154,116
2,0,-5,0,0,0,1,0.10494808025415,0.392986418358372,77
2,0,-5,0,0,0,2,0.0952758624450409,0.224846921935245,64
2,0,-8,1,1,0,0,0.0611188488612555,0.712479868741242,1
2,0,-8,1,1,0,1,0.0445451857428529,0.531022082356484,2
2,0,-8,1,1,0,2,0.0322479637305751,0.374859140701541,3
2,0,-8,1,1,1,0,0.0894923513352838,1.04348855520848,0
2,0,-8,1,1,1,1,0.0637963801901684,0.874836163719864,0
2,0,-8,1,1,1,2,0.0419462579740844,0.759531121526114,1
2,0,-6,1,1,0,0,0.133579994209585,1.32141319742995,4
2,0,-6,1,1,0,1,0.102290336590933,1.04821264900288,8
2,0,-6,1,1,0,2,0.0780229148982222,0.781527965129116,5
2,0,-8,0,1,1,0,0.0703211673909386,0.655745223080404,0
2,0,-8,0,1,1,1,0.0522737438796721,0.542509663620292,0
2,0,-8,0,1,1,2,0.034717913609374,0.462895247912164,0
2,0,-8,1,0,0,0,0.043344246348901,0.433299056176802,3
2,0,-8,1,0,0,1,0.0338015172186427,0.294857907972257,4
2,0,-8,1,0,0,2,0.026948851290894,0.174767017595997,3
2,0,-8,1,0,1,0,0.0660753324002551,0.644345578700367,0
2,0,-8,1,0,1,1,0.0482178732284093,0.5248143274638,2
2,0,-8,1,0,1,2,0.0331334318187463,0.397007437870451,1
1,1,9,1,0,0,0,0.970113508666938,0.280797166377308,0
1,1,9,1,0,0,1,0.976300047223676,0.188560110849573,0
2,0,-8,0,0,1,0,0.0510048026609026,0.419485871921452,0
2,0,-8,0,0,1,1,0.0401653341055879,0.327468480390012,0
2,0,-8,0,0,1,2,0.0288147174287164,0.236876732167074,0
2,0,-8,0,1,0,0,0.0470416119563202,0.41478347552228,1
2,0,-8,0,1,0,1,0.0360305845330009,0.300143943050479,2
2,0,-8,0,1,0,2,0.0283044769699113,0.220572257221,1
1,1,9,0,1,0,0,0.967820151531763,0.270300819495032,0
1,1,9,0,1,0,1,0.974933852765209,0.191820495275774,0
1,1,9,0,1,0,2,0.979850384586255,0.138174325799218,0
1,1,9,0,1,1,0,0.952694727980807,0.434972013185046,0
1,1,9,0,1,1,1,0.964528797484912,0.351948777671602,0
1,1,9,0,1,1,2,0.975738906850424,0.29385602840096,0
1,1,9,1,0,0,2,0.980674581488086,0.110124373959182,0
1,1,9,1,0,1,0,0.955402018896165,0.42604547965229,0
1,1,9,1,0,1,1,0.967102313620688,0.339849065235185,0
1,1,9,1,0,1,2,0.976747179051638,0.251894083920887,0
1,1,9,0,0,1,0,0.965377438571213,0.27433556447573,0
1,1,9,0,0,1,1,0.97239172198675,0.208774854802347,0
1,1,9,0,0,1,2,0.979541567783884,0.14808734307124,0
1,1,7,0,0,0,0,0.946918392060198,0.301761044654094,0
1,1,7,0,0,0,1,0.954370757031847,0.192660752510902,0
1,1,7,0,0,0,2,0.959106639648604,0.1065075479751,0
1,1,7,0,0,1,0,0.921925838121945,0.544510253605118,0
1,1,7,0,0,1,1,0.936370705878982,0.452690861213613,0
1,1,7,0,0,1,2,0.952465273620224,0.341931120722411,0
1,1,7,0,1,0,0,0.927816014218939,0.543461076933249,0
1,1,7,0,1,0,1,0.942548531249663,0.411550323997453,0
1,1,7,0,1,0,2,0.953249216314092,0.31702255945566,0
1,1,9,0,0,0,0,0.976721924745212,0.142614513275228,0
1,1,9,0,0,0,1,0.980234747161723,0.0873373201836902,0
1,1,9,0,0,0,2,0.982377852734097,0.0459999436697549,0
1,1,6,1,0,0,0,0.901938868971034,0.772278074240561,0
1,1,6,1,0,0,1,0.918939905169464,0.553239741225014,0
1,1,6,1,0,0,2,0.931865268936231,0.347265829321874,0
1,1,6,1,0,1,0,0.861255933436065,1.05565515651598,0
1,1,6,1,0,1,1,0.891763777003623,0.937074374564598,0
1,1,6,1,0,1,2,0.920010899790403,0.765408446283338,0
1,1,6,1,1,0,0,0.871334842188967,1.19625052182037,0
1,1,6,1,1,0,1,0.899763559317725,0.955804716306916,0
1,1,6,1,1,0,2,0.921899939098101,0.717998691915648,0
1,1,6,1,1,1,0,0.825107879772932,1.61452117755822,0
1,1,6,1,1,1,1,0.866456760154304,1.48111630298325,0
1,1,6,1,1,1,2,0.904741467311967,1.40186134711318,0
1,1,6,0,0,1,0,0.885740159514356,0.719901043737418,0
1,1,6,0,0,1,1,0.905178618447077,0.625172969078656,0
1,1,6,0,1,1,0,0.853115197096865,1.05897373155465,0
1,1,6,0,1,1,1,0.883808393760965,0.958877002498314,0
1,1,6,0,1,1,2,0.916864334496072,0.893849969823744,0
1,1,5,1,1,1,0,0.763362536992209,1.95190951931416,0
1,1,5,1,1,1,1,0.81431061206473,1.86272670088216,0
1,1,5,1,1,1,2,0.863187185246141,1.82503599129537,0
1,1,6,0,0,0,0,0.92039574709045,0.411064200336848,0
1,1,6,0,0,0,1,0.930558183834487,0.267230797452518,0
1,1,6,0,0,0,2,0.937132500244066,0.150722256722544,0
1,1,6,0,0,1,2,0.927692946981629,0.483303549572092,0
1,1,6,0,1,0,0,0.894206581665491,0.723133765655552,0
1,1,6,0,1,0,1,0.91408521814826,0.563944225845427,0
1,1,6,0,1,0,2,0.928840413937642,0.446954530226972,0
1,1,3,1,1,0,0,0.680887257218905,2.02689816199211,0
1,1,3,1,1,0,1,0.730684677635911,1.76484382947509,0
1,1,3,1,1,0,2,0.771600367795654,1.42369584255759,0
1,1,5,1,1,0,0,0.820570399091554,1.49987661490063,0
1,1,5,1,1,0,1,0.856563912363903,1.2328424549063,0
1,1,5,1,1,0,2,0.885121302613966,0.948464993335442,0
1,1,3,1,0,1,0,0.658961779350695,1.71482697611598,0
1,1,3,1,0,1,1,0.712142912009633,1.73807152989731,0
1,1,3,1,0,1,2,0.767319722556691,1.53155885189404,0
1,1,3,1,1,1,0,0.605648020186953,2.43942703683772,0
1,1,3,1,1,1,1,0.672245566796463,2.53129266530442,0
1,1,3,1,1,1,2,0.740993482617687,2.65802609748105,0
1,1,3,0,0,1,0,0.697852952114168,1.24669159433203,0
1,1,3,0,0,1,1,0.733825724507943,1.27530976914749,0
1,1,3,0,0,1,2,0.780933246091915,1.03827520905763,0
1,1,3,0,1,0,0,0.717135225530792,1.28544969694749,0
1,1,3,0,1,0,1,0.754318902512799,1.09879975324425,0
1,1,3,0,1,0,2,0.783689943247809,0.95159718648565,0
1,1,3,0,1,1,0,0.643130800399841,1.6998194699878,0
1,1,3,0,1,1,1,0.696019585722771,1.74860028992338,0
1,1,3,0,1,1,2,0.760923466484438,1.78870978950255,0
1,1,3,1,0,0,0,0.734349518714828,1.41590886293289,0
1,1,3,1,0,0,1,0.765572773455982,1.07600867104122,0
1,1,3,1,0,0,2,0.790868610331666,0.720742326452182,0
1,1,3,0,0,0,0,0.768612166285301,0.789562216503544,0
1,1,3,0,0,0,1,0.788201950738179,0.541696693176824,0
1,1,3,0,0,0,2,0.801576574267613,0.324896043475376,0
1,1,-1,0,0,1,0,0.323530438072536,1.09585819939889,13
1,1,-1,0,0,1,1,0.35840677413641,1.40565310316783,50
1,1,-1,0,0,1,2,0.411546782957922,1.18915048770143,117
1,1,-1,0,1,0,0,0.347688545073333,1.17194861469919,63
1,1,-1,0,1,0,1,0.384439072535707,1.11697427368507,141
1,1,-1,0,1,0,2,0.415223958239297,1.07450369802591,245
1,1,-1,0,1,1,0,0.280018431887243,1.38510149094974,26
1,1,-1,0,1,1,1,0.326577371664532,1.70943950156133,71
1,1,-1,0,1,1,2,0.394179468149616,1.84170679047124,86
1,1,-3,0,0,0,0,0.231462169486809,0.54098956832827,30
1,1,-3,0,0,0,1,0.244989579386166,0.399159834840903,81
1,1,-3,0,0,0,2,0.254925154758936,0.26218056516031,128
1,1,-3,0,1,0,0,0.194521905776497,0.771958268634882,9
1,1,-3,0,1,0,1,0.219366877068255,0.759273431192808,31
1,1,-3,0,1,0,2,0.240491187045408,0.75218016840089,60
1,1,-1,0,0,0,0,0.401487589930537,0.796732000652015,292
1,1,-1,0,0,0,1,0.421371498047749,0.578833250337873,443
1,1,-1,0,0,0,2,0.435751743789159,0.372859732464334,588
1,1,-4,1,1,0,2,0.169352644156692,0.761350472091507,17
1,1,-4,1,1,1,0,0.0962741158223412,0.846744080589471,2
1,1,-4,1,1,1,1,0.122731248139112,1.13426828444813,3
1,1,-4,1,1,1,2,0.155732651450933,1.34085296808739,3
1,1,-3,0,0,1,0,0.17707947201073,0.717810555955665,1
1,1,-3,0,0,1,1,0.200500978660366,0.980230884796033,7
1,1,-3,0,0,1,2,0.237793018904239,0.836117949579623,18
1,1,-4,0,1,1,0,0.105246308900833,0.657281211288754,0
1,1,-4,0,1,1,1,0.127973236140526,0.888625891766482,1
1,1,-4,0,1,1,2,0.163536685301175,0.95738692584025,4
1,1,-4,1,0,0,0,0.150471559069425,0.684628143333148,5
1,1,-4,1,0,0,1,0.165744507055412,0.564283837590871,14
1,1,-4,1,0,1,0,0.112057456373623,0.647718082151573,3
1,1,-4,1,0,1,1,0.136078636140256,0.913546169015576,8
1,1,-4,1,0,1,2,0.166383390198627,0.837221230271839,10
1,1,-4,1,1,0,0,0.126749724470193,0.860686897229138,4
1,1,-4,1,1,0,1,0.149508575618116,0.854686884673618,6
1,1,-4,0,0,1,0,0.125053552103328,0.541097058439577,0
1,1,-4,0,0,1,1,0.142859085961004,0.756776604059212,4
1,1,-4,0,0,1,2,0.171721566278942,0.64760161894584,6
1,1,-4,0,1,0,0,0.138700789886742,0.582478899090331,1
1,1,-4,0,1,0,1,0.157641361759592,0.580210123869973,11
1,1,-4,0,1,0,2,0.173845400530283,0.581582821939409,28
1,1,-4,1,0,0,2,0.179194293963393,0.414723369161412,32
1,1,-5,1,1,0,0,0.087999428429856,0.61589481531897,2
1,1,-5,1,1,0,1,0.104398666349204,0.619403291189083,3
1,1,-5,1,1,0,2,0.118779725984593,0.556585511490456,6
1,1,-5,1,1,1,0,0.0663123001955979,0.592669509135957,0
1,1,-5,1,1,1,1,0.0850856212601573,0.819253234438742,1
1,1,-5,1,1,1,2,0.108986563440608,0.975660484826969,4
1,1,-4,0,0,0,0,0.167043106185531,0.413181387261795,13
1,1,-4,0,0,0,1,0.177382657818288,0.306793326227496,20
1,1,-4,0,0,0,2,0.185024889213384,0.203066688854893,59
1,1,-7,1,0,1,0,0.0358404116402805,0.188209338635291,0
1,1,-7,1,0,1,1,0.0433251421784742,0.304687972796323,0
1,1,-7,1,0,1,2,0.0535334499262153,0.281892132043149,0
1,1,-7,1,1,1,0,0.0322004700222583,0.232113591399029,0
1,1,-7,1,1,1,1,0.0399358188484902,0.358171740927838,1
1,1,-7,1,1,1,2,0.0504684009330022,0.435419049039307,1
1,1,-7,0,1,1,0,0.0337581945464807,0.192244635694244,0
1,1,-7,0,1,1,1,0.0406725969103948,0.294861625064224,0
1,1,-7,0,1,1,2,0.0526472929885912,0.319914999562978,0
1,1,-7,1,0,0,0,0.0484299462805929,0.219788807385737,0
1,1,-7,1,0,0,1,0.0533585248701355,0.187126801407888,2
1,1,-7,1,0,0,2,0.0578401114023946,0.14227622599082,2
1,1,-7,1,1,0,0,0.0411106093057179,0.261454678795556,0
1,1,-7,1,1,0,1,0.0482356023180767,0.274072396630352,0
1,1,-7,1,1,0,2,0.0546081185538747,0.2542949777384,2
1,1,-7,0,0,0,0,0.053752769825791,0.136906852527054,0
1,1,-7,0,0,0,1,0.0571897318727342,0.10460054087593,0
1,1,-7,0,0,0,2,0.0598037775007197,0.0714741822636892,4
1,1,-7,0,0,1,0,0.0392193669272827,0.172047755586451,0
1,1,-7,0,0,1,1,0.0449909142199367,0.261929642489061,0
1,1,-7,0,1,0,0,0.0441859356098427,0.182744088752787,0
1,1,-7,0,1,0,1,0.050395667951438,0.192881233448211,0
1,1,-7,0,1,0,2,0.0558691221672711,0.203323718277269,1
1,0,10,0,0,1,0,0.987739512607719,5.03646586849525e-15,0
1,0,10,0,0,1,1,0.987739512607719,3.66050371812905e-15,0
1,0,10,0,0,1,2,0.987739512607719,4.42206151985054e-15,0
1,1,-8,1,1,0,0,0.0291390189166389,0.142237419120508,0
1,1,-8,1,1,0,1,0.0331279622218585,0.154262062527857,0
1,1,-8,1,1,0,2,0.0367216293862366,0.147476136878254,1
1,1,-8,1,1,1,0,0.0242845094127925,0.116970090637497,0
1,1,-8,1,1,1,1,0.0284052358203,0.203462333873857,0
1,1,-8,1,1,1,2,0.0344190182201643,0.250703417931928,0
1,1,-7,0,0,1,2,0.0550801563289879,0.227774945977326,1
1,0,8,0,1,0,0,0.979530791512265,0.0757420541361301,0
1,0,8,0,1,0,1,0.976843529149861,0.0837720403027188,0
1,0,8,0,1,0,2,0.974420863147362,0.0930304674097917,0
1,0,10,0,0,0,0,0.987739512607719,2.23431575879906e-15,0
1,0,10,0,0,0,1,0.987739512607719,2.23411800392026e-15,0
1,0,10,0,0,0,2,0.987739512607719,5.3403341783156e-15,1
1,0,10,0,1,0,0,0.987739512607719,2.25662380573478e-15,0
1,0,10,0,1,0,1,0.987739512607719,4.62584853186088e-15,0
1,0,10,0,1,0,2,0.987739512607719,5.15546126984115e-15,0
1,0,7,1,1,1,0,0.978093928436285,0.175429204565298,0
1,0,7,1,1,1,1,0.972222983709871,0.27326501882656,0
1,0,7,1,1,1,2,0.964180334020039,0.332420460134409,0
1,0,8,0,0,1,0,0.981906876591012,0.0724432789130101,0
1,0,8,0,0,1,1,0.979441580716904,0.119144969625692,0
1,0,8,0,0,1,2,0.974805107746378,0.104914211596914,0
1,0,7,0,1,1,0,0.976935397601725,0.145628717792647,1
1,0,7,0,1,1,1,0.971687723886638,0.225532770234995,0
1,0,7,0,1,1,2,0.962520538912234,0.24407711190571,0
1,0,7,1,0,1,0,0.975380857847959,0.142566953613643,0
1,0,7,1,0,1,1,0.969681849983179,0.23319040897808,0
1,0,7,1,0,1,2,0.961861247819626,0.21553506407857,1
1,0,7,1,1,0,0,0.971317989333121,0.198715599418767,0
1,0,7,1,1,0,1,0.965889621644349,0.208921504004892,0
1,0,7,1,1,0,2,0.961032790285891,0.194236440523581,0
1,0,8,0,0,0,0,0.975280083425017,0.0596026573866225,0
1,0,8,0,0,0,1,0.973777729463114,0.0467453932975636,0
1,0,8,0,0,0,2,0.972605524456925,0.0329902143274891,2
1,0,7,0,1,0,0,0.969022580181534,0.139041228909181,0
1,0,7,0,1,0,1,0.964277686284602,0.147333107771605,0
1,0,7,0,1,0,2,0.960089761547534,0.155999410598453,0
1,0,7,1,0,0,0,0.965749947042843,0.167530454517842,0
1,0,7,1,0,0,1,0.961990475138782,0.142869422673042,0
1,0,7,1,0,0,2,0.958566637948471,0.108851341278542,4
1,0,6,1,1,0,0,0.956389173852082,0.326314694843359,0
1,0,6,1,1,0,1,0.947592340880022,0.335323921182298,2
1,0,6,1,1,0,2,0.939806214535113,0.306048981870843,5
1,0,7,0,0,0,0,0.961697688544783,0.104603760434642,0
1,0,7,0,0,0,1,0.959070684753888,0.0800773420925581,2
1,0,7,0,0,0,2,0.957068782650159,0.0548777700888935,2
1,0,7,0,0,1,0,0.972856068491866,0.131133640782673,0
1,0,7,0,0,1,1,0.968452143389752,0.201052934538125,0
1,0,7,0,0,1,2,0.96070033236736,0.174914747489548,0
1,0,4,1,0,1,2,0.867763414846715,0.712051750575901,9
1,0,4,1,1,1,0,0.926569609325837,0.699335742433956,1
1,0,4,1,1,1,1,0.904504597012248,0.956240825537668,2
1,0,4,1,1,1,2,0.87662105878083,1.13491455797042,9
1,0,6,1,1,1,0,0.967756265147579,0.301742933852038,0
1,0,6,1,1,1,1,0.957955596242503,0.441298409487699,0
1,0,6,1,1,1,2,0.945023421025338,0.531713772711883,2
1,0,4,1,0,0,0,0.881193495841827,0.577970720506118,5
1,0,4,1,0,0,1,0.868285849034639,0.478612432502008,14
1,0,4,1,0,0,2,0.856866218740948,0.353662612100717,35
1,0,4,1,1,0,0,0.901108631312055,0.720704087785286,2
1,0,4,1,1,0,1,0.881950265534379,0.721479141232129,10
1,0,4,1,1,0,2,0.865198924199104,0.646434230297682,22
1,0,4,0,0,0,0,0.86721605864459,0.350628716672899,17
1,0,4,0,0,0,1,0.858436161812851,0.261576423764528,33
1,0,4,0,0,0,2,0.851916084212973,0.174191116545258,71
1,0,4,0,1,0,0,0.891356675778847,0.489679723188089,3
1,0,4,0,1,0,1,0.875300849556764,0.492430421138707,9
1,0,4,0,1,0,2,0.861505687144767,0.498179974797126,16
1,0,4,0,1,1,0,0.919421915037006,0.546867371292217,0
1,0,4,0,1,1,1,0.90039897036382,0.75472522146453,3
1,0,4,0,1,1,2,0.870118689628588,0.812274659836337,9
1,0,4,1,0,1,0,0.91378376465325,0.5377803059371,0
1,0,4,1,0,1,1,0.893581974460658,0.776791733614674,4
1,0,3,1,1,1,0,0.891576362683979,0.985976638881536,2
1,0,3,1,1,1,1,0.86083484227978,1.31320546824563,11
1,0,3,1,1,1,2,0.822640475105789,1.54990929562045,20
1,0,4,0,0,1,0,0.903163117249254,0.455370588027373,0
1,0,4,0,0,1,1,0.888103989672886,0.647714204768702,1
1,0,4,0,0,1,2,0.863351983651399,0.55553366217125,8
1,0,0,0,0,0,0,0.547820059630727,0.879082354974062,7179
1,0,0,0,0,0,1,0.525891473607989,0.636394731721886,4785
1,0,0,0,0,0,2,0.510088979529658,0.407966150497783,3525
1,0,3,1,0,1,0,0.87313799513152,0.752082390843516,2
1,0,3,1,0,1,1,0.845305362001783,1.05561014771373,17
1,0,3,1,0,1,2,0.810296975368358,0.966917663962406,23
1,0,3,1,1,0,0,0.85619578053566,0.998022980682778,8
1,0,3,1,1,0,1,0.829830640223017,0.988697208753507,25
1,0,3,1,1,0,2,0.806874308577582,0.879481563117803,53
1,0,-3,1,1,1,0,0.434585421115375,2.5505829338351,5
1,0,-3,1,1,1,1,0.364344369086554,2.69093378569771,10
1,0,-3,1,1,1,2,0.290839026267929,2.85903092604336,9
1,0,-2,0,0,1,0,0.433309501711407,1.38599235498247,5
1,0,-2,0,0,1,1,0.39176006235122,1.54864289272994,14
1,0,-2,0,0,1,2,0.334027645789017,1.28377955110874,16
1,0,-2,0,1,0,0,0.408701635297565,1.45183059980822,35
1,0,-2,0,1,0,1,0.36547254575414,1.2963858253307,43
1,0,-2,0,1,0,2,0.330423313604675,1.17081862971101,61
1,0,0,0,0,1,0,0.633256112057116,1.21986857504833,52
1,0,0,0,0,1,1,0.594680949108394,1.54076918335216,168
1,0,0,0,0,1,2,0.536526071710816,1.30106728161399,256
1,0,-3,1,1,0,0,0.355144399103339,2.15111622659281,21
1,0,-3,1,1,0,1,0.302059827034994,1.89265025423684,29
1,0,-3,1,1,0,2,0.258174002872832,1.53930757630808,25
1,0,-2,0,0,0,0,0.347462680124682,0.927477170180625,653
1,0,-2,0,0,0,1,0.324403659832075,0.651777331334373,433
1,0,-2,0,0,0,2,0.308275640709217,0.402259796262646,319
1,0,-3,0,1,0,0,0.317061585761452,1.37232475371127,15
1,0,-3,0,1,0,1,0.27710520713704,1.18593479945221,27
1,0,-3,0,1,0,2,0.245323443680891,1.03742040202382,33
1,0,-3,1,0,0,0,0.298195591847283,1.5175372391535,79
1,0,-3,1,0,0,1,0.26472087732767,1.16107232927673,85
1,0,-3,1,0,0,2,0.237405134844008,0.783400251944926,72
1,0,-3,1,0,1,0,0.379121725671431,1.80937432805763,9
1,0,-3,1,0,1,1,0.322464543526192,1.86850194903797,14
1,0,-3,1,0,1,2,0.262873552629573,1.65777534584359,17
1,0,-3,0,0,0,0,0.261426056675985,0.850938401638707,316
1,0,-3,0,0,0,1,0.240304080850613,0.587362151991866,213
1,0,-3,0,0,0,2,0.225795359566705,0.354692813226277,147
1,0,-3,0,0,1,0,0.338244537253699,1.32616251422591,5
1,0,-3,0,0,1,1,0.299643408546357,1.38510848927435,7
1,0,-3,0,0,1,2,0.248368534842349,1.13309509083885,10
1,0,-3,0,1,1,0,0.39617971057546,1.79253578306006,2
1,0,-3,0,1,1,1,0.339933299109638,1.87458326226525,4
1,0,-3,0,1,1,2,0.269800915782156,1.93590525779138,8
1,0,-4,1,1,1,0,0.34543385903799,2.39492436822588,1
1,0,-4,1,1,1,1,0.281134056305748,2.41453462641561,1
1,0,-4,1,1,1,2,0.216380076812871,2.47753952268737,3
1,0,-6,1,0,0,0,0.112521686779615,0.864200698179515,4
1,0,-6,1,0,0,1,0.0934986536066915,0.622365187328786,2
1,0,-6,1,0,0,2,0.0789509513097582,0.392799129407217,3
1,0,-6,1,1,0,0,0.146642585498189,1.32997901952028,1
1,0,-6,1,1,0,1,0.114962741063395,1.07075929333121,0
1,0,-6,1,1,0,2,0.0901648450668291,0.809372070209583,1
1,0,-6,1,1,1,0,0.197855463895879,1.77772554014908,1
1,0,-6,1,1,1,1,0.152116558368274,1.6485025936968,0
1,0,-6,1,1,1,2,0.109354133955121,1.57454546814101,1
1,0,-4,1,1,0,0,0.272885751434661,1.93707945452478,6
1,0,-4,1,1,0,1,0.225718594565583,1.65416579244043,12
1,0,-4,1,1,0,2,0.187385450112313,1.31312712962808,12
1,0,-6,0,1,0,0,0.121304588250236,0.807354454270591,2
1,0,-6,0,1,0,1,0.0990316695420606,0.634488348685694,2
1,0,-6,0,1,0,2,0.0824051082458894,0.506405960375231,3
1,0,-6,0,1,1,0,0.167244205126329,1.17264261042655,0
1,0,-6,0,1,1,1,0.133070770637771,1.0726587677195,0
1,0,-6,0,1,1,2,0.095875361502883,1.00841941852817,0
1,0,-6,1,0,1,0,0.158061885763854,1.17047823633557,0
1,0,-6,1,0,1,1,0.124080500663855,1.04934104762833,0
1,0,-6,1,0,1,2,0.0923143359374305,0.863330644327308,0
1,0,-7,1,1,1,0,0.143098645771025,1.42021341413346,0
1,0,-7,1,1,1,1,0.107191640839809,1.26684649135331,1
1,0,-7,1,1,1,2,0.0748026094356084,1.16819615272128,1
1,0,-6,0,0,1,0,0.13093837668646,0.802414098541032,0
1,0,-6,0,0,1,1,0.109172948325992,0.705232939165652,1
1,0,-6,0,0,1,2,0.0837161193249672,0.547906441400162,1
1,0,-7,1,0,1,0,0.111247798775433,0.912307899667335,0
1,0,-7,1,0,1,1,0.0852427164467306,0.787683029293015,0
1,0,-7,1,0,1,2,0.0618228539809821,0.629566526332463,0
1,0,-7,1,1,0,0,0.103097965842573,1.02547185766739,1
1,0,-7,1,1,0,1,0.078894022141589,0.802257746324949,1
1,0,-7,1,1,0,2,0.0603147638802605,0.591758045205321,0
1,0,-6,0,0,0,0,0.0918399060153446,0.461749023169623,20
1,0,-6,0,0,0,1,0.0804213939747267,0.30156866087079,14
1,0,-6,0,0,0,2,0.073000948689953,0.170919720794339,14
1,0,-7,1,0,0,0,0.0770621613391827,0.649972309214626,4
1,0,-7,1,0,0,1,0.0627535970652736,0.458611418469926,3
1,0,-7,1,0,0,2,0.0520555211238941,0.283103802029359,2
